,,BTC
,close,daily_return
time,,
2013-04-29,141.96,0.049223947
2013-04-30,135.3,-0.046914624
2013-05-01,117,-0.135254989
2013-05-02,103.43,-0.115982906
2013-05-03,91.01,-0.120081214
2013-05-04,111.25,0.222393144
2013-05-05,116.79,0.049797753
2013-05-06,118.33,0.01318606
2013-05-07,106.4,-0.100819741
2013-05-08,112.64,0.058646617
2013-05-09,113,0.003196023
2013-05-10,118.78,0.051150442
2013-05-11,113.01,-0.048577202
2013-05-12,114.71,0.015042917
2013-05-13,117.18,0.02153256
2013-05-14,114.5,-0.022870797
2013-05-15,114.16,-0.002969432
2013-05-16,115.5,0.011737912
2013-05-17,123.1,0.065800866
2013-05-18,123.88,0.006336312
2013-05-19,120.5,-0.027284469
2013-05-20,122.58,0.017261411
2013-05-21,122.9,0.00261054
2013-05-22,123,0.00081367
2013-05-23,125.75,0.022357724
2013-05-24,131.7,0.047316103
2013-05-25,130.77,-0.007061503
2013-05-26,134.6,0.029288063
2013-05-27,128.99,-0.041679049
2013-05-28,129.18,0.001472982
2013-05-29,132.13,0.022836352
2013-05-30,127.4,-0.035798078
2013-05-31,127.98,0.00455259
2013-06-01,129.09,0.00867323
2013-06-02,121.3,-0.060345495
2013-06-03,121.16,-0.001154163
2013-06-05,121.31,0.001238032
2013-06-06,121.71,0.003297337
2013-06-07,119,-0.022266042
2013-06-08,110.09,-0.07487395
2013-06-09,108.4,-0.015351076
2013-06-10,99.75,-0.079797048
2013-06-11,105.99,0.062556391
2013-06-12,108.9,0.02745542
2013-06-13,108.4,-0.004591368
2013-06-14,102.77,-0.051937269
2013-06-15,98.4,-0.042522137
2013-06-16,99.99,0.016158537
2013-06-17,100.42,0.00430043
2013-06-18,102,0.015733918
2013-06-19,106.55,0.044607843
2013-06-20,107.9,0.012670108
2013-06-21,110.91,0.0278962
2013-06-22,109.02,-0.017040844
2013-06-23,107.25,-0.016235553
2013-06-24,108,0.006993007
2013-06-25,102.44,-0.051481481
2013-06-26,103.69,0.012202265
2013-06-27,103.39,-0.002893239
2013-06-28,99.66,-0.03607699
2013-06-29,93.33,-0.063515954
2013-06-30,95.39,0.022072217
2013-07-01,97.5,0.022119719
2013-07-02,89.49,-0.082153846
2013-07-03,90.8,0.014638507
2013-07-04,78.8,-0.13215859
2013-07-05,78.48,-0.004060914
2013-07-06,67.81,-0.135958206
2013-07-07,68.08,0.003981714
2013-07-08,77.5,0.138366627
2013-07-09,76.39,-0.014322581
2013-07-10,77,0.007985338
2013-07-11,85.75,0.113636364
2013-07-12,93.8,0.093877551
2013-07-13,88.06,-0.06119403
2013-07-14,95.58,0.085396321
2013-07-15,94,-0.016530655
2013-07-16,97.3,0.035106383
2013-07-17,98.98,0.017266187
2013-07-18,97.8,-0.0119216
2013-07-19,88.79,-0.092126789
2013-07-20,91.57,0.031309832
2013-07-21,89.28,-0.02500819
2013-07-22,90.37,0.012208781
2013-07-23,91.7,0.014717273
2013-07-24,94.58,0.031406761
2013-07-25,94.52,-0.000634384
2013-07-26,96.95,0.025708845
2013-07-27,94.13,-0.029087158
2013-07-28,94,-0.001381069
2013-07-29,98.58,0.048723404
2013-07-30,101.5,0.029620613
2013-07-31,110.34,0.087093596
2013-08-01,106.23,-0.037248505
2013-08-02,101.61,-0.043490539
2013-08-03,103.7,0.020568842
2013-08-04,104.86,0.011186114
2013-08-05,106.56,0.016212092
2013-08-06,105.84,-0.006756757
2013-08-07,106.75,0.008597884
2013-08-08,101.67,-0.047587822
2013-08-09,103.4,0.017015836
2013-08-10,102.71,-0.006673114
2013-08-11,103.77,0.010320319
2013-08-12,105.18,0.013587742
2013-08-13,106.07,0.008461685
2013-08-14,111.62,0.052323937
2013-08-15,111.87,0.002239742
2013-08-16,109.87,-0.017877894
2013-08-17,112.74,0.02612178
2013-08-18,114.4,0.014724144
2013-08-19,118.78,0.038286713
2013-08-20,120.5,0.014480552
2013-08-21,121.51,0.008381743
2013-08-22,122.5,0.008147478
2013-08-23,120,-0.020408163
2013-08-24,120.44,0.003666667
2013-08-25,122,0.012952507
2013-08-26,122.04,0.000327869
2013-08-27,125.67,0.029744346
2013-08-28,123.02,-0.021086974
2013-08-29,123.44,0.003414079
2013-08-30,129.2,0.046662346
2013-08-31,137.76,0.06625387
2013-09-01,138.17,0.00297619
2013-09-02,137.17,-0.007237461
2013-09-03,137.51,0.002478676
2013-09-04,135.21,-0.016726056
2013-09-05,129.96,-0.038828489
2013-09-06,126.13,-0.029470606
2013-09-07,123.73,-0.019027987
2013-09-08,121.77,-0.015840944
2013-09-09,126.4,0.038022501
2013-09-10,127.78,0.010917722
2013-09-11,131.65,0.03028643
2013-09-12,134.22,0.019521458
2013-09-13,135.05,0.006183877
2013-09-14,131.39,-0.027101074
2013-09-15,129.95,-0.010959738
2013-09-16,131.48,0.011773759
2013-09-17,131.31,-0.001292972
2013-09-18,132.06,0.005711675
2013-09-19,130.23,-0.013857338
2013-09-20,128.57,-0.012746679
2013-09-21,126.78,-0.013922377
2013-09-22,128.37,0.01254141
2013-09-23,126.73,-0.012775571
2013-09-24,126.09,-0.005050107
2013-09-25,127.99,0.015068602
2013-09-26,128.02,0.000234393
2013-09-27,131.84,0.029839088
2013-09-28,133.93,0.015852549
2013-09-29,140.28,0.047412828
2013-09-30,131.65,-0.061519818
2013-10-01,132.55,0.006836308
2013-10-02,132.04,-0.003847605
2013-10-03,123.07,-0.067933959
2013-10-04,128.26,0.042171122
2013-10-05,129.57,0.010213629
2013-10-06,127.56,-0.01551285
2013-10-07,128.38,0.006428347
2013-10-08,125.72,-0.020719738
2013-10-09,130.9,0.041202673
2013-10-10,129.68,-0.009320092
2013-10-11,130.27,0.004549661
2013-10-12,135.35,0.038995932
2013-10-13,135.48,0.000960473
2013-10-14,140.48,0.036905816
2013-10-15,143.89,0.024273918
2013-10-16,143.61,-0.001945931
2013-10-17,146.15,0.017686791
2013-10-18,151.34,0.035511461
2013-10-19,170.51,0.126668429
2013-10-20,172.01,0.008797138
2013-10-21,181.41,0.054647986
2013-10-22,193.45,0.066368998
2013-10-23,206.78,0.068906694
2013-10-24,198.8,-0.03859174
2013-10-25,172.48,-0.132394366
2013-10-26,178.96,0.037569573
2013-10-27,189.83,0.06073983
2013-10-28,198.55,0.045935837
2013-10-29,204.39,0.029413246
2013-10-30,204.2,-0.000929595
2013-10-31,203.88,-0.001567091
2013-11-01,205.26,0.006768687
2013-11-02,206.89,0.007941148
2013-11-03,212.45,0.026874184
2013-11-04,226.28,0.06509767
2013-11-05,230.63,0.01922397
2013-11-06,260.85,0.13103239
2013-11-07,295.63,0.133333333
2013-11-08,332.02,0.123093056
2013-11-09,358,0.078248298
2013-11-10,313,-0.125698324
2013-11-11,340.55,0.088019169
2013-11-12,355.48,0.043840846
2013-11-13,404.17,0.136969731
2013-11-14,408.84,0.011554544
2013-11-15,424.16,0.037471872
2013-11-16,437.41,0.031238212
2013-11-17,488.36,0.116481105
2013-11-18,580.87,0.189429929
2013-11-19,614.4,0.057723759
2013-11-20,565.34,-0.07985026
2013-11-21,675.06,0.1940779
2013-11-22,731.15,0.083088911
2013-11-23,819.31,0.120577173
2013-11-24,764.43,-0.066983193
2013-11-25,793.07,0.037465824
2013-11-26,832.93,0.050260381
2013-11-27,914.13,0.097487184
2013-11-28,979.08,0.071051163
2013-11-29,1101.83,0.125372799
2013-11-30,1127.45,0.023252226
2013-12-01,1033.39,-0.083427203
2013-12-02,974.03,-0.057442011
2013-12-03,1078.64,0.107399156
2013-12-04,1121.48,0.03971668
2013-12-05,989.04,-0.118093947
2013-12-06,1019.66,0.030959314
2013-12-07,811.98,-0.203675735
2013-12-08,743.11,-0.08481736
2013-12-09,897.89,0.208286795
2013-12-10,927.78,0.033289156
2013-12-11,887.08,-0.043868158
2013-12-12,878.17,-0.01004419
2013-12-13,897.27,0.021749775
2013-12-14,866.99,-0.03374681
2013-12-15,854.62,-0.014267754
2013-12-16,789.15,-0.076607147
2013-12-17,691.65,-0.123550656
2013-12-18,559.36,-0.191267259
2013-12-19,677.84,0.211813501
2013-12-20,694.25,0.024209253
2013-12-21,596.12,-0.141346777
2013-12-22,650.27,0.090837415
2013-12-23,645.75,-0.006950959
2013-12-24,659.94,0.021974448
2013-12-25,668.74,0.013334546
2013-12-26,734.59,0.098468762
2013-12-27,734.27,-0.000435617
2013-12-28,738.81,0.006183012
2013-12-29,726.47,-0.016702535
2013-12-30,760.52,0.046870483
2013-12-31,755.16,-0.007047809
2014-01-01,767.74,0.016658721
2014-01-02,772.53,0.006239091
2014-01-03,825.47,0.068528083
2014-01-04,849.14,0.028674573
2014-01-05,919.41,0.082754316
2014-01-06,936.38,0.018457489
2014-01-07,826.5,-0.117345522
2014-01-08,838.32,0.01430127
2014-01-09,853.29,0.017857143
2014-01-10,863.3,0.011731064
2014-01-11,905.72,0.049137032
2014-01-12,867.45,-0.042253677
2014-01-13,840.96,-0.030537783
2014-01-14,838.05,-0.003460331
2014-01-15,860.44,0.026716783
2014-01-16,837.98,-0.026102924
2014-01-17,812.9,-0.029929115
2014-01-18,840,0.033337434
2014-01-19,838.17,-0.002178571
2014-01-20,869.15,0.036961476
2014-01-21,869.57,0.000483231
2014-01-22,865.03,-0.005220971
2014-01-23,846.97,-0.020877889
2014-01-24,808.32,-0.045633257
2014-01-25,804.39,-0.004861936
2014-01-26,853.51,0.061064906
2014-01-27,891.86,0.044932104
2014-01-28,777,-0.128787029
2014-01-29,816.85,0.051287001
2014-01-30,817.17,0.000391749
2014-01-31,817.93,0.000930039
2014-02-01,832.52,0.017837712
2014-02-02,836.41,0.00467256
2014-02-03,813.38,-0.027534343
2014-02-04,832.36,0.023334727
2014-02-05,830.92,-0.001730021
2014-02-06,805.08,-0.03109806
2014-02-07,721.32,-0.10403935
2014-02-08,701.61,-0.027324904
2014-02-09,672.07,-0.042103163
2014-02-10,689.65,0.026157989
2014-02-11,697.76,0.011759588
2014-02-12,655.26,-0.060909195
2014-02-13,651.91,-0.005112474
2014-02-14,623.57,-0.043472258
2014-02-15,644.1,0.032923329
2014-02-16,613.85,-0.046964757
2014-02-17,645.14,0.050973365
2014-02-18,625.01,-0.03120253
2014-02-19,620.99,-0.006431897
2014-02-20,593.89,-0.043639994
2014-02-21,582.75,-0.018757682
2014-02-22,571.06,-0.02006006
2014-02-23,622.97,0.090901131
2014-02-24,572.39,-0.081191711
2014-02-25,489.31,-0.145145792
2014-02-26,567.25,0.159285525
2014-02-27,586.28,0.033547818
2014-02-28,567.2,-0.032544177
2014-03-01,560.11,-0.0125
2014-03-02,561.35,0.002213851
2014-03-03,585.79,0.0435379
2014-03-04,675,0.15229007
2014-03-05,658.24,-0.02482963
2014-03-06,654.55,-0.005605858
2014-03-07,617.62,-0.056420442
2014-03-08,610.37,-0.01173861
2014-03-09,636.17,0.042269443
2014-03-10,621.17,-0.023578603
2014-03-11,624.23,0.004926188
2014-03-12,638.07,0.022171315
2014-03-13,639.03,0.001504537
2014-03-14,629.67,-0.0146472
2014-03-15,638.07,0.013340321
2014-03-16,629.55,-0.013352767
2014-03-17,623.71,-0.009276467
2014-03-18,612.62,-0.017780699
2014-03-19,610.64,-0.00323202
2014-03-20,592.07,-0.030410717
2014-03-21,582.3,-0.016501427
2014-03-22,561.22,-0.036201271
2014-03-23,567.78,0.011688821
2014-03-24,571.42,0.006410934
2014-03-25,582.55,0.019477792
2014-03-26,584.44,0.003244357
2014-03-27,567.64,-0.028745466
2014-03-28,503.66,-0.112712282
2014-03-29,502.3,-0.002700234
2014-03-30,469.94,-0.064423651
2014-03-31,457.4,-0.026684258
2014-04-01,478.72,0.046611281
2014-04-02,437.52,-0.086062834
2014-04-03,447.08,0.02185043
2014-04-04,448.88,0.004026125
2014-04-05,464.83,0.035532882
2014-04-06,460.7,-0.008884969
2014-04-07,457.79,-0.006316475
2014-04-08,450.46,-0.016011708
2014-04-09,440.2,-0.022776717
2014-04-10,360.84,-0.18028169
2014-04-11,420.06,0.16411706
2014-04-12,420.66,0.001428367
2014-04-13,414.95,-0.013573908
2014-04-14,457.63,0.102855766
2014-04-15,520.12,0.136551362
2014-04-16,529.16,0.017380604
2014-04-17,494.4,-0.065689017
2014-04-18,478.23,-0.032706311
2014-04-19,501.55,0.048763147
2014-04-20,497.32,-0.008433855
2014-04-21,492.67,-0.009350117
2014-04-22,484.85,-0.015872694
2014-04-23,487.52,0.005506858
2014-04-24,494.27,0.013845586
2014-04-25,458.81,-0.071742165
2014-04-26,453.8,-0.010919553
2014-04-27,437.92,-0.034993389
2014-04-28,436.92,-0.002283522
2014-04-29,443.27,0.014533553
2014-04-30,445,0.003902813
2014-05-01,455.09,0.022674157
2014-05-02,443.47,-0.025533411
2014-05-03,434.03,-0.021286671
2014-05-04,433.94,-0.000207359
2014-05-05,429.08,-0.011199705
2014-05-06,426.76,-0.005406917
2014-05-07,439.3,0.029384197
2014-05-08,437.36,-0.004416117
2014-05-09,447.49,0.023161697
2014-05-10,452.5,0.011195781
2014-05-11,436.28,-0.035845304
2014-05-12,439.19,0.006670028
2014-05-13,437.3,-0.004303377
2014-05-14,444.25,0.01589298
2014-05-15,444.25,0
2014-05-16,445.16,0.002048396
2014-05-17,445.85,0.001550004
2014-05-18,444.21,-0.003678367
2014-05-19,443.87,-0.000765404
2014-05-20,483.42,0.089102665
2014-05-21,488.77,0.011066981
2014-05-22,522.61,0.069235019
2014-05-23,524.48,0.003578194
2014-05-24,523.11,-0.002612111
2014-05-25,569.38,0.08845176
2014-05-26,579.62,0.017984474
2014-05-27,569.48,-0.01749422
2014-05-28,571.55,0.003634895
2014-05-29,565.26,-0.011005161
2014-05-30,621.15,0.098874854
2014-05-31,620.5,-0.001046446
2014-06-01,640.16,0.031684126
2014-06-02,656.41,0.025384279
2014-06-03,667.37,0.016696882
2014-06-04,641.18,-0.039243598
2014-06-05,658.1,0.026388846
2014-06-06,648.63,-0.01438991
2014-06-07,651.71,0.00474847
2014-06-08,649.9,-0.002777309
2014-06-09,643.9,-0.00923219
2014-06-10,649.06,0.008013667
2014-06-11,630.04,-0.029303916
2014-06-12,567.17,-0.099787315
2014-06-13,594.68,0.048503976
2014-06-14,570,-0.041501312
2014-06-15,583.41,0.023526316
2014-06-16,592.52,0.015615091
2014-06-17,607.16,0.024708027
2014-06-18,604.19,-0.004891627
2014-06-19,593.39,-0.017875172
2014-06-20,590.05,-0.005628676
2014-06-21,591.26,0.002050674
2014-06-22,595.04,0.006393127
2014-06-23,586.15,-0.014940172
2014-06-24,582.41,-0.006380619
2014-06-25,561.47,-0.035954053
2014-06-26,579.59,0.032272428
2014-06-27,598.24,0.032177919
2014-06-28,594.87,-0.005633191
2014-06-29,598.49,0.006085363
2014-06-30,637.75,0.065598423
2014-07-01,643.94,0.009705998
2014-07-02,648.11,0.006475759
2014-07-03,640.28,-0.012081282
2014-07-04,627.13,-0.02053789
2014-07-05,627.58,0.000717555
2014-07-06,631,0.005449504
2014-07-07,619.5,-0.01822504
2014-07-08,620.05,0.000887813
2014-07-09,620.16,0.000177405
2014-07-10,615.13,-0.00811081
2014-07-11,630.84,0.025539317
2014-07-12,633.64,0.004438526
2014-07-13,627.46,-0.009753172
2014-07-14,618.21,-0.014741976
2014-07-15,618.95,0.001197004
2014-07-16,614.15,-0.007755069
2014-07-17,622.9,0.014247334
2014-07-18,627.02,0.006614224
2014-07-19,626.18,-0.00133967
2014-07-20,620.51,-0.009054904
2014-07-21,619.91,-0.000966947
2014-07-22,619.01,-0.001451824
2014-07-23,617.94,-0.001728567
2014-07-24,599.81,-0.029339418
2014-07-25,600.1,0.000483486
2014-07-26,593.78,-0.010531578
2014-07-27,590.38,-0.005726026
2014-07-28,585.28,-0.008638504
2014-07-29,581.71,-0.006099645
2014-07-30,560.79,-0.035962937
2014-07-31,583.18,0.039925819
2014-08-01,593.87,0.018330533
2014-08-02,588.23,-0.009497028
2014-08-03,585.57,-0.004522041
2014-08-04,586.37,0.00136619
2014-08-05,582.42,-0.006736361
2014-08-06,583.32,0.001545277
2014-08-07,587.2,0.006651581
2014-08-08,590.91,0.00631812
2014-08-09,588.11,-0.004738454
2014-08-10,588.5,0.000663141
2014-08-11,573.41,-0.025641461
2014-08-12,567.4,-0.010481157
2014-08-13,543.67,-0.041822348
2014-08-14,503.71,-0.073500469
2014-08-15,492.28,-0.022691628
2014-08-16,521.05,0.05844235
2014-08-17,494.78,-0.050417426
2014-08-18,459.89,-0.070516189
2014-08-19,484.15,0.052751745
2014-08-20,514.19,0.062046886
2014-08-21,515.6,0.002742177
2014-08-22,515.83,0.000446082
2014-08-23,496.57,-0.037337883
2014-08-24,508.11,0.023239422
2014-08-25,500.39,-0.01519356
2014-08-26,510.64,0.020484022
2014-08-27,510.45,-0.000372082
2014-08-28,506.92,-0.006915467
2014-08-29,508.1,0.002327783
2014-08-30,501.53,-0.012930525
2014-08-31,480.03,-0.042868821
2014-09-01,475.82,-0.008770285
2014-09-02,474.69,-0.002374848
2014-09-03,474.73,8.43E-05
2014-09-04,489.55,0.031217745
2014-09-05,480.24,-0.019017465
2014-09-06,482.36,0.004414459
2014-09-07,480.6,-0.003648727
2014-09-08,471.13,-0.019704536
2014-09-09,471.75,0.001315985
2014-09-10,477.11,0.01136195
2014-09-11,476.38,-0.001530045
2014-09-12,473.69,-0.005646753
2014-09-13,476,0.004876607
2014-09-14,474.8,-0.002521008
2014-09-15,473.03,-0.003727885
2014-09-16,462.59,-0.022070482
2014-09-17,454.62,-0.01722908
2014-09-18,423.56,-0.068320795
2014-09-19,393.26,-0.0715365
2014-09-20,408.5,0.038752988
2014-09-21,396.62,-0.029082007
2014-09-22,398.31,0.004261005
2014-09-23,433.75,0.088975923
2014-09-24,420.92,-0.029579251
2014-09-25,407.98,-0.030742184
2014-09-26,402.88,-0.012500613
2014-09-27,398.01,-0.012087967
2014-09-28,375.99,-0.055325243
2014-09-29,373.09,-0.007712971
2014-09-30,387.35,0.038221341
2014-10-01,380.89,-0.016677424
2014-10-02,371.84,-0.023760141
2014-10-03,356.19,-0.042087995
2014-10-04,327.88,-0.079480053
2014-10-05,325.11,-0.008448213
2014-10-06,328.73,0.011134693
2014-10-07,331.72,0.00909561
2014-10-08,353.39,0.065326179
2014-10-09,358.4,0.014176972
2014-10-10,357.55,-0.002371652
2014-10-11,359.52,0.005509719
2014-10-12,374.17,0.040748776
2014-10-13,387.04,0.03439613
2014-10-14,398.29,0.029066763
2014-10-15,392.19,-0.015315474
2014-10-16,379.39,-0.032637242
2014-10-17,380.29,0.002372229
2014-10-18,389.12,0.023219122
2014-10-19,386.94,-0.005602385
2014-10-20,379.77,-0.018530005
2014-10-21,382.41,0.006951576
2014-10-22,379.44,-0.007766533
2014-10-23,356.2,-0.061248155
2014-10-24,354.32,-0.005277934
2014-10-25,347.03,-0.020574622
2014-10-26,350.19,0.009105841
2014-10-27,348.29,-0.005425626
2014-10-28,351.56,0.009388728
2014-10-29,333.15,-0.052366595
2014-10-30,343.67,0.031577368
2014-10-31,336.59,-0.020601158
2014-11-01,323.98,-0.037463977
2014-11-02,323.98,0
2014-11-03,324,6.17E-05
2014-11-04,328.01,0.012376543
2014-11-05,337.59,0.029206427
2014-11-06,347.82,0.03030303
2014-11-07,341.23,-0.018946582
2014-11-08,344.18,0.008645195
2014-11-09,363.42,0.055900982
2014-11-10,363.76,0.000935557
2014-11-11,366.15,0.006570266
2014-11-12,418.58,0.143192681
2014-11-13,414.71,-0.009245544
2014-11-14,395.24,-0.04694847
2014-11-15,377.33,-0.045314239
2014-11-16,387.62,0.027270559
2014-11-17,384.9,-0.007017182
2014-11-18,374.87,-0.026058717
2014-11-19,376.79,0.005121776
2014-11-20,355.39,-0.056795563
2014-11-21,349.39,-0.016882861
2014-11-22,351.55,0.006182203
2014-11-23,366.78,0.043322429
2014-11-24,377.74,0.029881673
2014-11-25,375.25,-0.006591836
2014-11-26,365.77,-0.025263158
2014-11-27,368.45,0.007327009
2014-11-28,376.95,0.023069616
2014-11-29,374.96,-0.005279215
2014-11-30,376.47,0.004027096
2014-12-01,379.49,0.008021888
2014-12-02,381.38,0.004980368
2014-12-03,374.1,-0.019088573
2014-12-04,368.23,-0.015690992
2014-12-05,376.38,0.022132906
2014-12-06,373.67,-0.00720017
2014-12-07,374.45,0.002087403
2014-12-08,361.43,-0.034770997
2014-12-09,350.93,-0.029051269
2014-12-10,346.98,-0.011255806
2014-12-11,346.91,-0.000201741
2014-12-12,351.5,0.013231097
2014-12-13,347.48,-0.0114367
2014-12-14,350.13,0.007626338
2014-12-15,344.62,-0.015737012
2014-12-16,328.53,-0.046689107
2014-12-17,318.83,-0.029525462
2014-12-18,309.76,-0.028447762
2014-12-19,317.54,0.025116219
2014-12-20,328.77,0.035365623
2014-12-21,319.5,-0.028196003
2014-12-22,329.89,0.032519562
2014-12-23,333.97,0.012367759
2014-12-24,322.19,-0.035272629
2014-12-25,318.17,-0.01247711
2014-12-26,327.72,0.030015401
2014-12-27,314.57,-0.040125717
2014-12-28,316.49,0.00610357
2014-12-29,312.63,-0.012196278
2014-12-30,310.08,-0.008156607
2014-12-31,317.38,0.023542312
2015-01-01,313.99,-0.010681202
2015-01-02,314.45,0.001465015
2015-01-03,286.57,-0.088662744
2015-01-04,260.94,-0.089437136
2015-01-05,273.22,0.047060627
2015-01-06,285.37,0.044469658
2015-01-07,295.87,0.036794337
2015-01-08,284.45,-0.038598033
2015-01-09,289.57,0.017999648
2015-01-10,274.53,-0.051939082
2015-01-11,267.18,-0.02677303
2015-01-12,268.35,0.00437907
2015-01-13,221.44,-0.174809018
2015-01-14,172.15,-0.222588512
2015-01-15,210.56,0.223119373
2015-01-16,205.82,-0.022511398
2015-01-17,199.49,-0.030755029
2015-01-18,208.99,0.047621435
2015-01-19,214.54,0.026556295
2015-01-20,210.51,-0.018784376
2015-01-21,224.05,0.064319985
2015-01-22,232.04,0.035661683
2015-01-23,232.9,0.003706258
2015-01-24,248.1,0.065264062
2015-01-25,253.84,0.023135832
2015-01-26,271.29,0.068744091
2015-01-27,259.24,-0.044417413
2015-01-29,232.53,-0.10303194
2015-01-30,228.64,-0.016729024
2015-01-31,218.02,-0.046448565
2015-02-01,226.27,0.037840565
2015-02-02,240.02,0.060768109
2015-02-03,226.01,-0.058370136
2015-02-04,225.31,-0.003097208
2015-02-05,216.91,-0.037281967
2015-02-06,222.49,0.025724955
2015-02-07,227.21,0.021214437
2015-02-08,222.91,-0.018925223
2015-02-09,220.09,-0.012650846
2015-02-10,220.65,0.002544414
2015-02-11,219.1,-0.0070247
2015-02-12,222.04,0.01341853
2015-02-13,235.68,0.061430373
2015-02-14,259.01,0.098990156
2015-02-15,233,-0.100420833
2015-02-16,235.92,0.012532189
2015-02-17,242.46,0.027721261
2015-02-18,234.62,-0.032335231
2015-02-19,240.3,0.02420936
2015-02-20,244.08,0.015730337
2015-02-21,244.15,0.000286791
2015-02-22,235.55,-0.035224247
2015-02-23,238.13,0.010953089
2015-02-24,238.73,0.002519632
2015-02-25,237.38,-0.005654924
2015-02-26,236.17,-0.005097312
2015-02-27,253.9,0.075073041
2015-02-28,253.6,-0.001181568
2015-03-01,257.71,0.016206625
2015-03-02,269.96,0.04753405
2015-03-03,280.62,0.039487331
2015-03-04,273.02,-0.027082888
2015-03-05,274.83,0.006629551
2015-03-06,272.34,-0.009060146
2015-03-07,275.58,0.011896894
2015-03-08,274.58,-0.00362871
2015-03-09,289.3,0.053609149
2015-03-10,290.31,0.003491186
2015-03-11,295.96,0.019461954
2015-03-12,293.92,-0.006892823
2015-03-13,288.04,-0.020005444
2015-03-14,281.49,-0.022739897
2015-03-15,285.26,0.013393016
2015-03-16,290.1,0.016966977
2015-03-17,284.35,-0.019820751
2015-03-18,255.61,-0.101072622
2015-03-19,260,0.017174602
2015-03-20,260.91,0.0035
2015-03-21,259.49,-0.00544249
2015-03-22,267.8,0.032024355
2015-03-23,266.03,-0.00660941
2015-03-24,245.17,-0.078412209
2015-03-25,246.27,0.004486683
2015-03-26,247.56,0.005238153
2015-03-27,247.15,-0.001656164
2015-03-28,252.05,0.019826017
2015-03-29,241.91,-0.040230113
2015-03-30,246.54,0.019139349
2015-03-31,243.27,-0.013263568
2015-04-01,246.78,0.014428413
2015-04-02,252.34,0.022530189
2015-04-03,253.62,0.005072521
2015-04-04,253.32,-0.001182872
2015-04-05,259.71,0.025225012
2015-04-06,255.42,-0.016518424
2015-04-07,253.21,-0.008652416
2015-04-08,244.27,-0.035306662
2015-04-09,243.2,-0.004380399
2015-04-10,234.53,-0.035649671
2015-04-11,236.45,0.008186586
2015-04-12,235.74,-0.003002749
2015-04-13,223.95,-0.050012726
2015-04-14,218,-0.02656843
2015-04-15,223.02,0.023027523
2015-04-16,228,0.022329836
2015-04-17,222.42,-0.024473684
2015-04-18,222.95,0.002382879
2015-04-19,222.68,-0.001211034
2015-04-20,224.31,0.007319921
2015-04-21,234.69,0.046275244
2015-04-22,233.78,-0.003877455
2015-04-23,235.17,0.005945761
2015-04-24,230.99,-0.017774376
2015-04-25,225.96,-0.021775834
2015-04-26,218.51,-0.032970437
2015-04-27,228.57,0.046039083
2015-04-28,225.64,-0.01281883
2015-04-29,226,0.001595462
2015-04-30,236.22,0.045221239
2015-05-01,232.74,-0.014732029
2015-05-02,235.16,0.010397869
2015-05-03,239.88,0.020071441
2015-05-04,238.97,-0.003793563
2015-05-05,236,-0.012428338
2015-05-06,229.82,-0.026186441
2015-05-07,236.85,0.030589157
2015-05-08,243.66,0.028752375
2015-05-09,241.53,-0.008741689
2015-05-10,239.55,-0.008197739
2015-05-11,241.85,0.009601336
2015-05-12,241.52,-0.001364482
2015-05-13,235.48,-0.025008281
2015-05-14,236.7,0.005180907
2015-05-15,236.99,0.00122518
2015-05-16,235.98,-0.004261783
2015-05-17,236.08,0.000423765
2015-05-18,232.48,-0.015249068
2015-05-19,231.94,-0.00232278
2015-05-20,234.05,0.00909718
2015-05-21,235.42,0.00585345
2015-05-22,240.94,0.023447456
2015-05-23,239.03,-0.007927285
2015-05-24,241.24,0.009245701
2015-05-25,237.44,-0.015751948
2015-05-26,237.5,0.000252695
2015-05-27,237.23,-0.001136842
2015-05-28,237.49,0.001095983
2015-05-29,237.07,-0.001768496
2015-05-30,233.46,-0.01522757
2015-05-31,229.68,-0.01619121
2015-06-01,223.32,-0.0276907
2015-06-02,225.74,0.010836468
2015-06-03,225.48,-0.001151768
2015-06-04,224.17,-0.005809828
2015-06-05,224.74,0.002542713
2015-06-06,225.29,0.002447272
2015-06-07,223.62,-0.007412668
2015-06-08,228.7,0.022717109
2015-06-09,229.53,0.003629209
2015-06-10,229,-0.002309066
2015-06-11,229.93,0.004061135
2015-06-12,230.52,0.002565998
2015-06-13,232.63,0.009153219
2015-06-14,233.67,0.004470619
2015-06-15,237.2,0.015106775
2015-06-16,250.47,0.055944351
2015-06-17,247.69,-0.011099134
2015-06-18,248.55,0.003472082
2015-06-19,243,-0.022329511
2015-06-20,245.48,0.010205761
2015-06-21,244,-0.006029004
2015-06-22,247.28,0.013442623
2015-06-23,243.85,-0.013870916
2015-06-24,240.54,-0.013573918
2015-06-25,242.48,0.008065187
2015-06-26,242.48,0
2015-06-27,250.62,0.033569779
2015-06-28,248.35,-0.009057537
2015-06-29,256.3,0.032011274
2015-06-30,262.41,0.023839251
2015-07-01,257.51,-0.018673069
2015-07-02,254.65,-0.011106365
2015-07-03,255.16,0.002002749
2015-07-04,260.42,0.020614516
2015-07-05,271.04,0.040780278
2015-07-06,268.6,-0.009002361
2015-07-07,265.38,-0.011988086
2015-07-08,269.61,0.015939408
2015-07-09,268.89,-0.002670524
2015-07-10,285.02,0.059987355
2015-07-11,291.89,0.024103572
2015-07-12,310.19,0.062694851
2015-07-13,290.67,-0.062929172
2015-07-14,286.67,-0.01376131
2015-07-15,283.95,-0.009488262
2015-07-16,276.68,-0.025603099
2015-07-17,278.37,0.006108139
2015-07-18,274.48,-0.013974207
2015-07-19,272.81,-0.006084232
2015-07-20,277.25,0.016275063
2015-07-21,274.94,-0.00833183
2015-07-22,276.18,0.004510075
2015-07-23,275.61,-0.002063871
2015-07-24,288.44,0.046551286
2015-07-25,288.39,-0.000173346
2015-07-26,291.7,0.011477513
2015-07-27,292.61,0.003119643
2015-07-28,293.99,0.004716175
2015-07-29,288.72,-0.01792578
2015-07-30,286.84,-0.006511499
2015-07-31,283.68,-0.011016595
2015-08-01,280.7,-0.010504794
2015-08-02,281.73,0.003669398
2015-08-03,281.83,0.00035495
2015-08-04,284.24,0.008551254
2015-08-05,281.4,-0.009991556
2015-08-06,278.01,-0.012046908
2015-08-07,278.51,0.001798496
2015-08-08,259.8,-0.067178916
2015-08-09,264.34,0.017474981
2015-08-10,263.58,-0.002875085
2015-08-11,269.87,0.023863723
2015-08-12,267.71,-0.008003854
2015-08-13,263.66,-0.01512831
2015-08-14,265.13,0.005575362
2015-08-15,260.48,-0.017538566
2015-08-16,257.82,-0.010211916
2015-08-17,257.06,-0.002947793
2015-08-18,253.08,-0.015482767
2015-08-19,225.96,-0.107159791
2015-08-20,234.64,0.038413879
2015-08-21,232.33,-0.009844869
2015-08-22,229.15,-0.013687427
2015-08-23,227.25,-0.008291512
2015-08-24,210.09,-0.075511551
2015-08-25,221.33,0.053500881
2015-08-26,225.27,0.017801473
2015-08-27,222.97,-0.01020997
2015-08-28,231.66,0.038973853
2015-08-29,228.47,-0.01377018
2015-08-30,228.07,-0.001750777
2015-08-31,230.08,0.008813084
2015-09-01,227.16,-0.012691238
2015-09-02,228.64,0.006515232
2015-09-03,226.57,-0.009053534
2015-09-04,230.05,0.015359492
2015-09-05,234.75,0.020430341
2015-09-06,239.13,0.018658147
2015-09-07,240.5,0.005729101
2015-09-08,243.56,0.012723493
2015-09-09,237.95,-0.023033339
2015-09-10,238.78,0.003488128
2015-09-11,240,0.005109306
2015-09-12,234.91,-0.021208333
2015-09-13,230.5,-0.018773147
2015-09-14,230.21,-0.001258134
2015-09-15,229.91,-0.001303158
2015-09-16,228.46,-0.006306816
2015-09-17,232.75,0.018777904
2015-09-18,232.35,-0.001718582
2015-09-19,231.27,-0.00464816
2015-09-20,230.66,-0.00263761
2015-09-21,226.45,-0.018251973
2015-09-22,229.88,0.015146832
2015-09-23,229.87,-4.35E-05
2015-09-24,233.93,0.017662157
2015-09-25,234.98,0.004488522
2015-09-26,234.53,-0.001915057
2015-09-27,232.83,-0.00724854
2015-09-28,239.28,0.027702616
2015-09-29,237.23,-0.008567369
2015-09-30,236.05,-0.004974076
2015-10-01,237.74,0.0071595
2015-10-02,237.26,-0.002019012
2015-10-03,238.97,0.007207283
2015-10-04,238.66,-0.001297234
2015-10-05,240.32,0.006955502
2015-10-06,246.44,0.025466045
2015-10-07,243.22,-0.013066061
2015-10-08,242.9,-0.001315681
2015-10-09,244.21,0.005393166
2015-10-10,245.32,0.004545268
2015-10-11,247.54,0.009049405
2015-10-12,245.57,-0.00795831
2015-10-13,249.41,0.015637089
2015-10-14,252.7,0.013191131
2015-10-15,254.63,0.007637515
2015-10-16,262.37,0.030397047
2015-10-17,270.36,0.030453177
2015-10-18,262.23,-0.030071016
2015-10-19,264.21,0.007550623
2015-10-20,270.27,0.022936301
2015-10-21,267.02,-0.012025012
2015-10-22,273.57,0.024529998
2015-10-23,277.39,0.013963519
2015-10-24,282.96,0.020080032
2015-10-25,284.75,0.006325982
2015-10-26,285.52,0.002704126
2015-10-27,294.81,0.032537125
2015-10-28,303.64,0.029951494
2015-10-29,313.91,0.033822948
2015-10-30,325.8,0.037877099
2015-10-31,312.28,-0.041497851
2015-11-01,325,0.040732676
2015-11-02,350.77,0.079292308
2015-11-03,398.24,0.135330844
2015-11-04,404.36,0.015367618
2015-11-05,387.47,-0.04176971
2015-11-06,372.83,-0.03778357
2015-11-07,387.06,0.038167529
2015-11-08,371.5,-0.040200486
2015-11-09,380.64,0.024602961
2015-11-10,336.87,-0.114990542
2015-11-11,305.98,-0.091697094
2015-11-12,337.96,0.104516635
2015-11-13,337.37,-0.001745769
2015-11-14,331.5,-0.017399295
2015-11-15,320.48,-0.033242836
2015-11-16,331.35,0.033917873
2015-11-17,335.11,0.011347518
2015-11-18,335.45,0.001014592
2015-11-19,325.57,-0.029452974
2015-11-20,321.42,-0.012746875
2015-11-21,325.16,0.011635866
2015-11-22,323.4,-0.00541272
2015-11-23,322.83,-0.001762523
2015-11-24,319.98,-0.008828176
2015-11-25,328.17,0.02559535
2015-11-26,356.24,0.085534936
2015-11-27,359.01,0.007775657
2015-11-28,356.21,-0.007799226
2015-11-29,371.49,0.042896044
2015-11-30,378.26,0.018223909
2015-12-01,363.45,-0.039152964
2015-12-02,358.82,-0.012739029
2015-12-03,360.95,0.005936124
2015-12-04,362.77,0.00504225
2015-12-05,390.64,0.076825537
2015-12-06,394.01,0.008626869
2015-12-07,394.36,0.000888302
2015-12-08,412.93,0.047088954
2015-12-09,417.37,0.010752428
2015-12-10,416.91,-0.00110214
2015-12-11,452.41,0.085150272
2015-12-12,434.9,-0.038703831
2015-12-13,435.82,0.002115429
2015-12-14,443.28,0.017117158
2015-12-15,465,0.048998376
2015-12-16,453.91,-0.023849462
2015-12-17,456.47,0.005639885
2015-12-18,463.82,0.016101825
2015-12-19,462.05,-0.003816136
2015-12-20,441.13,-0.045276485
2015-12-21,437.81,-0.007526126
2015-12-22,436.24,-0.00358603
2015-12-23,442.82,0.01508344
2015-12-24,454.91,0.02730229
2015-12-25,455.74,0.001824537
2015-12-26,417.09,-0.084807127
2015-12-27,423.92,0.016375363
2015-12-28,420.71,-0.007572183
2015-12-29,432.15,0.027192128
2015-12-30,426.81,-0.012356821
2015-12-31,431.14,0.010145029
2016-01-01,434.43,0.007630932
2016-01-02,434.33,-0.000230187
2016-01-03,430.2,-0.009508899
2016-01-04,433.53,0.007740586
2016-01-05,432.12,-0.00325237
2016-01-06,431.34,-0.001805054
2016-01-07,456.43,0.058167571
2016-01-08,454.7,-0.003790285
2016-01-09,448.71,-0.013173521
2016-01-10,447.21,-0.003342916
2016-01-11,448.35,0.002549138
2016-01-12,445.79,-0.005709825
2016-01-13,432.12,-0.030664663
2016-01-14,429.24,-0.006664815
2016-01-15,365.91,-0.147539838
2016-01-16,384.81,0.051652046
2016-01-17,386.36,0.004027962
2016-01-18,385.13,-0.003183559
2016-01-19,379.02,-0.015864773
2016-01-20,418.85,0.105086803
2016-01-21,407.82,-0.02633401
2016-01-22,377.21,-0.075057623
2016-01-23,389.64,0.032952467
2016-01-24,403.06,0.034442049
2016-01-25,392.33,-0.026621347
2016-01-26,392.46,0.000331354
2016-01-27,394.49,0.005172502
2016-01-28,379.55,-0.037871682
2016-01-29,378.91,-0.001686207
2016-01-30,376.92,-0.005251907
2016-01-31,364.35,-0.033349252
2016-02-01,371.04,0.018361466
2016-02-02,372.87,0.004932083
2016-02-03,368.12,-0.012739024
2016-02-04,388.38,0.055036401
2016-02-05,385.73,-0.006823214
2016-02-06,374.9,-0.028076634
2016-02-07,375.52,0.001653774
2016-02-08,371.14,-0.011663826
2016-02-09,373.91,0.007463491
2016-02-10,379.83,0.015832687
2016-02-11,377.06,-0.007292736
2016-02-12,382.72,0.015010874
2016-02-13,390.42,0.020119147
2016-02-14,404.14,0.035141642
2016-02-15,399.38,-0.011778097
2016-02-16,407.01,0.019104612
2016-02-17,416.85,0.02417631
2016-02-18,421.42,0.010963176
2016-02-19,419.38,-0.004840776
2016-02-20,441.12,0.051838428
2016-02-21,438.65,-0.005599383
2016-02-22,437.8,-0.001937764
2016-02-23,420.3,-0.03997259
2016-02-24,423.19,0.006876041
2016-02-25,423.14,-0.00011815
2016-02-26,427.03,0.009193175
2016-02-27,432.14,0.011966372
2016-02-28,432.8,0.001527283
2016-02-29,436.92,0.009519409
2016-03-01,431.37,-0.012702554
2016-03-02,424.48,-0.015972367
2016-03-03,420.17,-0.0101536
2016-03-04,409.41,-0.025608682
2016-03-05,397.24,-0.029725703
2016-03-06,404.91,0.019308227
2016-03-07,413.74,0.021807315
2016-03-08,411.88,-0.004495577
2016-03-09,412.32,0.001068272
2016-03-10,416.29,0.009628444
2016-03-11,419.3,0.007230536
2016-03-12,410.8,-0.020271882
2016-03-13,412.49,0.004113924
2016-03-14,414.58,0.005066789
2016-03-15,415.64,0.002556804
2016-03-16,416.54,0.002165335
2016-03-17,418.4,0.004465357
2016-03-18,408.28,-0.02418738
2016-03-19,406.74,-0.003771921
2016-03-20,411.88,0.012637065
2016-03-21,411.09,-0.001918034
2016-03-22,416.36,0.012819577
2016-03-23,418.08,0.00413104
2016-03-24,414.88,-0.007654038
2016-03-25,415.74,0.002072889
2016-03-26,416.71,0.002333189
2016-03-27,425.35,0.020733844
2016-03-28,422.76,-0.006089103
2016-03-29,415.55,-0.017054594
2016-03-30,412.6,-0.007099025
2016-03-31,415.37,0.006713524
2016-04-01,416.75,0.003322339
2016-04-02,419.67,0.007006599
2016-04-03,418.19,-0.00352658
2016-04-04,419.44,0.002989072
2016-04-05,422.65,0.007653061
2016-04-06,421.66,-0.002342364
2016-04-07,421.08,-0.001375516
2016-04-08,418.47,-0.006198347
2016-04-09,416.14,-0.005567902
2016-04-10,421.13,0.011991157
2016-04-11,422.58,0.003443117
2016-04-12,426.18,0.008519097
2016-04-13,424.27,-0.004481674
2016-04-14,424.93,0.001555613
2016-04-15,429.97,0.011860777
2016-04-16,430.94,0.002255971
2016-04-17,428.03,-0.00675268
2016-04-18,428.51,0.001121417
2016-04-19,436.37,0.018342629
2016-04-20,441.92,0.012718565
2016-04-21,451.08,0.020727734
2016-04-22,447.49,-0.007958677
2016-04-23,451.82,0.009676194
2016-04-24,459.92,0.017927493
2016-04-25,460.47,0.00119586
2016-04-26,467.86,0.01604882
2016-04-27,444.79,-0.049309623
2016-04-28,449.38,0.010319477
2016-04-29,456.57,0.015999822
2016-04-30,447.9,-0.018989421
2016-05-01,452.59,0.010471087
2016-05-02,444.49,-0.017896993
2016-05-03,450.3,0.01307116
2016-05-04,447.12,-0.007061959
2016-05-05,448.92,0.004025765
2016-05-06,461.62,0.028290119
2016-05-07,459.25,-0.005134093
2016-05-08,459.28,6.53E-05
2016-05-09,461.75,0.005377983
2016-05-10,450.33,-0.024731998
2016-05-11,452.18,0.004108099
2016-05-12,454.73,0.005639347
2016-05-13,456.01,0.002814857
2016-05-14,455.5,-0.001118397
2016-05-15,457.84,0.005137212
2016-05-16,454.89,-0.006443299
2016-05-17,452.42,-0.005429884
2016-05-18,453.37,0.002099819
2016-05-19,440.54,-0.028299182
2016-05-20,441.89,0.003064421
2016-05-21,443.15,0.002851388
2016-05-22,438.68,-0.010086878
2016-05-23,443.18,0.010258047
2016-05-24,445.77,0.005844127
2016-05-25,449.05,0.007358055
2016-05-26,453.73,0.010422002
2016-05-27,473.86,0.044365592
2016-05-28,528.54,0.115392732
2016-05-29,524.62,-0.007416657
2016-05-30,534.22,0.018298959
2016-05-31,531.41,-0.005260005
2016-06-01,539.17,0.014602661
2016-06-02,538.83,-0.000630599
2016-06-03,570.44,0.058664143
2016-06-04,573.53,0.005416871
2016-06-05,574.48,0.001656409
2016-06-06,585.56,0.019287007
2016-06-07,577.91,-0.013064417
2016-06-08,583.14,0.009049852
2016-06-09,577.61,-0.009483143
2016-06-10,579.23,0.002804661
2016-06-11,597.75,0.031973482
2016-06-12,671.71,0.123730657
2016-06-13,704.29,0.048503074
2016-06-14,685.93,-0.026068807
2016-06-15,693.23,0.010642485
2016-06-16,765.46,0.104193413
2016-06-17,749.42,-0.02095472
2016-06-18,756.8,0.009847615
2016-06-19,764.05,0.00957981
2016-06-20,734.16,-0.039120476
2016-06-21,665,-0.094202899
2016-06-22,591.9,-0.109924812
2016-06-23,623.21,0.052897449
2016-06-24,661.42,0.061311596
2016-06-25,666.06,0.00701521
2016-06-26,629.31,-0.055175209
2016-06-27,648.3,0.030175907
2016-06-28,646.84,-0.002252044
2016-06-29,637.44,-0.014532187
2016-06-30,671.62,0.053620733
2016-07-01,677.71,0.009067628
2016-07-02,693.05,0.02263505
2016-07-03,664.75,-0.040833995
2016-07-04,678.7,0.020985333
2016-07-05,667.53,-0.016457934
2016-07-06,675.92,0.012568724
2016-07-07,638.62,-0.055184045
2016-07-08,665.74,0.042466569
2016-07-09,653.87,-0.017829783
2016-07-10,650.32,-0.005429214
2016-07-11,649.07,-0.001922131
2016-07-12,670.95,0.033709769
2016-07-13,658.15,-0.019077428
2016-07-14,659.58,0.002172757
2016-07-15,665.69,0.009263471
2016-07-16,663.5,-0.00328982
2016-07-17,678.39,0.022441598
2016-07-18,674.79,-0.005306682
2016-07-19,674.56,-0.000340847
2016-07-20,670.89,-0.005440583
2016-07-21,665.36,-0.008242782
2016-07-22,651.09,-0.021447036
2016-07-23,655.42,0.006650386
2016-07-24,660.85,0.008284764
2016-07-25,654.52,-0.009578573
2016-07-26,651.31,-0.004904357
2016-07-27,655.62,0.006617433
2016-07-28,655.89,0.000411824
2016-07-29,657.34,0.002210737
2016-07-30,654.55,-0.004244379
2016-07-31,623.75,-0.047055229
2016-08-01,605.75,-0.028857715
2016-08-02,517.13,-0.146297978
2016-08-03,567.38,0.097170924
2016-08-04,576.6,0.016250132
2016-08-05,576.03,-0.000988554
2016-08-06,587.63,0.02013784
2016-08-07,592.67,0.008576826
2016-08-08,590.71,-0.003307068
2016-08-09,585.3,-0.00915847
2016-08-10,592.27,0.011908423
2016-08-11,587.61,-0.007868033
2016-08-12,586.53,-0.001837954
2016-08-13,584.47,-0.003512182
2016-08-14,570.74,-0.023491368
2016-08-15,567.73,-0.005273855
2016-08-16,578.22,0.018477093
2016-08-17,571.46,-0.011691052
2016-08-18,572.27,0.001417422
2016-08-19,573.49,0.002131861
2016-08-20,581.95,0.014751783
2016-08-21,580.59,-0.002336971
2016-08-22,585.22,0.007974646
2016-08-23,582,-0.005502204
2016-08-24,577.89,-0.007061856
2016-08-25,576.12,-0.003062867
2016-08-26,578.1,0.003436784
2016-08-27,568.58,-0.016467739
2016-08-28,573.53,0.008705899
2016-08-29,572.51,-0.00177846
2016-08-30,576.08,0.006235699
2016-08-31,571.76,-0.007498958
2016-09-01,571.59,-0.000297328
2016-09-02,573.96,0.004146329
2016-09-03,596.2,0.038748345
2016-09-04,608.69,0.020949346
2016-09-05,606.64,-0.003367888
2016-09-06,610.68,0.006659633
2016-09-07,614.33,0.005976944
2016-09-08,625.47,0.018133576
2016-09-09,621.91,-0.00569172
2016-09-10,623.06,0.001849142
2016-09-11,605.32,-0.028472378
2016-09-12,605.83,0.00084253
2016-09-13,606.65,0.001353515
2016-09-14,608.43,0.002934147
2016-09-15,605.58,-0.004684187
2016-09-16,606.55,0.00160177
2016-09-17,605.34,-0.001994889
2016-09-18,608.8,0.005715796
2016-09-19,608.62,-0.000295664
2016-09-20,607.77,-0.001396602
2016-09-21,595.84,-0.019629136
2016-09-22,594.96,-0.001476907
2016-09-23,601.89,0.011647842
2016-09-24,601.27,-0.001030089
2016-09-25,599.31,-0.003259767
2016-09-26,606.1,0.011329696
2016-09-27,604.21,-0.003118297
2016-09-28,603.55,-0.001092335
2016-09-29,604.64,0.001805981
2016-09-30,608.26,0.005987034
2016-10-01,614.06,0.009535396
2016-10-02,610.36,-0.00602547
2016-10-03,611.96,0.002621404
2016-10-04,609.24,-0.004444735
2016-10-05,611.64,0.003939334
2016-10-06,610.98,-0.001079066
2016-10-07,616.22,0.008576385
2016-10-08,616.53,0.000503067
2016-10-09,614.62,-0.003097984
2016-10-10,614.31,-0.000504377
2016-10-11,640.7,0.042958767
2016-10-12,635.62,-0.007928828
2016-10-13,634.62,-0.001573267
2016-10-14,638.18,0.005609656
2016-10-15,637.21,-0.001519947
2016-10-16,640.19,0.004676637
2016-10-17,637.48,-0.004233118
2016-10-18,635.46,-0.003168727
2016-10-19,628.44,-0.011047115
2016-10-20,628.54,0.000159124
2016-10-21,629.72,0.001877367
2016-10-22,652.09,0.035523725
2016-10-23,649.63,-0.003772485
2016-10-24,648.77,-0.00132383
2016-10-25,652.63,0.00594972
2016-10-26,673.42,0.031855722
2016-10-27,683.37,0.014775326
2016-10-28,687.56,0.006131378
2016-10-29,715.41,0.040505556
2016-10-30,697.28,-0.025342112
2016-10-31,698.58,0.001864387
2016-11-01,729.2,0.043831773
2016-11-02,734.16,0.006801975
2016-11-03,686.06,-0.065517054
2016-11-04,702.11,0.023394455
2016-11-05,704.02,0.002720371
2016-11-06,712.13,0.011519559
2016-11-07,706.09,-0.008481597
2016-11-08,708.94,0.004036313
2016-11-09,721.18,0.017265213
2016-11-10,713.21,-0.011051333
2016-11-11,715.64,0.003407131
2016-11-12,703.76,-0.016600525
2016-11-13,702.35,-0.002003524
2016-11-14,705.55,0.004556133
2016-11-15,712.16,0.009368578
2016-11-16,740.9,0.0403561
2016-11-17,738.48,-0.003266298
2016-11-18,748.43,0.013473621
2016-11-19,750.41,0.002645538
2016-11-20,728.37,-0.029370611
2016-11-21,736.5,0.011161909
2016-11-22,748.12,0.015777325
2016-11-23,741.17,-0.009289953
2016-11-24,736.75,-0.005963544
2016-11-25,738.2,0.001968103
2016-11-26,732.73,-0.007409916
2016-11-27,727.76,-0.006782853
2016-11-28,731.84,0.005606244
2016-11-29,731.81,-4.10E-05
2016-11-30,742.36,0.01441631
2016-12-01,753.06,0.014413492
2016-12-02,771.17,0.024048549
2016-12-03,764.83,-0.008221274
2016-12-04,766.37,0.002013519
2016-12-05,752.24,-0.018437569
2016-12-06,758.69,0.008574391
2016-12-07,763.91,0.00688028
2016-12-08,768.67,0.006231101
2016-12-09,769.84,0.00152211
2016-12-10,773.13,0.004273615
2016-12-11,768.23,-0.006337873
2016-12-12,778.43,0.013277274
2016-12-13,778.22,-0.000269774
2016-12-14,775.89,-0.002994012
2016-12-15,775.57,-0.00041243
2016-12-16,781.34,0.00743969
2016-12-17,788.88,0.009650088
2016-12-18,788.44,-0.000557753
2016-12-19,790.12,0.00213079
2016-12-20,799.72,0.012150053
2016-12-21,826.62,0.033636773
2016-12-22,859.37,0.039619172
2016-12-23,917.1,0.067177118
2016-12-24,891.68,-0.027717806
2016-12-25,894.34,0.002983133
2016-12-26,902.61,0.009247043
2016-12-27,929.12,0.029370381
2016-12-28,977.14,0.051683313
2016-12-29,971.72,-0.0055468
2016-12-30,960.92,-0.011114313
2016-12-31,966.57,0.005879782
2017-01-01,998.05,0.032568774
2017-01-02,1019.2,0.021191323
2017-01-03,1035.53,0.01602237
2017-01-04,1130.85,0.092049482
2017-01-05,990.67,-0.123959853
2017-01-06,894.03,-0.097550143
2017-01-07,900.08,0.006767111
2017-01-08,908.09,0.008899209
2017-01-09,901.88,-0.006838529
2017-01-10,905.76,0.004302124
2017-01-11,784.28,-0.134119414
2017-01-12,799.43,0.019317081
2017-01-13,824.5,0.031359844
2017-01-14,817.83,-0.008089751
2017-01-15,821.91,0.004988812
2017-01-16,828.31,0.007786741
2017-01-17,904.15,0.091559923
2017-01-18,873.93,-0.033423658
2017-01-19,896.89,0.026272127
2017-01-20,891.46,-0.006054254
2017-01-21,919.68,0.031655935
2017-01-22,918.78,-0.000978601
2017-01-23,918.91,0.000141492
2017-01-24,885.79,-0.036042703
2017-01-25,893.47,0.008670227
2017-01-26,915.36,0.024499983
2017-01-27,918.29,0.003200926
2017-01-28,920.24,0.002123512
2017-01-29,914.14,-0.006628706
2017-01-30,920.99,0.007493382
2017-01-31,968.27,0.051336062
2017-02-01,986.57,0.018899687
2017-02-02,1008.4,0.022127168
2017-02-03,1015.44,0.006981357
2017-02-04,1033.63,0.017913417
2017-02-05,1016.93,-0.016156652
2017-02-06,1024.51,0.007453807
2017-02-07,1051.5,0.026344301
2017-02-08,1055.3,0.003613885
2017-02-09,981.7,-0.069743201
2017-02-10,992.11,0.010604054
2017-02-11,1010.95,0.01898983
2017-02-12,1000.52,-0.010317029
2017-02-13,996.1,-0.004417703
2017-02-14,1010.1,0.014054814
2017-02-15,1008.88,-0.001207801
2017-02-16,1034.9,0.025790976
2017-02-17,1056.56,0.020929558
2017-02-18,1058.58,0.001911865
2017-02-19,1053.5,-0.004798882
2017-02-20,1082.02,0.027071666
2017-02-21,1125.41,0.040100922
2017-02-22,1123.3,-0.001874872
2017-02-23,1185.65,0.055506098
2017-02-24,1180.87,-0.004031544
2017-02-25,1149.4,-0.026649843
2017-02-26,1180.67,0.027205499
2017-02-27,1193.13,0.01055333
2017-02-28,1190.33,-0.002346769
2017-03-01,1227.48,0.031209833
2017-03-02,1262.08,0.028187832
2017-03-03,1289.54,0.021757733
2017-03-04,1268.81,-0.0160755
2017-03-05,1276.23,0.005847999
2017-03-06,1280.99,0.003729735
2017-03-07,1233.06,-0.037416373
2017-03-08,1149.63,-0.067660941
2017-03-09,1191.24,0.036194254
2017-03-10,1100.01,-0.076584064
2017-03-11,1181.2,0.07380842
2017-03-12,1230.56,0.041788012
2017-03-13,1243.26,0.010320504
2017-03-14,1246.56,0.002654312
2017-03-15,1258.46,0.009546271
2017-03-16,1217.31,-0.032698695
2017-03-17,1074.09,-0.117652858
2017-03-18,961.96,-0.104395349
2017-03-19,1023.49,0.063963159
2017-03-20,1036.33,0.012545311
2017-03-21,1112.7,0.073692743
2017-03-22,1039.84,-0.065480363
2017-03-23,1029.14,-0.010290045
2017-03-24,940.02,-0.086596576
2017-03-25,965.27,0.026861131
2017-03-26,954.48,-0.01117822
2017-03-27,1042.61,0.092332998
2017-03-28,1044.72,0.002023767
2017-03-29,1038.62,-0.005838885
2017-03-30,1031.49,-0.006864878
2017-03-31,1078.27,0.04535187
2017-04-01,1085.25,0.006473332
2017-04-02,1098.07,0.011812946
2017-04-03,1139.31,0.037556804
2017-04-04,1140.5,0.001044492
2017-04-05,1132.34,-0.007154757
2017-04-06,1194.21,0.054639066
2017-04-07,1189.78,-0.003709565
2017-04-08,1182.27,-0.006312091
2017-04-09,1187.7,0.004592859
2017-04-10,1210.52,0.019213606
2017-04-11,1226.62,0.013300069
2017-04-12,1218.3,-0.006782867
2017-04-13,1174.21,-0.036189773
2017-04-14,1183.69,0.008073513
2017-04-15,1180.32,-0.002847029
2017-04-16,1186.31,0.005074895
2017-04-17,1205.14,0.015872748
2017-04-18,1217.58,0.010322452
2017-04-19,1225.72,0.006685392
2017-04-20,1253.9,0.022990569
2017-04-21,1254.99,0.000869288
2017-04-22,1249.67,-0.004239078
2017-04-23,1247.84,-0.001464387
2017-04-24,1249.96,0.001698936
2017-04-25,1263.04,0.010464335
2017-04-26,1287.32,0.019223461
2017-04-27,1331.31,0.034171768
2017-04-28,1321.2,-0.007594024
2017-04-29,1327.69,0.004912201
2017-04-30,1349.89,0.016720771
2017-05-01,1408.44,0.043373905
2017-05-02,1442.24,0.023998182
2017-05-03,1485.82,0.030216885
2017-05-04,1499.36,0.009112813
2017-05-05,1506.04,0.004455234
2017-05-06,1547.82,0.027741627
2017-05-07,1557.88,0.006499464
2017-05-08,1633.38,0.048463296
2017-05-09,1700.18,0.040896791
2017-05-10,1747.32,0.027726476
2017-05-11,1808.78,0.035173866
2017-05-12,1700.77,-0.059714283
2017-05-13,1751.73,0.029962899
2017-05-14,1767.71,0.00912241
2017-05-15,1696.13,-0.040493067
2017-05-16,1716.32,0.011903569
2017-05-17,1804.45,0.051348233
2017-05-18,1889.41,0.047083599
2017-05-19,1972.9,0.044188397
2017-05-20,2043.42,0.035744336
2017-05-21,2053.88,0.005118869
2017-05-22,2109.4,0.027031764
2017-05-23,2292.7,0.086896748
2017-05-24,2448.13,0.067793431
2017-05-25,2366.97,-0.033151834
2017-05-26,2262.36,-0.044195744
2017-05-27,2082.84,-0.079350766
2017-05-28,2219.49,0.065607536
2017-05-29,2286.27,0.030087993
2017-05-30,2167.64,-0.05188801
2017-05-31,2329.08,0.074477312
2017-06-01,2436.04,0.045923712
2017-06-02,2514.23,0.032097174
2017-06-03,2562.54,0.01921463
2017-06-04,2556.41,-0.002392158
2017-06-05,2721.55,0.064598402
2017-06-06,2903.44,0.066833238
2017-06-07,2716.06,-0.064537239
2017-06-08,2824.2,0.039815026
2017-06-09,2817.06,-0.00252815
2017-06-10,2937.45,0.042736044
2017-06-11,3013.71,0.025961293
2017-06-12,2701.26,-0.1036762
2017-06-13,2736.19,0.012931003
2017-06-14,2503.4,-0.085078156
2017-06-15,2444.49,-0.023531996
2017-06-16,2513.81,0.028357653
2017-06-17,2683.57,0.067530959
2017-06-18,2577.22,-0.039630045
2017-06-19,2620.14,0.016653603
2017-06-20,2777.79,0.060168541
2017-06-21,2717,-0.021884304
2017-06-22,2724.91,0.002911299
2017-06-23,2737.75,0.004712082
2017-06-24,2618.42,-0.043586887
2017-06-25,2606.86,-0.004414876
2017-06-26,2488.19,-0.045522199
2017-06-27,2531.35,0.017345942
2017-06-28,2575.44,0.017417584
2017-06-29,2561.68,-0.005342776
2017-06-30,2490.75,-0.02768886
2017-07-01,2439.82,-0.020447656
2017-07-02,2518.55,0.032268774
2017-07-03,2576.71,0.023092653
2017-07-04,2611,0.013307668
2017-07-05,2607.22,-0.001447721
2017-07-06,2612.67,0.002090349
2017-07-07,2509.22,-0.03959551
2017-07-08,2563.2,0.021512661
2017-07-09,2519.22,-0.01715824
2017-07-10,2363.52,-0.061804844
2017-07-11,2353.91,-0.004065969
2017-07-12,2387.33,0.014197654
2017-07-13,2364.32,-0.009638383
2017-07-14,2228.73,-0.057348413
2017-07-15,2033.29,-0.087691196
2017-07-16,1927.1,-0.052225703
2017-07-17,2181.29,0.131902859
2017-07-18,2303.89,0.056205273
2017-07-19,2274.62,-0.0127046
2017-07-20,2766.83,0.216392189
2017-07-21,2658.07,-0.039308523
2017-07-22,2802.35,0.054279985
2017-07-23,2731.6,-0.025246668
2017-07-24,2751.35,0.007230195
2017-07-25,2563.75,-0.068184709
2017-07-26,2507.39,-0.021983423
2017-07-27,2649.44,0.056652535
2017-07-28,2798.83,0.0563855
2017-07-29,2720.1,-0.028129611
2017-07-30,2740.32,0.00743355
2017-07-31,2871.37,0.047822882
2017-08-01,2737.76,-0.046531795
2017-08-02,2697.85,-0.014577611
2017-08-03,2777.37,0.029475323
2017-08-04,2845.9,0.024674422
2017-08-05,3237.07,0.137450367
2017-08-06,3189.73,-0.014624336
2017-08-07,3356.71,0.052349258
2017-08-08,3410.45,0.016009724
2017-08-09,3330.9,-0.023325368
2017-08-10,3367.91,0.011111111
2017-08-11,3562.59,0.057804395
2017-08-12,3800.14,0.066679017
2017-08-13,4023.25,0.058710995
2017-08-14,4175.7,0.037892251
2017-08-15,4149.31,-0.006319898
2017-08-16,4262.56,0.027293695
2017-08-17,4286.92,0.005714876
2017-08-18,4097.69,-0.044141248
2017-08-19,4115.21,0.00427558
2017-08-20,4001.23,-0.02769725
2017-08-21,3935.23,-0.016494928
2017-08-22,4008.42,0.018598659
2017-08-23,4069.08,0.015133145
2017-08-24,4167.29,0.024135677
2017-08-25,4199.89,0.00782283
2017-08-26,4123.51,-0.018186191
2017-08-27,4116.47,-0.001707283
2017-08-28,4216.24,0.024236785
2017-08-29,4394.06,0.042175018
2017-08-30,4553.81,0.036355899
2017-08-31,4702.94,0.032748402
2017-09-01,4863.19,0.03407443
2017-09-02,4556.6,-0.063042982
2017-09-03,4632.46,0.016648378
2017-09-04,4317.19,-0.068056713
2017-09-05,4447.88,0.030272006
2017-09-06,4592.25,0.03245816
2017-09-07,4584.82,-0.001617943
2017-09-08,4285.21,-0.065348258
2017-09-09,4245.61,-0.009241087
2017-09-10,4132.66,-0.026603951
2017-09-11,4164.98,0.007820629
2017-09-12,4130.96,-0.008168106
2017-09-13,3883.65,-0.05986744
2017-09-14,3100.67,-0.201609311
2017-09-15,3587.94,0.157149906
2017-09-16,3606.28,0.005111568
2017-09-17,3553.43,-0.014654991
2017-09-18,4012.29,0.129131571
2017-09-19,3898.93,-0.028253192
2017-09-20,3858.02,-0.010492622
2017-09-21,3628.06,-0.059605704
2017-09-22,3622.18,-0.001620701
2017-09-23,3763.41,0.038990332
2017-09-24,3672.31,-0.02420677
2017-09-25,3866.71,0.052936707
2017-09-26,3852.94,-0.003561167
2017-09-27,4134.21,0.073001396
2017-09-28,4134.88,0.000162062
2017-09-29,4130.42,-0.001078629
2017-09-30,4297.79,0.040521303
2017-10-01,4347.58,0.011585024
2017-10-02,4383.33,0.008222965
2017-10-03,4319.07,-0.014660087
2017-10-04,4231.46,-0.020284459
2017-10-05,4290.38,0.013924272
2017-10-06,4347.55,0.01332516
2017-10-07,4405.02,0.013218939
2017-10-08,4562.32,0.035709259
2017-10-09,4758.72,0.043048274
2017-10-10,4769.48,0.002261112
2017-10-11,4807.93,0.008061675
2017-10-12,5331.62,0.108922135
2017-10-13,5610.49,0.052304928
2017-10-14,5679.22,0.012250267
2017-10-15,5684.05,0.000850469
2017-10-16,5728.93,0.007895779
2017-10-17,5643.86,-0.014849195
2017-10-18,5592.78,-0.009050543
2017-10-19,5696.38,0.018523883
2017-10-20,5952.77,0.045009287
2017-10-21,6043.97,0.015320599
2017-10-22,6003.46,-0.006702548
2017-10-23,5959.98,-0.00724249
2017-10-24,5550.08,-0.068775399
2017-10-25,5704.87,0.027889688
2017-10-26,5883.05,0.031232964
2017-10-27,5775.52,-0.018277934
2017-10-28,5734.31,-0.007135288
2017-10-29,6123.55,0.067879135
2017-10-30,6104.39,-0.003128904
2017-10-31,6368.65,0.043290157
2017-11-01,6714.79,0.054350608
2017-11-02,7059.79,0.05137912
2017-11-03,7234.74,0.02478119
2017-11-04,7390.54,0.021534983
2017-11-05,7416.27,0.003481478
2017-11-06,7103.05,-0.042234169
2017-11-07,7166.74,0.008966571
2017-11-08,7461.82,0.041173532
2017-11-09,7186.29,-0.036925308
2017-11-10,6656.84,-0.073675012
2017-11-11,6365.4,-0.043780533
2017-11-12,5866.51,-0.078375279
2017-11-13,6423.09,0.094874124
2017-11-14,6652.22,0.035672862
2017-11-15,7297.67,0.097027759
2017-11-16,7814.94,0.070881528
2017-11-17,7783.54,-0.004017945
2017-11-18,7827.63,0.005664518
2017-11-19,8011.15,0.023445155
2017-11-20,8220.51,0.026133576
2017-11-21,8114.13,-0.012940803
2017-11-22,8257.12,0.017622345
2017-11-23,8117.66,-0.016889666
2017-11-24,8278.13,0.019768012
2017-11-25,8743.16,0.056175731
2017-11-26,9342.99,0.06860563
2017-11-27,9831.4,0.052275556
2017-11-28,10257.07,0.043296987
2017-11-29,9875.89,-0.03716266
2017-11-30,10406.19,0.053696426
2017-12-01,10995.72,0.056651858
2017-12-02,11162.55,0.015172267
2017-12-03,11256.7,0.008434453
2017-12-04,11634.98,0.033604875
2017-12-05,12174.25,0.046349027
2017-12-06,13876.47,0.139821344
2017-12-07,18491.18,0.332556479
2017-12-08,16908,-0.085618116
2017-12-09,15266.43,-0.097088361
2017-12-10,15808.51,0.035507974
2017-12-11,17106.51,0.082107675
2017-12-12,17249.92,0.008383358
2017-12-13,16525.04,-0.042022224
2017-12-14,16865.36,0.020594201
2017-12-15,17978.63,0.066009264
2017-12-16,19665.39,0.093820274
2017-12-17,19423.58,-0.012296222
2017-12-18,19188.05,-0.012125983
2017-12-19,18174.19,-0.052838095
2017-12-20,17059.89,-0.061312224
2017-12-21,16355.24,-0.041304487
2017-12-22,14084.82,-0.138819119
2017-12-23,15241.92,0.082152275
2017-12-24,14451.11,-0.051883883
2017-12-25,14302.75,-0.010266339
2017-12-26,16616.68,0.161782175
2017-12-27,16373.08,-0.014659968
2017-12-28,15067.9,-0.079714996
2017-12-29,15096.56,0.001902057
2017-12-30,13620.36,-0.097783866
2017-12-31,14839.59,0.089515255
2018-01-01,14093.61,-0.050269583
2018-01-02,15321.93,0.087154391
2018-01-03,15583.89,0.017097063
2018-01-04,15976.37,0.025184983
2018-01-05,18336.92,0.147752587
2018-01-06,18343.66,0.000367564
2018-01-07,17039.87,-0.071075783
2018-01-08,15900.37,-0.066872576
2018-01-09,15604.72,-0.018593907
2018-01-10,15509.27,-0.006116739
2018-01-11,14050.57,-0.094053427
2018-01-12,14759.29,0.050440658
2018-01-13,15193.31,0.029406564
2018-01-14,14476.59,-0.047173394
2018-01-15,14412,-0.004461686
2018-01-16,11723.91,-0.186517485
2018-01-17,11415.39,-0.026315453
2018-01-18,11569.42,0.013493188
2018-01-19,11758.47,0.016340491
2018-01-20,13260.27,0.127720698
2018-01-21,11703.5,-0.117401079
2018-01-22,10991.6,-0.060827957
2018-01-23,10894,-0.008879508
2018-01-24,11277.12,0.035167982
2018-01-25,11225.25,-0.004599579
2018-01-26,11044.91,-0.016065566
2018-01-27,11456.21,0.037238873
2018-01-28,11665.7,0.018286152
2018-01-29,11157.66,-0.043549894
2018-01-30,11095.21,-0.005597052
2018-01-31,9989.69,-0.099639394
2018-02-01,10114.5,0.012493881
2018-02-02,9070.56,-0.10321222
2018-02-03,8830.16,-0.026503325
2018-02-04,8994.91,0.018657646
2018-02-05,8315.52,-0.075530494
2018-02-06,6852.05,-0.175992602
2018-02-07,7711.22,0.125388752
2018-02-08,7611.61,-0.012917541
2018-02-09,8208.57,0.07842756
2018-02-10,8650.72,0.053864437
2018-02-11,8574.68,-0.00879002
2018-02-12,8168.64,-0.047353371
2018-02-13,8911.4,0.090928233
2018-02-14,8518.27,-0.044115403
2018-02-15,9428.03,0.106801029
2018-02-16,10112.58,0.072607957
2018-02-17,10155.28,0.004222464
2018-02-18,11006.65,0.083835207
2018-02-19,10523.43,-0.04390255
2018-02-20,11103.09,0.055082801
2018-02-21,11502.38,0.035962061
2018-02-22,9973.59,-0.132910754
2018-02-23,10032.86,0.005942695
2018-02-24,10301.88,0.02681389
2018-02-25,9742.63,-0.054286208
2018-02-26,9699.52,-0.004424883
2018-02-27,10355.58,0.067638399
2018-02-28,10709.39,0.034166121
2018-03-01,10346.66,-0.033870276
2018-03-02,10859.55,0.049570586
2018-03-03,11098.08,0.021964999
2018-03-04,11356.04,0.02324366
2018-03-05,11286.68,-0.006107763
2018-03-06,11526.42,0.021240967
2018-03-07,10727.72,-0.069292981
2018-03-08,9999.68,-0.067865306
2018-03-09,9420.85,-0.057884852
2018-03-10,9276.34,-0.01533938
2018-03-11,8890.87,-0.041554104
2018-03-12,9512.46,0.069913293
2018-03-13,9232.71,-0.029408796
2018-03-14,9216.53,-0.001752465
2018-03-15,8307.22,-0.098660776
2018-03-16,8359.37,0.006277672
2018-03-17,8520.01,0.019216759
2018-03-18,8063.41,-0.053591486
2018-03-19,8217.84,0.019151947
2018-03-20,8640.52,0.05143444
2018-03-21,8926.82,0.03313458
2018-03-22,8970.32,0.004872956
2018-03-23,8736.39,-0.026078222
2018-03-24,8824.59,0.010095703
2018-03-25,8621.15,-0.023053762
2018-03-26,8478.64,-0.016530277
2018-03-27,8186.2,-0.034491381
2018-03-28,7836.76,-0.042686472
2018-03-29,7930.78,0.011997305
2018-03-30,7126.9,-0.101362035
2018-03-31,6897.27,-0.03222018
2018-04-01,6975.28,0.011310272
2018-04-02,6836.57,-0.01988594
2018-04-03,7080.42,0.035668471
2018-04-04,7464.36,0.054225597
2018-04-05,6845.32,-0.082932763
2018-04-06,6855.42,0.001475461
2018-04-07,6628.75,-0.033064349
2018-04-08,6884.48,0.038578918
2018-04-09,6984.81,0.014573359
2018-04-10,6778.49,-0.029538384
2018-04-11,6829.32,0.00749872
2018-04-12,6925.1,0.014024822
2018-04-13,7836.4,0.131593768
2018-04-14,7845.75,0.00119315
2018-04-15,7897.72,0.006623968
2018-04-16,8258.07,0.045627092
2018-04-17,8031,-0.02749674
2018-04-18,7873.64,-0.019594073
2018-04-19,8097.42,0.028421416
2018-04-20,8277.46,0.022234243
2018-04-21,8499.45,0.026818613
2018-04-22,8878.43,0.044588768
2018-04-23,8769.01,-0.012324251
2018-04-24,8881.39,0.012815586
2018-04-25,9716.49,0.094028074
2018-04-26,8825.2,-0.091729627
2018-04-27,9221.87,0.044947423
2018-04-28,8940.38,-0.030524178
2018-04-29,9249.66,0.034593608
2018-04-30,9325.63,0.008213275
2018-05-01,9198.19,-0.013665565
2018-05-02,9024.39,-0.018895022
2018-05-03,9122.65,0.010888271
2018-05-04,9551.14,0.046969905
2018-05-05,9634.54,0.008731942
2018-05-06,9766.24,0.013669568
2018-05-07,9583.87,-0.018673512
2018-05-08,9308.27,-0.02875665
2018-05-09,9149.52,-0.017054727
2018-05-10,9248.96,0.01086833
2018-05-11,8969.94,-0.030167716
2018-05-12,8405.56,-0.062919038
2018-05-13,8480.58,0.008925045
2018-05-14,8683.99,0.023985388
2018-05-15,8696.97,0.001494705
2018-05-16,8473.35,-0.025712403
2018-05-17,8343.13,-0.015368184
2018-05-18,8056.05,-0.034409149
2018-05-19,8202.83,0.018219847
2018-05-20,8180.63,-0.002706383
2018-05-21,8443.26,0.032103884
2018-05-22,8355,-0.010453308
2018-05-23,8009.3,-0.041376421
2018-05-24,7556.32,-0.056556753
2018-05-25,7563.44,0.000942258
2018-05-26,7472.02,-0.012087093
2018-05-27,7328.87,-0.019158139
2018-05-28,7326.64,-0.000304276
2018-05-29,7111.07,-0.029422764
2018-05-30,7451.23,0.047835277
2018-05-31,7380.85,-0.00944542
2018-06-01,7460.17,0.01074673
2018-06-02,7487.08,0.003607156
2018-06-03,7567.51,0.010742506
2018-06-04,7639.88,0.009563251
2018-06-05,7463.65,-0.023067116
2018-06-06,7569.01,0.014116418
2018-06-07,7605.58,0.004831543
2018-06-08,7613.78,0.001078156
2018-06-09,7561.17,-0.00690984
2018-06-10,7415,-0.019331664
2018-06-11,6767.5,-0.087322994
2018-06-12,6880.13,0.016642778
2018-06-13,6581.83,-0.043356739
2018-06-14,6334.1,-0.037638468
2018-06-15,6644.72,0.049039327
2018-06-16,6406.81,-0.035804368
2018-06-17,6478.82,0.011239603
2018-06-18,6418.85,-0.009256315
2018-06-19,6677.53,0.040300054
2018-06-20,6708.68,0.004664899
2018-06-21,6714.38,0.000849646
2018-06-22,6690.83,-0.003507398
2018-06-23,6088.58,-0.090011254
2018-06-24,6169.44,0.013280601
2018-06-25,6159.71,-0.001577129
2018-06-26,6241.85,0.013335043
2018-06-27,6069.87,-0.027552729
2018-06-28,6117.04,0.007771171
2018-06-29,5879.99,-0.038752403
2018-06-30,6182.26,0.05140655
2018-07-01,6366.5,0.029801399
2018-07-02,6312.88,-0.00842221
2018-07-03,6595.55,0.04477671
2018-07-04,6497.61,-0.014849406
2018-07-05,6562.72,0.010020608
2018-07-06,6537.74,-0.003806349
2018-07-07,6603.29,0.010026401
2018-07-08,6759.84,0.023707879
2018-07-09,6700.64,-0.008757604
2018-07-10,6648.26,-0.007817164
2018-07-11,6303.38,-0.051875228
2018-07-12,6373.23,0.011081356
2018-07-13,6230.59,-0.022381116
2018-07-14,6248.4,0.002858477
2018-07-15,6246.14,-0.000361693
2018-07-16,6349.7,0.01657984
2018-07-17,6741.69,0.061733625
2018-07-18,7303.37,0.083314421
2018-07-19,7334.77,0.004299385
2018-07-20,7442.8,0.014728478
2018-07-21,7331.87,-0.014904337
2018-07-22,7379.14,0.006447196
2018-07-23,7395.87,0.002267202
2018-07-24,7705,0.041797652
2018-07-25,8422.37,0.093104478
2018-07-26,8144.55,-0.032985965
2018-07-27,7929.08,-0.026455728
2018-07-28,8145.33,0.027273025
2018-07-29,8192.14,0.005746851
2018-07-30,8197.59,0.000665272
2018-07-31,8185.92,-0.001423589
2018-08-01,7738.25,-0.054687805
2018-08-02,7612.3,-0.01627629
2018-08-03,7540.63,-0.009415026
2018-08-04,7411.67,-0.017102019
2018-08-05,7009.01,-0.054327837
2018-08-06,7036.61,0.003937789
2018-08-07,6926.12,-0.015702163
2018-08-08,6711.73,-0.030953839
2018-08-09,6259.53,-0.067374582
2018-08-10,6531.25,0.04340901
2018-08-11,6166.59,-0.05583311
2018-08-12,6205.22,0.006264402
2018-08-13,6318.41,0.018241094
2018-08-14,6284,-0.00544599
2018-08-15,6212.23,-0.011421069
2018-08-16,6267.77,0.008940429
2018-08-17,6309.39,0.00664032
2018-08-18,6566.72,0.040785242
2018-08-19,6382.06,-0.028120584
2018-08-20,6475.49,0.014639474
2018-08-21,6242.88,-0.035921606
2018-08-22,6467.27,0.035943347
2018-08-23,6336.66,-0.020195538
2018-08-24,6521.07,0.029102082
2018-08-25,6684.38,0.025043436
2018-08-26,6736.04,0.007728465
2018-08-27,6728.29,-0.001150528
2018-08-28,6911.1,0.027170351
2018-08-29,7075.98,0.023857273
2018-08-30,7046.75,-0.004130877
2018-08-31,7024.15,-0.003207152
2018-09-01,7027.63,0.000495434
2018-09-02,7211.27,0.026131142
2018-09-03,7305.27,0.013035152
2018-09-04,7260.9,-0.006073697
2018-09-05,7359.46,0.013574075
2018-09-06,6764.93,-0.08078446
2018-09-07,6498.28,-0.03941652
2018-09-08,6397.82,-0.015459475
2018-09-09,6181.19,-0.033859971
2018-09-10,6260.76,0.012872926
2018-09-11,6308.14,0.007567771
2018-09-12,6278.92,-0.00463211
2018-09-13,6330.57,0.008225937
2018-09-14,6486.46,0.024624955
2018-09-15,6500.01,0.002088967
2018-09-16,6530.22,0.004647685
2018-09-17,6506.25,-0.003670627
2018-09-18,6250.12,-0.039366763
2018-09-19,6347.07,0.015511702
2018-09-20,6383.75,0.005779045
2018-09-21,6491.89,0.016939886
2018-09-22,6753.83,0.040348804
2018-09-23,6747.03,-0.001006836
2018-09-24,6711.03,-0.005335681
2018-09-25,6596.19,-0.017112127
2018-09-26,6441.31,-0.023480221
2018-09-27,6462.8,0.003336278
2018-09-28,6704.7,0.037429597
2018-09-29,6634.77,-0.010429997
2018-09-30,6606.07,-0.004325696
2018-10-01,6626.04,0.003022977
2018-10-02,6598.84,-0.004105016
2018-10-03,6524.61,-0.011248947
2018-10-04,6499.26,-0.00388529
2018-10-05,6578.7,0.01222293
2018-10-06,6621.19,0.006458723
2018-10-07,6589.12,-0.00484354
2018-10-08,6584.83,-0.000651073
2018-10-09,6653.09,0.010366251
2018-10-10,6633.75,-0.00290692
2018-10-11,6582.46,-0.007731675
2018-10-12,6234.37,-0.052881446
2018-10-13,6285.59,0.008215746
2018-10-14,6314.88,0.004659865
2018-10-15,6328.55,0.002164728
2018-10-16,6659.88,0.052354805
2018-10-17,6635.13,-0.003716283
2018-10-18,6635.74,9.19E-05
2018-10-19,6517.51,-0.017817154
2018-10-20,6483.83,-0.005167618
2018-10-21,6532.68,0.007534127
2018-10-22,6529.67,-0.00046076
2018-10-23,6512.59,-0.002615752
2018-10-24,6472.8,-0.006109704
2018-10-25,6481.44,0.001334816
2018-10-26,6458.19,-0.003587166
2018-10-27,6468.83,0.00164752
2018-10-28,6457.06,-0.001819494
2018-10-29,6481.32,0.003757128
2018-10-30,6292.65,-0.029109811
2018-10-31,6331.78,0.006218366
2018-11-01,6366.72,0.005518196
2018-11-02,6379.97,0.002081134
2018-11-03,6425.44,0.007126993
2018-11-04,6388.19,-0.005797268
2018-11-05,6351.06,-0.005812288
2018-11-06,6415.44,0.010136891
2018-11-07,6474.85,0.009260472
2018-11-08,6574.8,0.015436651
2018-11-09,6490.45,-0.012829288
2018-11-10,6413.78,-0.01181274
2018-11-11,6429.9,0.002513338
2018-11-12,6434.28,0.000681193
2018-11-13,6411.35,-0.003563724
2018-11-14,6394.29,-0.002660906
2018-11-15,5788.61,-0.09472201
2018-11-16,5686.54,-0.017632903
2018-11-17,5609.96,-0.013466888
2018-11-18,5599.19,-0.0019198
2018-11-19,5638.86,0.007084953
2018-11-20,4889.2,-0.132945312
2018-11-21,4450.71,-0.089685429
2018-11-22,4613.45,0.036564953
2018-11-23,4307.39,-0.066340808
2018-11-24,4376.9,0.016137382
2018-11-25,3895.84,-0.10990884
2018-11-26,4039.84,0.036962504
2018-11-27,3811.92,-0.056418076
2018-11-28,3832.92,0.005509035
2018-11-29,4267.24,0.113313088
2018-11-30,4279.48,0.002868365
2018-12-01,4009.69,-0.063042706
2018-12-02,4189.57,0.044861323
2018-12-03,4124.59,-0.015509945
2018-12-04,3878.84,-0.05958168
2018-12-05,3943.69,0.016718916
2018-12-06,3751.69,-0.048685368
2018-12-07,3466.76,-0.075947107
2018-12-08,3408.52,-0.016799548
2018-12-09,3424.71,0.004749862
2018-12-10,3550.55,0.036744717
2018-12-11,3433.81,-0.032879413
2018-12-12,3378.81,-0.016017194
2018-12-13,3438.1,0.017547598
2018-12-14,3294.64,-0.041726535
2018-12-15,3216.63,-0.023677853
2018-12-16,3221.98,0.001663231
2018-12-17,3217.05,-0.001530115
2018-12-18,3506.22,0.089886697
2018-12-19,3655.78,0.042655623
2018-12-20,3687.75,0.008745056
2018-12-21,4065.1,0.102325266
2018-12-22,3846.23,-0.053841234
2018-12-23,3960.57,0.029727811
2018-12-24,3941.62,-0.004784665
2018-12-25,4021.99,0.020390093
2018-12-26,3759.18,-0.065343275
2018-12-27,3781.61,0.005966727
2018-12-28,3587.7,-0.051277102
2018-12-29,3854.42,0.074342894
2018-12-30,3778.19,-0.019777295
2018-12-31,3809.73,0.008347913
2019-01-01,3692.53,-0.030763335
2019-01-02,3794.26,0.027550216
2019-01-03,3872.17,0.020533648
2019-01-04,3776.53,-0.024699329
2019-01-05,3815.27,0.010258094
2019-01-06,3787.31,-0.007328446
2019-01-07,4013.52,0.059728409
2019-01-08,3989.67,-0.005942415
2019-01-09,3973.59,-0.004030409
2019-01-10,3982.23,0.002174356
2019-01-11,3623.85,-0.089994802
2019-01-12,3632.85,0.002483547
2019-01-13,3598.44,-0.009471902
2019-01-14,3495.83,-0.028515134
2019-01-15,3648.05,0.043543307
2019-01-16,3567.8,-0.021998054
2019-01-17,3597.65,0.0083665
2019-01-18,3620.98,0.006484789
2019-01-19,3597.79,-0.006404344
2019-01-20,3674.59,0.021346438
2019-01-21,3539.17,-0.036853091
2019-01-22,3531,-0.002308451
2019-01-23,3571.27,0.011404701
2019-01-24,3555.7,-0.004359794
2019-01-25,3565.64,0.002795511
2019-01-26,3564.82,-0.000229973
2019-01-27,3563.61,-0.000339428
2019-01-28,3553.12,-0.002943644
2019-01-29,3432.22,-0.034026433
2019-01-30,3413.38,-0.005489159
2019-01-31,3457.88,0.013036931
2019-02-01,3431.94,-0.007501706
2019-02-02,3464.49,0.009484432
2019-02-03,3486.58,0.006376119
2019-02-04,3454.03,-0.009335796
2019-02-05,3464,0.002886483
2019-02-06,3469.89,0.001700346
2019-02-07,3405.84,-0.018458798
2019-02-08,3394.01,-0.003473446
2019-02-09,3664.28,0.079631468
2019-02-10,3667.41,0.000854192
2019-02-11,3675.69,0.002257724
2019-02-12,3631.44,-0.012038556
2019-02-13,3633.97,0.000696693
2019-02-14,3610.06,-0.006579581
2019-02-15,3589.66,-0.005650876
2019-02-16,3601.23,0.003223146
2019-02-17,3622.59,0.005931307
2019-02-18,3665.08,0.011729177
2019-02-19,3886.52,0.060418872
2019-02-20,3915.01,0.007330465
2019-02-21,3976.81,0.0157854
2019-02-22,3934.81,-0.010561229
2019-02-23,3973.64,0.009868329
2019-02-24,4115.34,0.035659999
2019-02-25,3742.87,-0.09050771
2019-02-26,3824.68,0.021857559
2019-02-27,3809.21,-0.004044783
2019-02-28,3813.38,0.001094715
2019-03-01,3815.61,0.000584783
2019-03-02,3815.75,3.67E-05
2019-03-03,3819.65,0.00102208
2019-03-04,3806.95,-0.003324912
2019-03-05,3712.81,-0.024728457
2019-03-06,3852.46,0.037613021
2019-03-07,3860.51,0.002089574
2019-03-08,3871.64,0.002883039
2019-03-09,3861.88,-0.002520896
2019-03-10,3941.6,0.020642796
2019-03-11,3923.56,-0.004576822
2019-03-12,3860.36,-0.01610782
2019-03-13,3876.48,0.004175776
2019-03-14,3865.82,-0.002749917
2019-03-15,3876.7,0.002814409
2019-03-16,3925.46,0.012577708
2019-03-17,4007.71,0.020952958
2019-03-18,3980.99,-0.006667149
2019-03-19,3986.71,0.001436829
2019-03-20,4013.58,0.006739893
2019-03-21,4045.57,0.00797044
2019-03-22,3983.32,-0.015387201
2019-03-23,3989.16,0.001466114
2019-03-24,4008.95,0.004960944
2019-03-25,3993.39,-0.003881316
2019-03-26,3927.58,-0.016479733
2019-03-27,3938.66,0.002821076
2019-03-28,4036.16,0.024754612
2019-03-29,4028.39,-0.001925097
2019-03-30,4103.32,0.018600483
2019-03-31,4103.86,0.000131601
2019-04-01,4103.52,-8.28E-05
2019-04-02,4146.32,0.01043007
2019-04-03,4862.23,0.172661541
2019-04-04,4955.83,0.019250426
2019-04-05,4899.02,-0.011463266
2019-04-06,5014.96,0.023665958
2019-04-07,5041.87,0.005365945
2019-04-08,5176.98,0.026797597
2019-04-09,5266.89,0.017367268
2019-04-10,5172.18,-0.017982149
2019-04-11,5308.91,0.026435662
2019-04-12,5047.79,-0.049185238
2019-04-13,5082.47,0.006870333
2019-04-14,5072.99,-0.001865235
2019-04-15,5149.31,0.015044382
2019-04-16,5039.88,-0.021251391
2019-04-17,5213.6,0.034469075
2019-04-18,5218.96,0.00102808
2019-04-19,5274.77,0.010693701
2019-04-20,5280.35,0.001057866
2019-04-21,5307.69,0.005177687
2019-04-22,5311.16,0.000653768
2019-04-23,5380.94,0.013138373
2019-04-24,5557.93,0.032892023
2019-04-25,5452.1,-0.019041262
2019-04-26,5203.09,-0.04567231
2019-04-27,5295.85,0.017827868
2019-04-28,5256.98,-0.007339709
2019-04-29,5257.8,0.000155983
2019-04-30,5199.76,-0.011038838
2019-05-01,5292.8,0.017893134
2019-05-02,5354.59,0.01167435
2019-05-03,5450.71,0.017950954
2019-05-04,5731.49,0.051512555
2019-05-05,5803.94,0.012640692
2019-05-06,5749.32,-0.009410848
2019-05-07,5715.76,-0.005837212
2019-05-08,5841.05,0.021920095
2019-05-09,5957.86,0.019998117
2019-05-10,6168.27,0.035316372
2019-05-11,6370.23,0.032741757
2019-05-12,7258.26,0.13940313
2019-05-13,6953.75,-0.041953581
2019-05-14,7805.98,0.122556894
2019-05-15,7990.06,0.023581921
2019-05-16,8192.22,0.025301437
2019-05-17,7875.91,-0.038611024
2019-05-18,7343.37,-0.067616314
2019-05-19,7300.66,-0.005816131
2019-05-20,8168.73,0.118902949
2019-05-21,7976.85,-0.023489575
2019-05-22,7958.37,-0.002316704
2019-05-23,7665.8,-0.036762553
2019-05-24,7861.81,0.025569412
2019-05-25,7977.24,0.01468237
2019-05-26,8037.63,0.007570287
2019-05-27,8631.08,0.073833954
2019-05-28,8816.03,0.021428373
2019-05-29,8726.98,-0.010100918
2019-05-30,8650.68,-0.008743002
2019-05-31,8310.89,-0.039278993
2019-06-01,8575.65,0.031856997
2019-06-02,8554.26,-0.002494272
2019-06-03,8743.71,0.02214686
2019-06-04,8173.63,-0.065198869
2019-06-05,7683.64,-0.059947661
2019-06-06,7812.45,0.01676419
2019-06-07,7821.12,0.001109767
2019-06-08,8036.11,0.02748839
2019-06-09,7942.54,-0.011643693
2019-06-10,7668.03,-0.034561992
2019-06-11,8002.73,0.04364876
2019-06-12,7897.98,-0.013089283
2019-06-13,8145.06,0.031283949
2019-06-14,8227.63,0.010137433
2019-06-15,8671.51,0.053949922
2019-06-16,8818.61,0.016963597
2019-06-17,8978.77,0.018161592
2019-06-18,9312.87,0.037209996
2019-06-19,9094.02,-0.023499737
2019-06-20,9285.93,0.021102879
2019-06-21,9548.31,0.028255651
2019-06-22,10118.36,0.059701664
2019-06-23,10704.92,0.057969869
2019-06-24,10846.13,0.013191131
2019-06-25,11045.55,0.018386282
2019-06-26,11808.42,0.069065823
2019-06-27,12996.12,0.100580772
2019-06-28,11178.68,-0.139844815
2019-06-29,12352.2,0.104978405
2019-06-30,11972.56,-0.030734606
2019-07-01,10888.1,-0.09057879
2019-07-02,10639.05,-0.022873596
2019-07-03,10822.76,0.017267519
2019-07-04,11975.64,0.106523659
2019-07-05,11229.61,-0.062295627
2019-07-06,10987.25,-0.021582228
2019-07-07,11279.48,0.026597192
2019-07-08,11436.43,0.013914649
2019-07-09,12260.28,0.07203734
2019-07-10,12544.17,0.023155262
2019-07-11,12166.4,-0.030115185
2019-07-12,11385.06,-0.064221134
2019-07-13,11804.56,0.036846534
2019-07-14,11418.51,-0.032703464
2019-07-15,10285.46,-0.099229234
2019-07-16,10911.35,0.060851921
2019-07-17,9538.83,-0.125788285
2019-07-18,9657.3,0.012419762
2019-07-19,10636.16,0.101359593
2019-07-20,10536.57,-0.009363342
2019-07-21,10774.28,0.022560473
2019-07-22,10607.46,-0.015483169
2019-07-23,10343.32,-0.024901343
2019-07-24,9936.38,-0.039343267
2019-07-25,9799.31,-0.013794762
2019-07-26,9878.23,0.008053628
2019-07-27,9846,-0.00326273
2019-07-28,9447.68,-0.040455007
2019-07-29,9534.76,0.009217078
2019-07-30,9510.59,-0.002534935
2019-07-31,9568.44,0.006082693
2019-08-01,10063,0.051686586
2019-08-02,10361.31,0.029644241
2019-08-03,10529.17,0.016200654
2019-08-04,10791.2,0.024886102
2019-08-05,10951.59,0.014863037
2019-08-06,11818.53,0.079161108
2019-08-07,11510.16,-0.026092077
2019-08-08,11970.66,0.040008132
2019-08-09,12024.33,0.004483462
2019-08-10,11852.56,-0.014285203
2019-08-11,11327.84,-0.044270605
2019-08-12,11550,0.019611859
2019-08-13,11381.24,-0.014611255
2019-08-14,10903.65,-0.041962914
2019-08-15,10016.22,-0.081388342
2019-08-16,10295.88,0.027920713
2019-08-17,10324.99,0.002827345
2019-08-18,10224.22,-0.009759816
2019-08-19,10309.87,0.008377167
2019-08-20,10895.97,0.056848437
2019-08-21,10743.79,-0.013966632
2019-08-22,10124.06,-0.057682624
2019-08-23,10127.79,0.000368429
2019-08-24,10385.51,0.025446815
2019-08-25,10145.01,-0.023157264
2019-08-26,10090.06,-0.005416456
2019-08-27,10334.91,0.024266456
2019-08-28,10167.89,-0.01616076
2019-08-29,9753.49,-0.040755752
2019-08-30,9485.14,-0.027513229
2019-08-31,9588.99,0.010948705
2019-09-01,9607.29,0.001908439
2019-09-02,9729.27,0.012696609
2019-09-03,10323.02,0.061027189
2019-09-04,10620.17,0.028785181
2019-09-05,10573.52,-0.004392585
2019-09-06,10570.25,-0.000309263
2019-09-07,10350.75,-0.020765829
2019-09-08,10461.55,0.010704538
2019-09-09,10404.33,-0.005469553
2019-09-10,10321.93,-0.00791978
2019-09-11,10121.1,-0.019456633
2019-09-12,10150.71,0.002925571
2019-09-13,10401.32,0.024688913
2019-09-14,10355.63,-0.004392712
2019-09-15,10349.55,-0.00058712
2019-09-16,10305.68,-0.004238832
2019-09-17,10268.42,-0.003615482
2019-09-18,10203.07,-0.006364173
2019-09-19,10158.85,-0.00433399
2019-09-20,10253.23,0.009290422
2019-09-21,10178.44,-0.007294287
2019-09-22,9997.2,-0.017806265
2019-09-23,10041.3,0.004411235
2019-09-24,9699.5,-0.034039417
2019-09-25,8702.71,-0.102767153
2019-09-26,8446.24,-0.029470131
2019-09-27,8098.81,-0.04113428
2019-09-28,8183.48,0.010454622
2019-09-29,8225.11,0.005087078
2019-09-30,8064.38,-0.01954138
2019-10-01,8271.29,0.025657273
2019-10-02,8366.5,0.011510901
2019-10-03,8350.13,-0.001956613
2019-10-04,8176.35,-0.020811652
2019-10-05,8156.52,-0.002425288
2019-10-06,8140.24,-0.001995949
2019-10-07,7890.23,-0.030712854
2019-10-08,8182.25,0.037010328
2019-10-09,8180.69,-0.000190657
2019-10-10,8573.06,0.047962947
2019-10-11,8561.52,-0.001346077
2019-10-12,8277.85,-0.033133135
2019-10-13,8308.47,0.003699028
2019-10-14,8289.5,-0.002283212
2019-10-15,8347.35,0.006978708
2019-10-16,8175.86,-0.020544245
2019-10-17,8010.3,-0.020249858
2019-10-18,8079.93,0.008692558
2019-10-19,7957.31,-0.015175874
2019-10-20,7949.8,-0.000943786
2019-10-21,8208.36,0.032524089
2019-10-22,8220.92,0.001530147
2019-10-23,8045.29,-0.021363789
2019-10-24,7468.53,-0.07168915
2019-10-25,7433.92,-0.004634111
2019-10-26,8652.03,0.163858368
2019-10-27,9217.24,0.065326865
2019-10-28,9502.02,0.030896451
2019-10-29,9239.9,-0.027585713
2019-10-30,9407.16,0.018101928
2019-10-31,9171.87,-0.0250118
2019-11-01,9151.82,-0.002186032
2019-11-02,9233.41,0.008915167
2019-11-03,9302.83,0.007518349
2019-11-04,9204.29,-0.010592476
2019-11-05,9378.95,0.018975934
2019-11-06,9300.37,-0.008378337
2019-11-07,9340.05,0.004266497
2019-11-08,9221.07,-0.01273869
2019-11-09,8795.9,-0.046108532
2019-11-10,8809.78,0.001578008
2019-11-11,9043.67,0.026548904
2019-11-12,8729.92,-0.034692774
2019-11-13,8806.75,0.008800768
2019-11-14,8770.78,-0.004084367
2019-11-15,8652.03,-0.013539275
2019-11-16,8480.44,-0.01983234
2019-11-17,8496.38,0.001879619
2019-11-18,8508.5,0.00142649
2019-11-19,8202.83,-0.035925251
2019-11-20,8138.83,-0.007802185
2019-11-21,8095.87,-0.0052784
2019-11-22,7632.49,-0.057236591
2019-11-23,7293.01,-0.044478276
2019-11-24,7309.69,0.002287122
2019-11-25,6935.74,-0.05115812
2019-11-26,7118.26,0.026315865
2019-11-27,7157.68,0.00553787
2019-11-28,7483.75,0.045555264
2019-11-29,7438.62,-0.006030399
2019-11-30,7720.87,0.037943866
2019-12-01,7556.4,-0.021302004
2019-12-02,7405.81,-0.019928802
2019-12-03,7308.98,-0.01307487
2019-12-04,7286.08,-0.003133132
2019-12-05,7209.97,-0.010445946
2019-12-06,7373.78,0.022719928
2019-12-07,7530.92,0.021310644
2019-12-08,7493.55,-0.004962209
2019-12-09,7508.32,0.001971028
2019-12-10,7347.04,-0.021480171
2019-12-11,7233.95,-0.015392593
2019-12-12,7197.43,-0.005048418
2019-12-13,7200.71,0.000455718
2019-12-14,7247.35,0.006477139
2019-12-15,7081.74,-0.022851111
2019-12-16,7108.56,0.003787205
2019-12-17,6901.04,-0.029192973
2019-12-18,6627.16,-0.039686772
2019-12-19,7274.77,0.097720592
2019-12-20,7152.56,-0.016799157
2019-12-21,7185.44,0.004596955
2019-12-22,7141.55,-0.006108185
2019-12-23,7488.2,0.048539883
2019-12-24,7335.21,-0.020430811
2019-12-25,7266.61,-0.009352152
2019-12-26,7204.18,-0.008591351
2019-12-27,7208.49,0.000598264
2019-12-28,7247.62,0.005428321
2019-12-29,7307.89,0.008315833
2019-12-30,7394.03,0.01178726
2019-12-31,7240.43,-0.020773516
2020-01-01,7195.15,-0.006253772
2020-01-02,7193.75,-0.000194576
2020-01-03,6963.85,-0.031958297
2020-01-04,7300.35,0.048320972
2020-01-05,7351.38,0.006990076
2020-01-06,7349.97,-0.000191801
2020-01-07,7734.68,0.05234171
2020-01-08,8147.42,0.053362259
2020-01-09,8045.79,-0.012473887
2020-01-10,7832.8,-0.02647223
2020-01-11,8180.51,0.044391533
2020-01-12,8012.09,-0.020587958
2020-01-13,8171.4,0.019883701
2020-01-14,8110.65,-0.007434467
2020-01-15,8801.87,0.085223749
2020-01-16,8820.85,0.00215636
2020-01-17,8720.92,-0.01132884
2020-01-18,8902.57,0.020829224
2020-01-19,8906.9,0.000486376
2020-01-20,8690.38,-0.024309243
2020-01-21,8631.25,-0.006804075
2020-01-22,8724.82,0.01084084
2020-01-23,8665.44,-0.006805871
2020-01-24,8415.96,-0.028790229
2020-01-25,8432.1,0.001917785
2020-01-26,8348.67,-0.009894332
2020-01-27,8595.73,0.029592738
2020-01-28,8879.34,0.032994289
2020-01-29,9320.81,0.049718785
2020-01-30,9276.89,-0.004712037
2020-01-31,9509.81,0.025107552
2020-02-01,9308.06,-0.021214935
2020-02-02,9363.22,0.005926047
2020-02-03,9338.42,-0.002648661
2020-02-04,9308.91,-0.003160063
2020-02-05,9179.96,-0.01385232
2020-02-06,9592.18,0.044904335
2020-02-07,9744.64,0.015894197
2020-02-08,9799.45,0.005624631
2020-02-09,9890.7,0.009311747
2020-02-10,10148.38,0.026052757
2020-02-11,9890.12,-0.025448397
2020-02-12,10226.93,0.034055199
2020-02-13,10328.9,0.009970734
2020-02-14,10221.26,-0.010421245
2020-02-15,10320.16,0.009675911
2020-02-16,9894.14,-0.041280368
2020-02-17,9943.67,0.005005993
2020-02-18,9723.61,-0.022130662
2020-02-19,10133.82,0.042187007
2020-02-20,9618.41,-0.050860386
2020-02-21,9608.17,-0.001064625
2020-02-22,9673.01,0.006748423
2020-02-23,9658.61,-0.001488678
2020-02-24,9946.72,0.029829344
2020-02-25,9670.96,-0.027723712
2020-02-26,9345.34,-0.033669874
2020-02-27,8801.66,-0.058176589
2020-02-28,8781.18,-0.002326834
2020-02-29,8717.33,-0.007271232
2020-03-01,8552.99,-0.018852103
2020-03-02,8567.8,0.001731558
2020-03-03,8905.88,0.039459371
2020-03-04,8756.72,-0.016748485
2020-03-05,8758.65,0.000220402
2020-03-06,9038.87,0.031993515
2020-03-07,9135.85,0.010729217
2020-03-08,8902.2,-0.02557507
2020-03-09,8041.37,-0.096698569
2020-03-10,7921.33,-0.014927805
2020-03-11,7906.73,-0.001843125
2020-03-12,7935.52,0.003641202
2020-03-13,5142.99,-0.351902585
2020-03-14,5542.82,0.077742714
2020-03-15,5214.19,-0.059289315
2020-03-16,5397.93,0.035238455
2020-03-17,5032.5,-0.067698173
2020-03-18,5389.42,0.070923
2020-03-19,5376.28,-0.00243811
2020-03-20,6170.2,0.14767088
2020-03-21,6195.6,0.00411656
2020-03-22,6145.77,-0.008042805
2020-03-23,5859.65,-0.046555598
2020-03-24,6456.35,0.101832021
2020-03-25,6730.17,0.04241096
2020-03-26,6695.9,-0.005091996
2020-03-27,6765.56,0.010403381
2020-03-28,6397.83,-0.054353224
2020-03-29,6255,-0.022324757
2020-03-30,5915.34,-0.054302158
2020-03-31,6403.14,0.082463561
2020-04-01,6421.71,0.00290014
2020-04-02,6640.8,0.034117081
2020-04-03,6807.9,0.025162631
2020-04-04,6732.85,-0.011023957
2020-04-05,6859.42,0.018798874
2020-04-06,6788.05,-0.01040467
2020-04-07,7297.64,0.075071633
2020-04-08,7196.78,-0.013820906
2020-04-09,7342.29,0.020218765
2020-04-10,7294.49,-0.00651023
2020-04-11,6864.69,-0.058921186
2020-04-12,6878.78,0.002052533
2020-04-13,6913.16,0.004997979
2020-04-14,6857.54,-0.008045525
2020-04-15,6860.18,0.000384978
2020-04-16,6629.43,-0.033636144
2020-04-17,7059.93,0.06493771
2020-04-18,7035.26,-0.003494369
2020-04-19,7242.51,0.029458755
2020-04-20,7127.51,-0.015878473
2020-04-21,6856.46,-0.038028708
2020-04-22,6842.04,-0.002103126
2020-04-23,7110,0.039163758
2020-04-24,7382.79,0.038367089
2020-04-25,7495.39,0.015251687
2020-04-26,7538.56,0.00575954
2020-04-27,7683.87,0.019275565
2020-04-28,7774.28,0.011766206
2020-04-29,7758.23,-0.0020645
2020-04-30,8744.43,0.127116623
2020-05-01,8610.64,-0.015300025
2020-05-02,8824.82,0.024873877
2020-05-03,8966.31,0.016033188
2020-05-04,8888.67,-0.00865908
2020-05-05,8884.41,-0.000479262
2020-05-06,9003.24,0.013375114
2020-05-07,9144.69,0.015711011
2020-05-08,9959.17,0.089065895
2020-05-09,9821.81,-0.013792314
2020-05-10,9566.78,-0.025965682
2020-05-11,8752.62,-0.085102825
2020-05-12,8604.75,-0.01689437
2020-05-13,8788.47,0.021350998
2020-05-14,9283.09,0.056280559
2020-05-15,9796.49,0.055304861
2020-05-16,9309.3,-0.049731077
2020-05-17,9375.3,0.007089685
2020-05-18,9666.33,0.031042207
2020-05-19,9708.44,0.004356359
2020-05-20,9760.2,0.005331444
2020-05-21,9526.51,-0.023943157
2020-05-22,9059.96,-0.048973863
2020-05-23,9131.77,0.007926084
2020-05-24,9170.36,0.004225906
2020-05-25,8731.85,-0.047818188
2020-05-26,8883.69,0.017389213
2020-05-27,8839.13,-0.005015934
2020-05-28,9174.12,0.037898526
2020-05-29,9546.05,0.040541218
2020-05-30,9427.12,-0.012458556
2020-05-31,9662.71,0.024990665
2020-06-01,9466.96,-0.020258292
2020-06-02,10167.93,0.074043832
2020-06-03,9515.24,-0.06419104
2020-06-04,9645.23,0.013661242
2020-06-05,9776.2,0.013578733
2020-06-06,9636.97,-0.01424173
2020-06-07,9662.86,0.002686529
2020-06-08,9738.6,0.007838259
2020-06-09,9773.03,0.003535416
2020-06-10,9767.01,-0.000615981
2020-06-11,9874.9,0.011046369
2020-06-12,9326,-0.055585373
2020-06-13,9469.53,0.015390307
2020-06-14,9469.47,-6.34E-06
2020-06-15,9345.96,-0.013042969
2020-06-16,9431.72,0.009176157
2020-06-17,9524.93,0.009882609
2020-06-18,9463.36,-0.006464089
2020-06-19,9399.77,-0.006719601
2020-06-20,9312.78,-0.009254482
2020-06-21,9360.25,0.005097296
2020-06-22,9298.36,-0.006612003
2020-06-23,9678.68,0.040901836
2020-06-24,9624.68,-0.005579273
2020-06-25,9288.06,-0.034974669
2020-06-26,9258.67,-0.003164278
2020-06-27,9166.49,-0.009956074
2020-06-28,9013.91,-0.016645412
2020-06-29,9139.9,0.013977286
2020-06-30,9185.17,0.004953008
2020-07-01,9149.72,-0.003859482
2020-07-02,9230.67,0.008847265
2020-07-03,9094.32,-0.014771409
2020-07-04,9071.39,-0.002521354
2020-07-05,9132.91,0.006781761
2020-07-06,9087.41,-0.004981983
2020-07-07,9342.38,0.028057499
2020-07-08,9253.63,-0.009499721
2020-07-09,9432.17,0.01929405
2020-07-10,9235.72,-0.020827657
2020-07-11,9282.91,0.00510951
2020-07-12,9234.31,-0.005235427
2020-07-13,9297.48,0.006840793
2020-07-14,9240.76,-0.006100578
2020-07-15,9247.06,0.000681762
2020-07-16,9203.37,-0.004724745
2020-07-17,9136.48,-0.00726799
2020-07-18,9156.28,0.002167137
2020-07-19,9168.4,0.001323682
2020-07-20,9202.62,0.003732385
2020-07-21,9163.16,-0.004287909
2020-07-22,9384.38,0.024142326
2020-07-23,9514.3,0.013844282
2020-07-24,9589.82,0.007937526
2020-07-25,9535.94,-0.005618458
2020-07-26,9691.83,0.016347628
2020-07-27,9925.75,0.024135793
2020-07-28,10962.26,0.104426366
2020-07-29,10904.92,-0.005230673
2020-07-30,11093.61,0.017303199
2020-07-31,11116.31,0.002046223
2020-08-01,11325.55,0.018822793
2020-08-02,11812.09,0.042959503
2020-08-03,11066.31,-0.063137006
2020-08-04,11230.91,0.014873973
2020-08-05,11181.92,-0.004362069
2020-08-06,11719.26,0.048054359
2020-08-07,11768.13,0.004170059
2020-08-08,11571.49,-0.016709537
2020-08-09,11739.13,0.01448733
2020-08-10,11682.85,-0.004794222
2020-08-11,11862.94,0.015414903
2020-08-12,11398.67,-0.039136167
2020-08-13,11579.87,0.015896591
2020-08-14,11817.16,0.020491594
2020-08-15,11777.39,-0.003365445
2020-08-16,11864.91,0.007431188
2020-08-17,11901.78,0.003107482
2020-08-18,12272.47,0.031145761
2020-08-19,11949.61,-0.026307663
2020-08-20,11733.28,-0.01810352
2020-08-21,11861.84,0.010956868
2020-08-22,11515.12,-0.029229867
2020-08-23,11676.39,0.014005065
2020-08-24,11647.93,-0.002437397
2020-08-25,11758.83,0.009521005
2020-08-26,11350.75,-0.034704133
2020-08-27,11465,0.010065414
2020-08-28,11300.4,-0.014356738
2020-08-29,11519.12,0.019355067
2020-08-30,11481.48,-0.003267611
2020-08-31,11701,0.019119486
2020-09-01,11672.32,-0.002451073
2020-09-02,11895.23,0.019097317
2020-09-03,11418.25,-0.040098426
2020-09-04,10197.46,-0.106915683
2020-09-05,10484.47,0.028145244
2020-09-06,10177.79,-0.029250882
2020-09-07,10260.02,0.008079357
2020-09-08,10359.45,0.009691014
2020-09-09,10125.01,-0.022630545
2020-09-10,10230.15,0.010384187
2020-09-11,10342.16,0.010949009
2020-09-12,10378.22,0.003486699
2020-09-13,10439.38,0.005893111
2020-09-14,10328.87,-0.010585878
2020-09-15,10661.1,0.032165184
2020-09-16,10787.58,0.011863691
2020-09-17,10952.25,0.015264777
2020-09-18,10938,-0.001301103
2020-09-19,10927.15,-0.000991955
2020-09-20,11084,0.014354155
2020-09-21,10923.33,-0.014495669
2020-09-22,10439.52,-0.044291439
2020-09-23,10527.59,0.008436212
2020-09-24,10223.78,-0.028858457
2020-09-25,10726.53,0.049174571
2020-09-26,10681.99,-0.004152321
2020-09-27,10743.19,0.00572927
2020-09-28,10765.3,0.002058048
2020-09-29,10672.03,-0.008663948
2020-09-30,10837.52,0.01550689
2020-10-01,10770.88,-0.006149008
2020-10-02,10627.98,-0.013267254
2020-10-03,10572.67,-0.005204187
2020-10-04,10546.66,-0.002460117
2020-10-05,10670.7,0.011761069
2020-10-06,10784.95,0.010706889
2020-10-07,10605.96,-0.016596275
2020-10-08,10668.01,0.005850484
2020-10-09,10888.67,0.02068427
2020-10-10,11063.25,0.016033179
2020-10-11,11286.54,0.020183038
2020-10-12,11377.81,0.008086624
2020-10-13,11543.18,0.014534431
2020-10-14,11426.11,-0.010141919
2020-10-15,11435.57,0.000827928
2020-10-16,11495.58,0.005247661
2020-10-17,11319.1,-0.015351987
2020-10-18,11365.81,0.004126653
2020-10-19,11495.9,0.011445731
2020-10-20,11752.15,0.022290556
2020-10-21,11908.71,0.013321818
2020-10-22,12806.44,0.07538432
2020-10-23,12951.04,0.011291194
2020-10-24,12928.07,-0.001773603
2020-10-25,13106.05,0.013766943
2020-10-26,13021.41,-0.006458086
2020-10-27,13060.79,0.00302425
2020-10-28,13655.19,0.045510264
2020-10-29,13283,-0.027256303
2020-10-30,13441.88,0.011961153
2020-10-31,13537.17,0.007089038
2020-11-01,13778.64,0.017837554
2020-11-02,13720.36,-0.004229735
2020-11-03,13558.36,-0.01180727
2020-11-04,13989.98,0.031834234
2020-11-05,14101.72,0.007987145
2020-11-06,15553.33,0.102938507
2020-11-07,15548.31,-0.00032276
2020-11-08,14818.46,-0.046940793
2020-11-09,15496.32,0.045744295
2020-11-10,15335.34,-0.010388273
2020-11-11,15278.71,-0.003692778
2020-11-12,15686.91,0.026716915
2020-11-13,16265.15,0.036861307
2020-11-14,16326.81,0.003790927
2020-11-15,16095.56,-0.01416382
2020-11-16,15984.67,-0.006889478
2020-11-17,16714.4,0.045651865
2020-11-18,17651.82,0.056084574
2020-11-19,17829.93,0.010090178
2020-11-20,17819.76,-0.000570389
2020-11-21,18628.81,0.045401846
2020-11-22,18689.53,0.003259467
2020-11-23,18390.61,-0.015993982
2020-11-24,18360.69,-0.001626917
2020-11-25,19091.52,0.03980406
2020-11-26,18753.29,-0.017716243
2020-11-27,17138.03,-0.086132087
2020-11-28,17140.28,0.000131287
2020-11-29,17718.97,0.033761992
2020-11-30,18169.95,0.025451818
2020-12-01,19609.52,0.079228066
2020-12-02,18857.42,-0.03835382
2020-12-03,19208.4,0.018612302
2020-12-04,19435.2,0.011807334
2020-12-05,18711.23,-0.037250453
2020-12-06,19139.11,0.022867551
2020-12-07,19325.55,0.00974131
2020-12-08,19198.81,-0.006558157
2020-12-09,18336.51,-0.044914242
2020-12-10,18564.99,0.012460386
2020-12-11,18262.06,-0.016317272
2020-12-12,18058.03,-0.011172343
2020-12-13,18807.1,0.041481269
2020-12-14,19151.13,0.01829256
2020-12-15,19259.97,0.005683216
2020-12-16,19432.36,0.008950689
2020-12-17,21317.66,0.097018581
2020-12-18,22805.66,0.069801282
2020-12-19,23120.57,0.013808414
2020-12-20,23863.85,0.032147996
2020-12-21,23518.32,-0.014479223
2020-12-22,22840.99,-0.028800101
2020-12-23,23794.79,0.04175826
2020-12-24,23308.13,-0.020452376
2020-12-25,23760.29,0.01939924
2020-12-26,24671.11,0.038333707
2020-12-27,26476.13,0.073163307
2020-12-28,26423.23,-0.001998026
2020-12-29,27125.38,0.026573208
2020-12-30,27424.54,0.011028786
2020-12-31,28837.29,0.051514082
2021-01-01,29022.42,0.006419813
2021-01-02,29352.13,0.011360527
2021-01-03,32163.82,0.095791685
2021-01-04,33008.23,0.026253411
2021-01-05,31515.58,-0.04522054
2021-01-06,34082.21,0.081440037
2021-01-07,36933.52,0.083659774
2021-01-08,39547.08,0.070763902
2021-01-09,40815.96,0.032085302
2021-01-10,40296.53,-0.012726149
2021-01-11,38397.9,-0.047116464
2021-01-12,35669.91,-0.071045292
2021-01-13,33938.34,-0.048544277
2021-01-14,37456.01,0.103648853
2021-01-15,39232.75,0.047435378
2021-01-16,36787.52,-0.062326245
2021-01-17,36254.71,-0.014483444
2021-01-18,35804.26,-0.012424593
2021-01-19,36595.46,0.022097929
2021-01-20,36104.86,-0.013406035
2021-01-21,35587.49,-0.01432965
2021-01-22,30913.7,-0.131332387
2021-01-23,32957.91,0.066126345
2021-01-24,32068.09,-0.026998678
2021-01-25,32273.52,0.006406057
2021-01-26,32375.32,0.003154289
2021-01-27,32582.11,0.006387273
2021-01-28,30445.53,-0.06557525
2021-01-29,33128.35,0.088118683
2021-01-30,34150.82,0.030863898
2021-01-31,34199.52,0.001426027
2021-02-01,33064.79,-0.033179705
2021-02-02,33405.99,0.010319134
2021-02-03,35485.99,0.062264283
2021-02-04,37494.72,0.056606283
2021-02-05,36816.51,-0.018088147
2021-02-06,38007.83,0.032358309
2021-02-07,39279.41,0.033455738
2021-02-08,38833.34,-0.011356331
2021-02-09,46307.57,0.192469409
2021-02-10,46569.56,0.005657606
2021-02-11,44848.69,-0.036952679
2021-02-12,47815.96,0.066161799
2021-02-13,47414.19,-0.008402425
2021-02-14,46941.29,-0.009973807
2021-02-15,48607.87,0.035503498
2021-02-16,47898.49,-0.014593933
2021-02-17,49238.14,0.027968523
2021-02-18,52143.68,0.059009946
2021-02-19,51733.08,-0.007874396
2021-02-20,56038.73,0.083228178
2021-02-21,56377.63,0.006047603
2021-02-22,57669.3,0.022911038
2021-02-23,54410.86,-0.05650216
2021-02-24,48691.89,-0.105107142
2021-02-25,49849.38,0.023771721
2021-02-26,46992.67,-0.057306831
2021-02-27,46551.49,-0.009388273
2021-02-28,46653.53,0.002191981
2021-03-01,44970.16,-0.036082371
2021-03-02,49787.34,0.107119477
2021-03-03,48532.24,-0.02520922
2021-03-04,50577.46,0.042141471
2021-03-05,48727.45,-0.036577756
2021-03-06,49091.81,0.00747751
2021-03-07,49019.37,-0.001475603
2021-03-08,51313.09,0.046792115
2021-03-09,52328.54,0.019789297
2021-03-10,54700.27,0.045323833
2021-03-11,56020.49,0.02413553
2021-03-12,57788.87,0.031566664
2021-03-13,57353.86,-0.007527574
2021-03-14,61315.2,0.069068411
2021-03-15,59428.97,-0.030762845
2021-03-16,55805.33,-0.060974303
2021-03-17,56830.25,0.018365988
2021-03-18,59014.93,0.038442203
2021-03-19,57922.41,-0.018512604
2021-03-20,58243.27,0.005539479
2021-03-21,58376.16,0.002281637
2021-03-22,57573.54,-0.013749106
2021-03-23,54370.14,-0.055640143
2021-03-24,54584.87,0.00394941
2021-03-25,52526.87,-0.037702755
2021-03-26,51416.91,-0.02113128
2021-03-27,55033.1,0.070330753
2021-03-28,55832.42,0.01452435
2021-03-29,55728.1,-0.001868448
2021-03-30,57634.93,0.03421667
2021-03-31,58668.63,0.017935304
2021-04-01,58817.37,0.002535256
2021-04-02,58801.19,-0.000275089
2021-04-03,59060.03,0.004401952
2021-04-04,57060.41,-0.033857416
2021-04-05,58228.8,0.020476369
2021-04-06,58706.82,0.00820934
2021-04-07,58062.18,-0.010980666
2021-04-08,56134.42,-0.033201647
2021-04-09,58065.64,0.034403491
2021-04-10,58152.99,0.001504332
2021-04-11,59979.39,0.031406812
2021-04-12,59988.02,0.000143883
2021-04-13,59911.02,-0.00128359
2021-04-14,63576.68,0.061185071
2021-04-15,62807.12,-0.012104438
2021-04-16,63179.77,0.005933245
2021-04-17,61497.3,-0.026629885
2021-04-18,60273.87,-0.019894044
2021-04-19,56288.95,-0.066113558
2021-04-20,55721.17,-0.010086882
2021-04-21,56294.73,0.010293395
2021-04-22,54190.07,-0.037386448
2021-04-23,51965.57,-0.041049956
2021-04-24,51191.12,-0.014903137
2021-04-25,50133.11,-0.020667842
2021-04-26,48981.44,-0.022972243
2021-04-27,53978.81,0.102025788
2021-04-28,54991.81,0.018766623
2021-04-29,54810.61,-0.003295036
2021-04-30,53596.7,-0.022147354
2021-05-01,57828.51,0.07895654
2021-05-02,57812.97,-0.000268726
2021-05-03,56600.75,-0.020967959
2021-05-04,57200.3,0.010592616
2021-05-05,53464.37,-0.065313119
2021-05-06,57432.1,0.074212602
2021-05-07,56507.76,-0.016094484
2021-05-08,57361.57,0.015109606
2021-05-09,58771.88,0.024586321
2021-05-10,58213.93,-0.009493486
2021-05-11,55901.67,-0.039720046
2021-05-12,56928.97,0.018376911
2021-05-13,50004.76,-0.121628935
2021-05-14,49972.8,-0.000639139
2021-05-15,49913.26,-0.001191448
2021-05-16,46780.9,-0.062756069
2021-05-17,46585.06,-0.004186324
2021-05-18,43780.83,-0.060195908
2021-05-19,43091.04,-0.015755526
2021-05-20,37287.39,-0.134683452
2021-05-21,40437.73,0.08448808
2021-05-22,37339.63,-0.076614093
2021-05-23,37520.32,0.004839095
2021-05-24,34977.53,-0.06777101
2021-05-25,38642.44,0.104778982
2021-05-26,38210.81,-0.011169843
2021-05-27,39406.93,0.031303184
2021-05-28,38642.9,-0.019388214
2021-05-29,35710.22,-0.07589182
2021-05-30,34775.08,-0.026186901
2021-05-31,35714.75,0.027021361
2021-06-01,37340.68,0.045525448
2021-06-02,36680.07,-0.017691429
2021-06-03,37685.72,0.027416796
2021-06-04,39151.32,0.038890062
2021-06-05,36938.72,-0.056514059
2021-06-06,35546.99,-0.037676725
2021-06-07,35834.47,0.008087323
2021-06-08,33451.38,-0.066502728
2021-06-09,33557.15,0.003161902
2021-06-10,37553.64,0.119095036
2021-06-11,36903.3,-0.017317629
2021-06-12,37289.43,0.010463292
2021-06-13,35666.15,-0.043531907
2021-06-14,39147.71,0.097615246
2021-06-15,40624.51,0.03772379
2021-06-16,40378.2,-0.006063089
2021-06-17,38321.45,-0.050937139
2021-06-18,38193.62,-0.00333573
2021-06-19,35881.11,-0.060547023
2021-06-20,35581.64,-0.008346174
2021-06-21,35787.08,0.005773764
2021-06-22,31711.94,-0.113871822
2021-06-23,32507.74,0.025094649
2021-06-24,33702.62,0.036756785
2021-06-25,34675.45,0.028865115
2021-06-26,31943.14,-0.07879667
2021-06-27,32023.97,0.002530434
2021-06-28,34607.29,0.080668324
2021-06-29,34556.84,-0.001457785
2021-06-30,35968.99,0.040864558
2021-07-01,35171.49,-0.022171876
2021-07-02,33677.57,-0.042475312
2021-07-03,33950.79,0.008112818
2021-07-04,34729.89,0.02294792
2021-07-05,35394.21,0.019128192
2021-07-06,33928.13,-0.041421464
2021-07-07,34149.99,0.006539117
2021-07-08,33932.25,-0.00637599
2021-07-09,32933.58,-0.029431293
2021-07-10,33971.3,0.031509481
2021-07-11,33704.54,-0.007852511
2021-07-12,34299.94,0.017665276
2021-07-13,33262.65,-0.030241744
2021-07-14,32676.38,-0.017625475
2021-07-15,32878.5,0.006185508
2021-07-16,31726.04,-0.035052086
2021-07-17,31399.65,-0.010287764
2021-07-18,31588.67,0.006019812
2021-07-19,31919.39,0.010469577
2021-07-20,30928.21,-0.031052598
2021-07-21,29971.9,-0.030920315
2021-07-22,32383.78,0.080471375
2021-07-23,32409.5,0.000794225
2021-07-24,33455.55,0.03227603
2021-07-25,34213.6,0.022658423
2021-07-26,35456.12,0.036316552
2021-07-27,37281.92,0.051494636
2021-07-28,39076.59,0.04813781
2021-07-29,40031.2,0.024429204
2021-07-30,39977.76,-0.001334959
2021-07-31,41936.26,0.048989738
2021-08-01,41754.17,-0.004342066
2021-08-02,39914.83,-0.044051648
2021-08-03,39278.77,-0.015935431
2021-08-04,38368.35,-0.023178424
2021-08-05,39751.58,0.036051329
2021-08-06,40825.38,0.027012763
2021-08-07,42802.14,0.04841988
2021-08-08,44647.58,0.043115601
2021-08-09,43753.22,-0.020031545
2021-08-10,46311,0.05845924
2021-08-11,45639.51,-0.014499579
2021-08-12,45652.06,0.000274981
2021-08-13,44495.21,-0.025340587
2021-08-14,47717.27,0.072413637
2021-08-15,47088.85,-0.013169655
2021-08-16,47025,-0.001355947
2021-08-17,46031.76,-0.021121531
2021-08-18,44534.45,-0.032527759
2021-08-19,45015.47,0.010801076
2021-08-20,46745.03,0.038421458
2021-08-21,49195.88,0.052430173
2021-08-22,48933.69,-0.005329511
2021-08-23,49250.54,0.006475089
2021-08-24,49518.58,0.005442377
2021-08-25,47940.61,-0.031866221
2021-08-26,49002.7,0.022154286
2021-08-27,47229.07,-0.036194536
2021-08-28,49083.1,0.039256119
2021-08-29,48936.54,-0.002985956
2021-08-30,48907.27,-0.000598122
2021-08-31,47124.25,-0.036457157
2021-09-01,47335.42,0.004481132
2021-09-02,48823.06,0.031427629
2021-09-03,49338.78,0.010563041
2021-09-04,49934.53,0.01207468
2021-09-05,50013.03,0.001572058
2021-09-06,51696.21,0.03365483
2021-09-07,52739.8,0.020186973
2021-09-08,46995.16,-0.10892419
2021-09-09,46085.03,-0.019366462
2021-09-10,46518.94,0.009415422
2021-09-11,44802.61,-0.036895295
2021-09-12,45196.49,0.008791452
2021-09-13,46195.22,0.022097512
2021-09-14,45139.83,-0.022846303
2021-09-15,47135.43,0.044209294
2021-09-16,48186.53,0.022299574
2021-09-17,47879.47,-0.00637232
2021-09-18,47228.66,-0.013592673
2021-09-19,48266.63,0.021977545
2021-09-20,47371.04,-0.018555056
2021-09-21,42932.95,-0.093687831
2021-09-22,40386.62,-0.059309458
2021-09-23,43587.22,0.079249019
2021-09-24,44980.9,0.03197451
2021-09-25,42752.17,-0.049548364
2021-09-26,42856.86,0.002448765
2021-09-27,43336.86,0.011200074
2021-09-28,42247.36,-0.025140262
2021-09-29,41010.38,-0.029279463
2021-09-30,41587.67,0.01407668
2021-10-01,43859.33,0.054623402
2021-10-02,48181.88,0.098554857
2021-10-03,47777.76,-0.008387385
2021-10-04,48282.97,0.010574167
2021-10-05,49260.23,0.020240263
2021-10-06,51668.99,0.048898675
2021-10-07,55415.01,0.072500353
2021-10-08,53894.6,-0.02743679
2021-10-09,54010.94,0.002158658
2021-10-10,55125.46,0.020635079
2021-10-11,54711.87,-0.007502704
2021-10-12,57572.51,0.052285546
2021-10-13,56335.04,-0.021494112
2021-10-14,57487.99,0.020465948
2021-10-15,57452.43,-0.000618564
2021-10-16,61809.02,0.075829517
2021-10-17,61165.64,-0.01040916
2021-10-18,61583.77,0.006836028
2021-10-19,62017.97,0.007050559
2021-10-20,64517.65,0.040305737
2021-10-21,66237.52,0.026657357
2021-10-22,62541.09,-0.055805682
2021-10-23,61029.27,-0.024173228
2021-10-24,61572.14,0.00889524
2021-10-25,61173.17,-0.006479716
2021-10-26,63228.21,0.033593812
2021-10-27,60604.19,-0.041500779
2021-10-28,58641,-0.032393635
2021-10-29,60767.56,0.036264047
2021-10-30,62283.2,0.024941597
2021-10-31,61837.26,-0.007159876
2021-11-01,61471.87,-0.005908897
2021-11-02,61121.83,-0.005694312
2021-11-03,63247.21,0.034772846
2021-11-04,61898.07,-0.021331218
