,,XRP
,close,daily_return
time,,
2013-08-05,0.01,0
2013-08-06,0,-1
2013-08-18,0.01,0
2013-08-19,0.01,0
2013-08-20,0.01,0
2013-08-21,0.01,0
2013-08-22,0.01,0
2013-08-23,0.01,0
2013-08-24,0.01,0
2013-08-25,0.01,0
2013-08-26,0.01,0
2013-08-27,0.01,0
2013-08-28,0.01,0
2013-08-29,0.01,0
2013-08-30,0.01,0
2013-08-31,0.01,0
2013-09-01,0.01,0
2013-09-02,0.01,0
2013-09-03,0.01,0
2013-09-04,0.01,0
2013-09-05,0.01,0
2013-09-06,0.01,0
2013-09-07,0.01,0
2013-09-08,0.01,0
2013-09-09,0.01,0
2013-09-10,0.01,0
2013-09-11,0.01,0
2013-09-12,0.01,0
2013-09-13,0.01,0
2013-09-14,0.01,0
2013-09-15,0.01,0
2013-09-16,0.01,0
2013-09-17,0.01,0
2013-09-18,0.01,0
2013-09-19,0.01,0
2013-09-20,0.01,0
2013-09-21,0.01,0
2013-09-22,0.01,0
2013-09-23,0.01,0
2013-09-24,0.01,0
2013-09-25,0.01,0
2013-09-26,0.01,0
2013-09-28,0.01,0
2013-09-29,0.01,0
2013-09-30,0.01,0
2013-10-01,0.01,0
2013-10-02,0.01,0
2013-10-03,0.01,0
2013-10-04,0.01,0
2013-10-05,0.01,0
2013-10-06,0.01,0
2013-10-07,0.01,0
2013-10-08,0.01,0
2013-10-09,0.01,0
2013-10-10,0.01,0
2013-10-11,0.01,0
2013-10-12,0.01,0
2013-10-13,0.01,0
2013-10-14,0.01,0
2013-10-15,0.01,0
2013-10-16,0.01,0
2013-10-17,0.01,0
2013-10-18,0.01,0
2013-10-19,0.01,0
2013-10-20,0.01,0
2013-10-21,0.01,0
2013-10-22,0.01,0
2013-10-23,0.01,0
2013-10-24,0.01,0
2013-10-25,0.01,0
2013-10-26,0.01,0
2013-10-27,0.01,0
2013-10-28,0.01,0
2013-10-29,0.01,0
2013-10-30,0.01,0
2013-10-31,0.01,0
2013-11-01,0.01,0
2013-11-02,0.01,0
2013-11-03,0.01,0
2013-11-04,0.01,0
2013-11-05,0.01,0
2013-11-06,0.01,0
2013-11-07,0.01,0
2013-11-08,0.01,0
2013-11-09,0.01,0
2013-11-11,0.01,0
2013-11-12,0.01,0
2013-11-13,0.01,0
2013-11-14,0.01,0
2013-11-15,0.01,0
2013-11-16,0.01,0
2013-11-17,0.01,0
2013-11-18,0.01,0
2013-11-19,0.01,0
2013-11-20,0.01,0
2013-11-22,0.01,0
2013-11-23,0.01,0
2013-11-25,0.01,0
2013-11-26,0.02,1
2013-11-27,0.02,0
2013-11-29,0.03,0.5
2013-11-30,0.04,0.333333333
2013-12-01,0.05,0.25
2013-12-02,0.06,0.2
2013-12-03,0.05,-0.166666667
2013-12-04,0.05,0
2013-12-05,0.05,0
2013-12-06,0.05,0
2013-12-07,0.03,-0.4
2013-12-08,0.03,0
2013-12-09,0.04,0.333333333
2013-12-10,0.04,0
2013-12-11,0.04,0
2013-12-12,0.03,-0.25
2013-12-13,0.03,0
2013-12-14,0.03,0
2013-12-15,0.03,0
2013-12-16,0.02,-0.333333333
2013-12-17,0.02,0
2013-12-18,0.02,0
2013-12-19,0.02,0
2013-12-20,0.02,0
2013-12-21,0.02,0
2013-12-22,0.02,0
2013-12-23,0.02,0
2013-12-24,0.02,0
2013-12-25,0.02,0
2013-12-26,0.02,0
2013-12-27,0.03,0.5
2013-12-28,0.03,0
2013-12-29,0.03,0
2013-12-30,0.03,0
2013-12-31,0.03,0
2014-01-01,0.03,0
2014-01-02,0.03,0
2014-01-03,0.03,0
2014-01-04,0.03,0
2014-01-05,0.02,-0.333333333
2014-01-06,0.03,0.5
2014-01-07,0.02,-0.333333333
2014-01-08,0.02,0
2014-01-09,0.02,0
2014-01-10,0.02,0
2014-01-11,0.02,0
2014-01-12,0.02,0
2014-01-13,0.02,0
2014-01-14,0.02,0
2014-01-15,0.02,0
2014-01-16,0.02,0
2014-01-17,0.02,0
2014-01-18,0.02,0
2014-01-19,0.02,0
2014-01-20,0.02,0
2014-01-21,0.02,0
2014-01-22,0.02,0
2014-01-23,0.02,0
2014-01-24,0.02,0
2014-01-25,0.02,0
2014-01-26,0.02,0
2014-01-27,0.02,0
2014-01-28,0.02,0
2014-01-29,0.02,0
2014-01-30,0.02,0
2014-01-31,0.02,0
2014-02-01,0.02,0
2014-02-02,0.02,0
2014-02-03,0.02,0
2014-02-04,0.02,0
2014-02-05,0.02,0
2014-02-06,0.02,0
2014-02-07,0.02,0
2014-02-08,0.02,0
2014-02-09,0.02,0
2014-02-10,0.02,0
2014-02-11,0.02,0
2014-02-12,0.02,0
2014-02-13,0.02,0
2014-02-14,0.02,0
2014-02-15,0.02,0
2014-02-16,0.02,0
2014-02-17,0.02,0
2014-02-18,0.02,0
2014-02-19,0.02,0
2014-02-20,0.02,0
2014-02-21,0.01,-0.5
2014-02-22,0.01,0
2014-02-23,0.02,1
2014-02-24,0.01,-0.5
2014-02-25,0.01,0
2014-02-26,0.01,0
2014-02-27,0.01,0
2014-02-28,0.01,0
2014-03-01,0.01,0
2014-03-02,0.01,0
2014-03-03,0.01,0
2014-03-04,0.02,1
2014-03-05,0.02,0
2014-03-06,0.02,0
2014-03-07,0.02,0
2014-03-08,0.01,-0.5
2014-03-09,0.01,0
2014-03-10,0.01,0
2014-03-11,0.01,0
2014-03-12,0.01,0
2014-03-13,0.01,0
2014-03-14,0.01,0
2014-03-15,0.01,0
2014-03-16,0.01,0
2014-03-17,0.01,0
2014-03-18,0.01,0
2014-03-19,0.01,0
2014-03-20,0.01,0
2014-03-21,0.01,0
2014-03-22,0.01,0
2014-03-23,0.01,0
2014-03-24,0.01,0
2014-03-25,0.01,0
2014-03-26,0.01,0
2014-03-27,0.01,0
2014-03-28,0.01,0
2014-03-29,0.01,0
2014-03-30,0.01,0
2014-03-31,0.01,0
2014-04-01,0.01,0
2014-04-02,0.01,0
2014-04-03,0.01,0
2014-04-04,0.01,0
2014-04-05,0.01,0
2014-04-06,0.01,0
2014-04-07,0.01,0
2014-04-08,0.01,0
2014-04-09,0.01,0
2014-04-10,0.01,0
2014-04-11,0.01,0
2014-04-12,0.01,0
2014-04-13,0.01,0
2014-04-14,0.01,0
2014-04-15,0.01,0
2014-04-16,0.01,0
2014-04-17,0.01,0
2014-04-18,0.01,0
2014-04-19,0.01,0
2014-04-20,0.01,0
2014-04-21,0.01,0
2014-04-22,0.01,0
2014-04-23,0.01,0
2014-04-24,0.01,0
2014-04-25,0.01,0
2014-04-26,0.01,0
2014-04-27,0,-1
2014-04-29,0.01,0
2014-04-30,0.01,0
2014-05-01,0.01,0
2014-05-02,0.01,0
2014-05-03,0.01,0
2014-05-04,0,-1
2014-05-06,0.01,0
2014-05-07,0.01,0
2014-05-08,0.01,0
2014-05-09,0.01,0
2014-05-10,0.01,0
2014-05-11,0.01,0
2014-05-12,0.01,0
2014-05-13,0.01,0
2014-05-14,0.01,0
2014-05-15,0.01,0
2014-05-16,0.01,0
2014-05-17,0.01,0
2014-05-18,0.01,0
2014-05-19,0.01,0
2014-05-20,0.01,0
2014-05-21,0.01,0
2014-05-22,0,-1
2014-07-19,0.01,0
2014-07-20,0.01,0
2014-07-21,0.01,0
2014-07-22,0.01,0
2014-07-23,0.01,0
2014-07-24,0.01,0
2014-07-25,0.01,0
2014-07-26,0.01,0
2014-07-27,0.01,0
2014-07-28,0.01,0
2014-07-29,0.01,0
2014-07-30,0.01,0
2014-07-31,0.01,0
2014-08-01,0.01,0
2014-08-02,0.01,0
2014-08-03,0.01,0
2014-08-04,0,-1
2014-08-06,0.01,0
2014-08-07,0.01,0
2014-08-08,0.01,0
2014-08-09,0.01,0
2014-08-10,0,-1
2014-08-12,0.01,0
2014-08-13,0,-1
2014-08-15,0.01,0
2014-08-16,0.01,0
2014-08-17,0.01,0
2014-08-18,0,-1
2014-08-20,0.01,0
2014-08-21,0.01,0
2014-08-22,0.01,0
2014-08-23,0.01,0
2014-08-24,0.01,0
2014-08-25,0,-1
2014-08-28,0.01,0
2014-08-29,0.01,0
2014-08-30,0,-1
2014-09-02,0,-1
2014-09-15,0.01,0
2014-09-16,0.01,0
2014-09-17,0.01,0
2014-09-18,0.01,0
2014-09-19,0,-1
2014-09-29,0,-1
2014-10-21,0.01,0
2014-10-22,0.01,0
2014-10-23,0.01,0
2014-10-24,0.01,0
2014-10-25,0,-1
2014-11-13,0.01,0
2014-11-14,0.01,0
2014-11-15,0.01,0
2014-11-16,0.01,0
2014-11-17,0.01,0
2014-11-18,0.01,0
2014-11-19,0.01,0
2014-11-20,0.01,0
2014-11-21,0.01,0
2014-11-22,0.01,0
2014-11-23,0.01,0
2014-11-24,0.01,0
2014-11-25,0.01,0
2014-11-26,0.01,0
2014-11-27,0.01,0
2014-11-28,0.02,1
2014-11-29,0.01,-0.5
2014-11-30,0.01,0
2014-12-01,0.01,0
2014-12-02,0.01,0
2014-12-03,0.01,0
2014-12-04,0.01,0
2014-12-05,0.01,0
2014-12-06,0.01,0
2014-12-07,0.01,0
2014-12-08,0.01,0
2014-12-09,0.02,1
2014-12-10,0.02,0
2014-12-11,0.02,0
2014-12-12,0.02,0
2014-12-13,0.02,0
2014-12-14,0.02,0
2014-12-15,0.02,0
2014-12-16,0.02,0
2014-12-17,0.03,0.5
2014-12-18,0.03,0
2014-12-19,0.02,-0.333333333
2014-12-20,0.02,0
2014-12-21,0.02,0
2014-12-22,0.03,0.5
2014-12-23,0.02,-0.333333333
2014-12-24,0.02,0
2014-12-25,0.02,0
2014-12-26,0.03,0.5
2014-12-27,0.02,-0.333333333
2014-12-28,0.02,0
2014-12-29,0.02,0
2014-12-30,0.02,0
2014-12-31,0.02,0
2015-01-01,0.02,0
2015-01-02,0.02,0
2015-01-03,0.02,0
2015-01-04,0.02,0
2015-01-05,0.02,0
2015-01-06,0.02,0
2015-01-07,0.02,0
2015-01-08,0.02,0
2015-01-09,0.02,0
2015-01-10,0.02,0
2015-01-11,0.02,0
2015-01-12,0.02,0
2015-01-13,0.02,0
2015-01-14,0.01,-0.5
2015-01-15,0.02,1
2015-01-16,0.02,0
2015-01-17,0.02,0
2015-01-18,0.02,0
2015-01-19,0.02,0
2015-01-20,0.02,0
2015-01-21,0.02,0
2015-01-22,0.02,0
2015-01-23,0.02,0
2015-01-24,0.02,0
2015-01-25,0.02,0
2015-01-26,0.02,0
2015-01-27,0.02,0
2015-01-28,0.01,-0.5
2015-01-29,0.01,0
2015-01-30,0.01,0
2015-01-31,0.01,0
2015-02-01,0.01,0
2015-02-02,0.01,0
2015-02-03,0.01,0
2015-02-04,0.01,0
2015-02-05,0.01,0
2015-02-06,0.02,1
2015-02-07,0.01,-0.5
2015-02-08,0.01,0
2015-02-09,0.01,0
2015-02-10,0.01,0
2015-02-11,0.01,0
2015-02-12,0.01,0
2015-02-13,0.01,0
2015-02-14,0.02,1
2015-02-15,0.01,-0.5
2015-02-16,0.01,0
2015-02-17,0.01,0
2015-02-18,0.01,0
2015-02-19,0.01,0
2015-02-20,0.01,0
2015-02-21,0.01,0
2015-02-22,0.01,0
2015-02-23,0.01,0
2015-02-24,0.01,0
2015-02-25,0.01,0
2015-02-26,0.01,0
2015-02-27,0.01,0
2015-02-28,0.01,0
2015-03-01,0.01,0
2015-03-02,0.01,0
2015-03-03,0.01,0
2015-03-04,0.01,0
2015-03-05,0.01,0
2015-03-06,0.01,0
2015-03-07,0.01,0
2015-03-08,0.01,0
2015-03-09,0.01,0
2015-03-10,0.01,0
2015-03-11,0.01,0
2015-03-12,0.01,0
2015-03-13,0.01,0
2015-03-14,0.01,0
2015-03-15,0.01,0
2015-03-16,0.01,0
2015-03-17,0.01,0
2015-03-18,0.01,0
2015-03-19,0.01,0
2015-03-20,0.01,0
2015-03-21,0.01,0
2015-03-22,0.01,0
2015-03-23,0.01,0
2015-03-24,0.01,0
2015-03-25,0.01,0
2015-03-26,0.01,0
2015-03-27,0.01,0
2015-03-28,0.01,0
2015-03-29,0.01,0
2015-03-30,0.01,0
2015-03-31,0.01,0
2015-04-01,0.01,0
2015-04-02,0.01,0
2015-04-03,0.01,0
2015-04-04,0.01,0
2015-04-05,0.01,0
2015-04-06,0.01,0
2015-04-07,0.01,0
2015-04-08,0.01,0
2015-04-09,0.01,0
2015-04-10,0.01,0
2015-04-11,0.01,0
2015-04-12,0.01,0
2015-04-13,0.01,0
2015-04-14,0.01,0
2015-04-15,0.01,0
2015-04-16,0.01,0
2015-04-17,0.01,0
2015-04-18,0.01,0
2015-04-19,0.01,0
2015-04-20,0.01,0
2015-04-21,0.01,0
2015-04-22,0.01,0
2015-04-23,0.01,0
2015-04-24,0.01,0
2015-04-25,0.01,0
2015-04-26,0.01,0
2015-04-27,0.01,0
2015-04-28,0.01,0
2015-04-29,0.01,0
2015-04-30,0.01,0
2015-05-01,0.01,0
2015-05-02,0.01,0
2015-05-03,0.01,0
2015-05-04,0.01,0
2015-05-05,0.01,0
2015-05-06,0.01,0
2015-05-07,0.01,0
2015-05-08,0.01,0
2015-05-09,0.01,0
2015-05-10,0.01,0
2015-05-11,0.01,0
2015-05-12,0.01,0
2015-05-13,0.01,0
2015-05-14,0.01,0
2015-05-15,0.01,0
2015-05-16,0.01,0
2015-05-17,0.01,0
2015-05-18,0.01,0
2015-05-19,0.01,0
2015-05-20,0.01,0
2015-05-21,0.01,0
2015-05-22,0.01,0
2015-05-23,0.01,0
2015-05-24,0.01,0
2015-05-25,0.01,0
2015-05-26,0.01,0
2015-05-27,0.01,0
2015-05-28,0.01,0
2015-05-29,0.01,0
2015-05-30,0.01,0
2015-05-31,0.01,0
2015-06-01,0.01,0
2015-06-02,0.01,0
2015-06-03,0.01,0
2015-06-04,0.01,0
2015-06-05,0.01,0
2015-06-06,0.01,0
2015-06-07,0.01,0
2015-06-08,0.01,0
2015-06-09,0.01,0
2015-06-10,0.01,0
2015-06-11,0.01,0
2015-06-12,0.01,0
2015-06-13,0.01,0
2015-06-14,0.01,0
2015-06-15,0.01,0
2015-06-16,0.01,0
2015-06-17,0.01,0
2015-06-18,0.01,0
2015-06-19,0.01,0
2015-06-20,0.01,0
2015-06-21,0.01,0
2015-06-22,0.01,0
2015-06-23,0.01,0
2015-06-24,0.01,0
2015-06-25,0.01,0
2015-06-26,0.01,0
2015-06-27,0.01,0
2015-06-28,0.01,0
2015-06-29,0.01,0
2015-06-30,0.01,0
2015-07-01,0.01,0
2015-07-02,0.01,0
2015-07-03,0.01,0
2015-07-04,0.01,0
2015-07-05,0.01,0
2015-07-06,0.01,0
2015-07-07,0.01,0
2015-07-08,0.01,0
2015-07-09,0.01,0
2015-07-10,0.01,0
2015-07-11,0.01,0
2015-07-12,0.01,0
2015-07-13,0.01,0
2015-07-14,0.01,0
2015-07-15,0.01,0
2015-07-16,0.01,0
2015-07-17,0.01,0
2015-07-18,0.01,0
2015-07-19,0.01,0
2015-07-20,0.01,0
2015-07-21,0.01,0
2015-07-22,0.01,0
2015-07-23,0.01,0
2015-07-24,0.01,0
2015-07-25,0.01,0
2015-07-26,0.01,0
2015-07-27,0.01,0
2015-07-28,0.01,0
2015-07-29,0.01,0
2015-07-30,0.01,0
2015-07-31,0.01,0
2015-08-01,0.01,0
2015-08-02,0.01,0
2015-08-03,0.01,0
2015-08-04,0.01,0
2015-08-05,0.01,0
2015-08-06,0.01,0
2015-08-07,0.01,0
2015-08-08,0.01,0
2015-08-09,0.01,0
2015-08-10,0.01,0
2015-08-11,0.01,0
2015-08-12,0.01,0
2015-08-13,0.01,0
2015-08-14,0.01,0
2015-08-15,0.01,0
2015-08-16,0.01,0
2015-08-17,0.01,0
2015-08-18,0.01,0
2015-08-19,0.01,0
2015-08-20,0.01,0
2015-08-21,0.01,0
2015-08-22,0.01,0
2015-08-23,0.01,0
2015-08-24,0.01,0
2015-08-25,0.01,0
2015-08-26,0.01,0
2015-08-27,0.01,0
2015-08-28,0.01,0
2015-08-29,0.01,0
2015-08-30,0.01,0
2015-08-31,0.01,0
2015-09-01,0.01,0
2015-09-02,0.01,0
2015-09-03,0.01,0
2015-09-04,0.01,0
2015-09-05,0.01,0
2015-09-06,0.01,0
2015-09-07,0.01,0
2015-09-08,0.01,0
2015-09-09,0.01,0
2015-09-10,0.01,0
2015-09-11,0.01,0
2015-09-12,0.01,0
2015-09-13,0.01,0
2015-09-14,0.01,0
2015-09-15,0.01,0
2015-09-16,0.01,0
2015-09-17,0.01,0
2015-09-18,0.01,0
2015-09-19,0.01,0
2015-09-20,0.01,0
2015-09-21,0.01,0
2015-09-22,0.01,0
2015-09-23,0.01,0
2015-09-24,0.01,0
2015-09-25,0.01,0
2015-09-26,0.01,0
2015-09-27,0.01,0
2015-09-28,0.01,0
2015-09-29,0.01,0
2015-09-30,0.01,0
2015-10-01,0.01,0
2015-10-02,0.01,0
2015-10-03,0.01,0
2015-10-04,0.01,0
2015-10-05,0.01,0
2015-10-06,0.01,0
2015-10-07,0.01,0
2015-10-08,0.01,0
2015-10-09,0.01,0
2015-10-10,0.01,0
2015-10-11,0.01,0
2015-10-12,0.01,0
2015-10-13,0.01,0
2015-10-14,0.01,0
2015-10-15,0.01,0
2015-10-16,0.01,0
2015-10-17,0.01,0
2015-10-18,0,-1
2015-10-20,0,-1
2015-11-03,0.01,0
2015-11-04,0,-1
2015-12-06,0.01,0
2015-12-07,0.01,0
2015-12-08,0.01,0
2015-12-09,0.01,0
2015-12-10,0.01,0
2015-12-11,0.01,0
2015-12-12,0.01,0
2015-12-13,0.01,0
2015-12-14,0.01,0
2015-12-15,0.01,0
2015-12-16,0.01,0
2015-12-17,0.01,0
2015-12-18,0.01,0
2015-12-19,0.01,0
2015-12-20,0.01,0
2015-12-21,0.01,0
2015-12-22,0.01,0
2015-12-23,0.01,0
2015-12-24,0.01,0
2015-12-25,0.01,0
2015-12-26,0.01,0
2015-12-27,0.01,0
2015-12-28,0.01,0
2015-12-29,0.01,0
2015-12-30,0.01,0
2015-12-31,0.01,0
2016-01-01,0.01,0
2016-01-02,0.01,0
2016-01-03,0.01,0
2016-01-04,0.01,0
2016-01-05,0.01,0
2016-01-06,0.01,0
2016-01-07,0.01,0
2016-01-08,0.01,0
2016-01-09,0.01,0
2016-01-10,0.01,0
2016-01-11,0.01,0
2016-01-12,0.01,0
2016-01-13,0.01,0
2016-01-14,0.01,0
2016-01-15,0.01,0
2016-01-16,0.01,0
2016-01-17,0.01,0
2016-01-18,0.01,0
2016-01-19,0.01,0
2016-01-20,0.01,0
2016-01-21,0.01,0
2016-01-22,0.01,0
2016-01-23,0.01,0
2016-01-24,0.01,0
2016-01-25,0.01,0
2016-01-26,0.01,0
2016-01-27,0.01,0
2016-01-28,0.01,0
2016-01-29,0.01,0
2016-01-30,0.01,0
2016-01-31,0.01,0
2016-02-01,0.01,0
2016-02-02,0.01,0
2016-02-03,0.01,0
2016-02-04,0.01,0
2016-02-05,0.01,0
2016-02-06,0.01,0
2016-02-07,0.01,0
2016-02-08,0.01,0
2016-02-09,0.01,0
2016-02-10,0.01,0
2016-02-11,0.01,0
2016-02-12,0.01,0
2016-02-13,0.01,0
2016-02-14,0.01,0
2016-02-15,0.01,0
2016-02-16,0.01,0
2016-02-17,0.01,0
2016-02-18,0.01,0
2016-02-19,0.01,0
2016-02-20,0.01,0
2016-02-21,0.01,0
2016-02-22,0.01,0
2016-02-23,0.01,0
2016-02-24,0.01,0
2016-02-25,0.01,0
2016-02-26,0.01,0
2016-02-27,0.01,0
2016-02-28,0.01,0
2016-02-29,0.01,0
2016-03-01,0.01,0
2016-03-02,0.01,0
2016-03-03,0.01,0
2016-03-04,0.01,0
2016-03-05,0.01,0
2016-03-06,0.01,0
2016-03-07,0.01,0
2016-03-08,0.01,0
2016-03-09,0.01,0
2016-03-10,0.01,0
2016-03-11,0.01,0
2016-03-12,0.01,0
2016-03-13,0.01,0
2016-03-14,0.01,0
2016-03-15,0.01,0
2016-03-16,0.01,0
2016-03-17,0.01,0
2016-03-18,0.01,0
2016-03-19,0.01,0
2016-03-20,0.01,0
2016-03-21,0.01,0
2016-03-22,0.01,0
2016-03-23,0.01,0
2016-03-24,0.01,0
2016-03-25,0.01,0
2016-03-26,0.01,0
2016-03-27,0.01,0
2016-03-28,0.01,0
2016-03-29,0.01,0
2016-03-30,0.01,0
2016-03-31,0.01,0
2016-04-01,0.01,0
2016-04-02,0.01,0
2016-04-03,0.01,0
2016-04-04,0.01,0
2016-04-05,0.01,0
2016-04-06,0.01,0
2016-04-07,0.01,0
2016-04-08,0.01,0
2016-04-09,0.01,0
2016-04-10,0.01,0
2016-04-11,0.01,0
2016-04-12,0.01,0
2016-04-13,0.01,0
2016-04-14,0.01,0
2016-04-15,0.01,0
2016-04-16,0.01,0
2016-04-17,0.01,0
2016-04-18,0.01,0
2016-04-19,0.01,0
2016-04-20,0.01,0
2016-04-21,0.01,0
2016-04-22,0.01,0
2016-04-23,0.01,0
2016-04-24,0.01,0
2016-04-25,0.01,0
2016-04-26,0.01,0
2016-04-27,0.01,0
2016-04-28,0.01,0
2016-04-29,0.01,0
2016-04-30,0.01,0
2016-05-01,0.01,0
2016-05-02,0.01,0
2016-05-03,0.01,0
2016-05-04,0.01,0
2016-05-05,0.01,0
2016-05-06,0.01,0
2016-05-07,0.01,0
2016-05-08,0.01,0
2016-05-09,0.01,0
2016-05-10,0.01,0
2016-05-11,0.01,0
2016-05-12,0.01,0
2016-05-13,0.01,0
2016-05-14,0.01,0
2016-05-15,0.01,0
2016-05-16,0.01,0
2016-05-17,0.01,0
2016-05-18,0.01,0
2016-05-19,0.01,0
2016-05-20,0.01,0
2016-05-21,0.01,0
2016-05-22,0.01,0
2016-05-23,0.01,0
2016-05-24,0.01,0
2016-05-25,0.01,0
2016-05-26,0.01,0
2016-05-27,0.01,0
2016-05-28,0.01,0
2016-05-29,0.01,0
2016-05-30,0.01,0
2016-05-31,0.01,0
2016-06-01,0.01,0
2016-06-02,0.01,0
2016-06-03,0.01,0
2016-06-04,0.01,0
2016-06-05,0.01,0
2016-06-06,0.01,0
2016-06-07,0.01,0
2016-06-08,0.01,0
2016-06-09,0.01,0
2016-06-10,0.01,0
2016-06-11,0.01,0
2016-06-12,0.01,0
2016-06-13,0.01,0
2016-06-14,0.01,0
2016-06-15,0.01,0
2016-06-16,0.01,0
2016-06-17,0.01,0
2016-06-18,0.01,0
2016-06-19,0.01,0
2016-06-20,0.01,0
2016-06-21,0.01,0
2016-06-22,0.01,0
2016-06-23,0.01,0
2016-06-24,0.01,0
2016-06-25,0.01,0
2016-06-26,0.01,0
2016-06-27,0.01,0
2016-06-28,0.01,0
2016-06-29,0.01,0
2016-06-30,0.01,0
2016-07-01,0.01,0
2016-07-02,0.01,0
2016-07-03,0.01,0
2016-07-04,0.01,0
2016-07-05,0.01,0
2016-07-06,0.01,0
2016-07-07,0.01,0
2016-07-08,0.01,0
2016-07-09,0.01,0
2016-07-10,0.01,0
2016-07-11,0.01,0
2016-07-12,0.01,0
2016-07-13,0.01,0
2016-07-14,0.01,0
2016-07-15,0.01,0
2016-07-16,0.01,0
2016-07-17,0.01,0
2016-07-18,0.01,0
2016-07-19,0.01,0
2016-07-20,0.01,0
2016-07-21,0.01,0
2016-07-22,0.01,0
2016-07-23,0.01,0
2016-07-24,0.01,0
2016-07-25,0.01,0
2016-07-26,0.01,0
2016-07-27,0.01,0
2016-07-28,0.01,0
2016-07-29,0.01,0
2016-07-30,0.01,0
2016-07-31,0.01,0
2016-08-01,0.01,0
2016-08-02,0.01,0
2016-08-03,0.01,0
2016-08-04,0.01,0
2016-08-05,0.01,0
2016-08-06,0.01,0
2016-08-07,0.01,0
2016-08-08,0.01,0
2016-08-09,0.01,0
2016-08-10,0.01,0
2016-08-11,0.01,0
2016-08-12,0.01,0
2016-08-13,0.01,0
2016-08-14,0.01,0
2016-08-15,0.01,0
2016-08-16,0.01,0
2016-08-17,0.01,0
2016-08-18,0.01,0
2016-08-19,0.01,0
2016-08-20,0.01,0
2016-08-21,0.01,0
2016-08-22,0.01,0
2016-08-23,0.01,0
2016-08-24,0.01,0
2016-08-25,0.01,0
2016-08-26,0.01,0
2016-08-27,0.01,0
2016-08-28,0.01,0
2016-08-29,0.01,0
2016-08-30,0.01,0
2016-08-31,0.01,0
2016-09-01,0.01,0
2016-09-02,0.01,0
2016-09-03,0.01,0
2016-09-04,0.01,0
2016-09-05,0.01,0
2016-09-06,0.01,0
2016-09-07,0.01,0
2016-09-08,0.01,0
2016-09-09,0.01,0
2016-09-10,0.01,0
2016-09-11,0.01,0
2016-09-12,0.01,0
2016-09-13,0.01,0
2016-09-14,0.01,0
2016-09-15,0.01,0
2016-09-16,0.01,0
2016-09-17,0.01,0
2016-09-18,0.01,0
2016-09-19,0.01,0
2016-09-20,0.01,0
2016-09-21,0.01,0
2016-09-22,0.01,0
2016-09-23,0.01,0
2016-09-24,0.01,0
2016-09-25,0.01,0
2016-09-26,0.01,0
2016-09-27,0.01,0
2016-09-28,0.01,0
2016-09-29,0.01,0
2016-09-30,0.01,0
2016-10-01,0.01,0
2016-10-02,0.01,0
2016-10-03,0.01,0
2016-10-04,0.01,0
2016-10-05,0.01,0
2016-10-06,0.01,0
2016-10-07,0.01,0
2016-10-08,0.01,0
2016-10-09,0.01,0
2016-10-10,0.01,0
2016-10-11,0.01,0
2016-10-12,0.01,0
2016-10-13,0.01,0
2016-10-14,0.01,0
2016-10-15,0.01,0
2016-10-16,0.01,0
2016-10-17,0.01,0
2016-10-18,0.01,0
2016-10-19,0.01,0
2016-10-20,0.01,0
2016-10-21,0.01,0
2016-10-22,0.01,0
2016-10-23,0.01,0
2016-10-24,0.01,0
2016-10-25,0.01,0
2016-10-26,0.01,0
2016-10-27,0.01,0
2016-10-28,0.01,0
2016-10-29,0.01,0
2016-10-30,0.01,0
2016-10-31,0.01,0
2016-11-01,0.01,0
2016-11-02,0.01,0
2016-11-03,0.01,0
2016-11-04,0.01,0
2016-11-05,0.01,0
2016-11-06,0.01,0
2016-11-07,0.01,0
2016-11-08,0.01,0
2016-11-09,0.01,0
2016-11-10,0.01,0
2016-11-11,0.01,0
2016-11-12,0.01,0
2016-11-13,0.01,0
2016-11-14,0.01,0
2016-11-15,0.01,0
2016-11-16,0.01,0
2016-11-17,0.01,0
2016-11-18,0.01,0
2016-11-19,0.01,0
2016-11-20,0.01,0
2016-11-21,0.01,0
2016-11-22,0.01,0
2016-11-23,0.01,0
2016-11-24,0.01,0
2016-11-25,0.01,0
2016-11-26,0.01,0
2016-11-27,0.01,0
2016-11-28,0.01,0
2016-11-29,0.01,0
2016-11-30,0.01,0
2016-12-01,0.01,0
2016-12-02,0.01,0
2016-12-03,0.01,0
2016-12-04,0.01,0
2016-12-05,0.01,0
2016-12-06,0.01,0
2016-12-07,0.01,0
2016-12-08,0.01,0
2016-12-09,0.01,0
2016-12-10,0.01,0
2016-12-11,0.01,0
2016-12-12,0.01,0
2016-12-13,0.01,0
2016-12-14,0.01,0
2016-12-15,0.01,0
2016-12-16,0.01,0
2016-12-17,0.01,0
2016-12-18,0.01,0
2016-12-19,0.01,0
2016-12-20,0.01,0
2016-12-21,0.01,0
2016-12-22,0.01,0
2016-12-23,0.01,0
2016-12-24,0.01,0
2016-12-25,0.01,0
2016-12-26,0.01,0
2016-12-27,0.01,0
2016-12-28,0.01,0
2016-12-29,0.01,0
2016-12-30,0.01,0
2016-12-31,0.01,0
2017-01-01,0.01,0
2017-01-02,0.01,0
2017-01-03,0.01,0
2017-01-04,0.01,0
2017-01-05,0.01,0
2017-01-06,0.01,0
2017-01-07,0.01,0
2017-01-08,0.01,0
2017-01-09,0.01,0
2017-01-10,0.01,0
2017-01-11,0.01,0
2017-01-12,0.01,0
2017-01-13,0.01,0
2017-01-14,0.01,0
2017-01-15,0.01,0
2017-01-16,0.01,0
2017-01-17,0.01,0
2017-01-18,0.01,0
2017-01-19,0.01,0
2017-01-20,0.01,0
2017-01-21,0.01,0
2017-01-22,0.01,0
2017-01-23,0.01,0
2017-01-24,0.01,0
2017-01-25,0.01,0
2017-01-26,0.01,0
2017-01-27,0.01,0
2017-01-28,0.01,0
2017-01-29,0.01,0
2017-01-30,0.01,0
2017-01-31,0.01,0
2017-02-01,0.01,0
2017-02-02,0.01,0
2017-02-03,0.01,0
2017-02-04,0.01,0
2017-02-05,0.01,0
2017-02-06,0.01,0
2017-02-07,0.01,0
2017-02-08,0.01,0
2017-02-09,0.01,0
2017-02-10,0.01,0
2017-02-11,0.01,0
2017-02-12,0.01,0
2017-02-13,0.01,0
2017-02-14,0.01,0
2017-02-15,0.01,0
2017-02-16,0.01,0
2017-02-17,0.01,0
2017-02-18,0.01,0
2017-02-19,0.01,0
2017-02-20,0.01,0
2017-02-21,0.01,0
2017-02-22,0.01,0
2017-02-23,0.01,0
2017-02-24,0.01,0
2017-02-25,0.01,0
2017-02-26,0.01,0
2017-02-27,0.01,0
2017-02-28,0.01,0
2017-03-01,0.01,0
2017-03-02,0.01,0
2017-03-03,0.01,0
2017-03-04,0.01,0
2017-03-05,0.01,0
2017-03-06,0.01,0
2017-03-07,0.01,0
2017-03-08,0.01,0
2017-03-09,0.01,0
2017-03-10,0.01,0
2017-03-11,0.01,0
2017-03-12,0.01,0
2017-03-13,0.01,0
2017-03-14,0.01,0
2017-03-15,0.01,0
2017-03-16,0.01,0
2017-03-17,0.01,0
2017-03-18,0.01,0
2017-03-19,0.01,0
2017-03-20,0.01,0
2017-03-21,0.01,0
2017-03-22,0.01,0
2017-03-23,0.01,0
2017-03-24,0.01,0
2017-03-25,0.01,0
2017-03-26,0.01,0
2017-03-27,0.01,0
2017-03-28,0.01,0
2017-03-29,0.01,0
2017-03-30,0.01,0
2017-03-31,0.02,1
2017-04-01,0.02,0
2017-04-02,0.05,1.5
2017-04-03,0.03,-0.4
2017-04-04,0.04,0.333333333
2017-04-05,0.04,0
2017-04-06,0.03,-0.25
2017-04-07,0.04,0.333333333
2017-04-08,0.04,0
2017-04-09,0.03,-0.25
2017-04-10,0.03,0
2017-04-11,0.03,0
2017-04-12,0.03,0
2017-04-13,0.03,0
2017-04-14,0.03,0
2017-04-15,0.03,0
2017-04-16,0.03,0
2017-04-17,0.03,0
2017-04-18,0.03,0
2017-04-19,0.03,0
2017-04-20,0.03,0
2017-04-21,0.03,0
2017-04-22,0.03,0
2017-04-23,0.03,0
2017-04-24,0.03,0
2017-04-25,0.03,0
2017-04-26,0.03,0
2017-04-27,0.03,0
2017-04-28,0.04,0.333333333
2017-04-29,0.06,0.5
2017-04-30,0.05,-0.166666667
2017-05-01,0.05,0
2017-05-02,0.05,0
2017-05-03,0.06,0.2
2017-05-04,0.08,0.333333333
2017-05-05,0.09,0.125
2017-05-06,0.1,0.111111111
2017-05-07,0.14,0.4
2017-05-08,0.2,0.428571429
2017-05-09,0.16,-0.2
2017-05-10,0.19,0.1875
2017-05-11,0.18,-0.052631579
2017-05-12,0.2,0.111111111
2017-05-13,0.21,0.05
2017-05-14,0.22,0.047619048
2017-05-15,0.26,0.181818182
2017-05-16,0.34,0.307692308
2017-05-17,0.41,0.205882353
2017-05-18,0.36,-0.12195122
2017-05-19,0.34,-0.055555556
2017-05-20,0.35,0.029411765
2017-05-21,0.34,-0.028571429
2017-05-22,0.32,-0.058823529
2017-05-23,0.33,0.03125
2017-05-24,0.3,-0.090909091
2017-05-25,0.25,-0.166666667
2017-05-26,0.27,0.08
2017-05-27,0.21,-0.222222222
2017-05-28,0.23,0.095238095
2017-05-29,0.23,0
2017-05-30,0.21,-0.086956522
2017-05-31,0.25,0.19047619
2017-06-01,0.33,0.32
2017-06-02,0.3,-0.090909091
2017-06-03,0.28,-0.066666667
2017-06-04,0.3,0.071428571
2017-06-05,0.29,-0.033333333
2017-06-06,0.29,0
2017-06-07,0.28,-0.034482759
2017-06-08,0.29,0.035714286
2017-06-09,0.29,0
2017-06-10,0.26,-0.103448276
2017-06-11,0.27,0.038461538
2017-06-12,0.25,-0.074074074
2017-06-13,0.27,0.08
2017-06-14,0.28,0.037037037
2017-06-15,0.26,-0.071428571
2017-06-16,0.26,0
2017-06-17,0.27,0.038461538
2017-06-18,0.28,0.037037037
2017-06-19,0.29,0.035714286
2017-06-20,0.33,0.137931034
2017-06-21,0.29,-0.121212121
2017-06-22,0.3,0.034482759
2017-06-23,0.32,0.066666667
2017-06-24,0.31,-0.03125
2017-06-25,0.3,-0.032258065
2017-06-26,0.28,-0.066666667
2017-06-27,0.28,0
2017-06-28,0.28,0
2017-06-29,0.27,-0.035714286
2017-06-30,0.26,-0.037037037
2017-07-01,0.26,0
2017-07-02,0.26,0
2017-07-03,0.26,0
2017-07-04,0.25,-0.038461538
2017-07-05,0.26,0.04
2017-07-06,0.25,-0.038461538
2017-07-07,0.24,-0.04
2017-07-08,0.24,0
2017-07-09,0.23,-0.041666667
2017-07-10,0.21,-0.086956522
2017-07-11,0.19,-0.095238095
2017-07-12,0.21,0.105263158
2017-07-13,0.2,-0.047619048
2017-07-14,0.19,-0.05
2017-07-15,0.17,-0.105263158
2017-07-16,0.14,-0.176470588
2017-07-17,0.18,0.285714286
2017-07-18,0.19,0.055555556
2017-07-19,0.16,-0.157894737
2017-07-20,0.19,0.1875
2017-07-21,0.18,-0.052631579
2017-07-22,0.19,0.055555556
2017-07-23,0.19,0
2017-07-24,0.19,0
2017-07-25,0.18,-0.052631579
2017-07-26,0.17,-0.055555556
2017-07-27,0.17,0
2017-07-28,0.17,0
2017-07-29,0.17,0
2017-07-30,0.17,0
2017-07-31,0.17,0
2017-08-01,0.18,0.058823529
2017-08-02,0.17,-0.055555556
2017-08-03,0.17,0
2017-08-04,0.17,0
2017-08-05,0.18,0.058823529
2017-08-06,0.18,0
2017-08-07,0.18,0
2017-08-08,0.19,0.055555556
2017-08-09,0.18,-0.052631579
2017-08-10,0.18,0
2017-08-11,0.18,0
2017-08-12,0.17,-0.055555556
2017-08-13,0.17,0
2017-08-14,0.17,0
2017-08-15,0.16,-0.058823529
2017-08-16,0.16,0
2017-08-17,0.16,0
2017-08-18,0.16,0
2017-08-19,0.16,0
2017-08-20,0.16,0
2017-08-21,0.19,0.1875
2017-08-22,0.24,0.263157895
2017-08-23,0.25,0.041666667
2017-08-24,0.22,-0.12
2017-08-25,0.22,0
2017-08-26,0.21,-0.045454545
2017-08-27,0.2,-0.047619048
2017-08-28,0.22,0.1
2017-08-29,0.22,0
2017-08-30,0.23,0.045454545
2017-08-31,0.25,0.086956522
2017-09-01,0.25,0
2017-09-02,0.22,-0.12
2017-09-03,0.23,0.045454545
2017-09-04,0.21,-0.086956522
2017-09-05,0.22,0.047619048
2017-09-06,0.23,0.045454545
2017-09-07,0.22,-0.043478261
2017-09-08,0.21,-0.045454545
2017-09-09,0.21,0
2017-09-10,0.21,0
2017-09-11,0.21,0
2017-09-12,0.21,0
2017-09-13,0.2,-0.047619048
2017-09-14,0.16,-0.2
2017-09-15,0.18,0.125
2017-09-16,0.18,0
2017-09-17,0.18,0
2017-09-18,0.19,0.055555556
2017-09-19,0.18,-0.052631579
2017-09-20,0.18,0
2017-09-21,0.17,-0.055555556
2017-09-22,0.17,0
2017-09-23,0.18,0.058823529
2017-09-24,0.18,0
2017-09-25,0.18,0
2017-09-26,0.19,0.055555556
2017-09-27,0.2,0.052631579
2017-09-28,0.2,0
2017-09-29,0.19,-0.05
2017-09-30,0.2,0.052631579
2017-10-01,0.2,0
2017-10-02,0.2,0
2017-10-03,0.2,0
2017-10-04,0.21,0.05
2017-10-05,0.24,0.142857143
2017-10-06,0.23,-0.041666667
2017-10-07,0.24,0.043478261
2017-10-08,0.28,0.166666667
2017-10-09,0.25,-0.107142857
2017-10-10,0.26,0.04
2017-10-11,0.26,0
2017-10-12,0.25,-0.038461538
2017-10-13,0.26,0.04
2017-10-14,0.26,0
2017-10-15,0.27,0.038461538
2017-10-16,0.26,-0.037037037
2017-10-17,0.23,-0.115384615
2017-10-18,0.22,-0.043478261
2017-10-19,0.21,-0.045454545
2017-10-20,0.21,0
2017-10-21,0.21,0
2017-10-22,0.2,-0.047619048
2017-10-23,0.2,0
2017-10-24,0.21,0.05
2017-10-25,0.2,-0.047619048
2017-10-26,0.2,0
2017-10-27,0.2,0
2017-10-28,0.2,0
2017-10-29,0.2,0
2017-10-30,0.2,0
2017-10-31,0.2,0
2017-11-01,0.19,-0.05
2017-11-02,0.21,0.105263158
2017-11-03,0.21,0
2017-11-04,0.2,-0.047619048
2017-11-05,0.2,0
2017-11-06,0.21,0.05
2017-11-07,0.21,0
2017-11-08,0.22,0.047619048
2017-11-09,0.22,0
2017-11-10,0.21,-0.045454545
2017-11-11,0.21,0
2017-11-12,0.2,-0.047619048
2017-11-13,0.2,0
2017-11-14,0.21,0.05
2017-11-15,0.21,0
2017-11-16,0.22,0.047619048
2017-11-17,0.23,0.045454545
2017-11-18,0.23,0
2017-11-19,0.23,0
2017-11-20,0.24,0.043478261
2017-11-21,0.23,-0.041666667
2017-11-22,0.24,0.043478261
2017-11-23,0.25,0.041666667
2017-11-24,0.24,-0.04
2017-11-25,0.25,0.041666667
2017-11-26,0.25,0
2017-11-27,0.25,0
2017-11-28,0.3,0.2
2017-11-29,0.24,-0.2
2017-11-30,0.25,0.041666667
2017-12-01,0.26,0.04
2017-12-02,0.26,0
2017-12-03,0.25,-0.038461538
2017-12-04,0.25,0
2017-12-05,0.25,0
2017-12-06,0.24,-0.04
2017-12-07,0.22,-0.083333333
2017-12-08,0.25,0.136363636
2017-12-09,0.24,-0.04
2017-12-10,0.24,0
2017-12-11,0.25,0.041666667
2017-12-12,0.38,0.52
2017-12-13,0.48,0.263157895
2017-12-14,0.87,0.8125
2017-12-15,0.76,-0.126436782
2017-12-16,0.76,0
2017-12-17,0.73,-0.039473684
2017-12-18,0.78,0.068493151
2017-12-19,0.79,0.012820513
2017-12-20,0.77,-0.025316456
2017-12-21,1.16,0.506493506
2017-12-22,1.11,-0.043103448
2017-12-23,1.18,0.063063063
2017-12-24,1.03,-0.127118644
2017-12-25,1.12,0.087378641
2017-12-26,1.18,0.053571429
2017-12-27,1.41,0.194915254
2017-12-28,1.43,0.014184397
2017-12-29,2.21,0.545454545
2017-12-30,2.18,-0.013574661
2017-12-31,2.28,0.04587156
2018-01-01,2.31,0.013157895
2018-01-02,2.46,0.064935065
2018-01-03,3.13,0.272357724
2018-01-04,3.22,0.028753994
2018-01-05,2.93,-0.090062112
2018-01-06,3.09,0.054607509
2018-01-07,3.4,0.100323625
2018-01-08,2.45,-0.279411765
2018-01-09,2.14,-0.126530612
2018-01-10,1.96,-0.08411215
2018-01-11,1.93,-0.015306122
2018-01-12,2.03,0.051813472
2018-01-13,2.02,-0.004926108
2018-01-14,1.87,-0.074257426
2018-01-15,1.67,-0.106951872
2018-01-16,1.2,-0.281437126
2018-01-17,1.29,0.075
2018-01-18,1.61,0.248062016
2018-01-19,1.54,-0.043478261
2018-01-20,1.58,0.025974026
2018-01-21,1.38,-0.126582278
2018-01-22,1.3,-0.057971014
2018-01-23,1.34,0.030769231
2018-01-24,1.33,-0.007462687
2018-01-25,1.31,-0.015037594
2018-01-26,1.21,-0.076335878
2018-01-27,1.23,0.016528926
2018-01-28,1.42,0.154471545
2018-01-29,1.32,-0.070422535
2018-01-30,1.31,-0.007575758
2018-01-31,1.14,-0.129770992
2018-02-01,1.14,0
2018-02-02,0.96,-0.157894737
2018-02-03,0.9,-0.0625
2018-02-04,0.92,0.022222222
2018-02-05,0.84,-0.086956522
2018-02-06,0.69,-0.178571429
2018-02-07,0.78,0.130434783
2018-02-08,0.73,-0.064102564
2018-02-09,0.78,0.068493151
2018-02-10,0.93,0.192307692
2018-02-11,1.09,0.172043011
2018-02-12,1.01,-0.073394495
2018-02-13,1.09,0.079207921
2018-02-14,1.03,-0.055045872
2018-02-15,1.15,0.116504854
2018-02-16,1.15,0
2018-02-17,1.14,-0.008695652
2018-02-18,1.21,0.061403509
2018-02-19,1.13,-0.066115702
2018-02-20,1.14,0.008849558
2018-02-21,1.1,-0.035087719
2018-02-22,0.95,-0.136363636
2018-02-23,0.96,0.010526316
2018-02-24,1,0.041666667
2018-02-25,0.95,-0.05
2018-02-26,0.95,0
2018-02-27,0.96,0.010526316
2018-02-28,0.95,-0.010416667
2018-03-01,0.91,-0.042105263
2018-03-02,0.93,0.021978022
2018-03-03,0.91,-0.021505376
2018-03-04,0.9,-0.010989011
2018-03-05,1.02,0.133333333
2018-03-06,0.96,-0.058823529
2018-03-07,0.92,-0.041666667
2018-03-08,0.88,-0.043478261
2018-03-09,0.83,-0.056818182
2018-03-10,0.85,0.024096386
2018-03-11,0.8,-0.058823529
2018-03-12,0.83,0.0375
2018-03-13,0.8,-0.036144578
2018-03-14,0.79,-0.0125
2018-03-15,0.7,-0.113924051
2018-03-16,0.7,0
2018-03-17,0.7,0
2018-03-18,0.65,-0.071428571
2018-03-19,0.66,0.015384615
2018-03-20,0.73,0.106060606
2018-03-21,0.7,-0.04109589
2018-03-22,0.69,-0.014285714
2018-03-23,0.66,-0.043478261
2018-03-24,0.64,-0.03030303
2018-03-25,0.64,0
2018-03-26,0.64,0
2018-03-27,0.6,-0.0625
2018-03-28,0.58,-0.033333333
2018-03-29,0.58,0
2018-03-30,0.51,-0.120689655
2018-03-31,0.51,0
2018-04-01,0.51,0
2018-04-02,0.49,-0.039215686
2018-04-03,0.5,0.020408163
2018-04-04,0.56,0.12
2018-04-05,0.5,-0.107142857
2018-04-06,0.5,0
2018-04-07,0.48,-0.04
2018-04-08,0.49,0.020833333
2018-04-09,0.5,0.020408163
2018-04-10,0.49,-0.02
2018-04-11,0.49,0
2018-04-12,0.54,0.102040816
2018-04-13,0.63,0.166666667
2018-04-14,0.64,0.015873016
2018-04-15,0.63,-0.015625
2018-04-16,0.68,0.079365079
2018-04-17,0.66,-0.029411765
2018-04-18,0.66,0
2018-04-19,0.71,0.075757576
2018-04-20,0.79,0.112676056
2018-04-21,0.93,0.17721519
2018-04-22,0.87,-0.064516129
2018-04-23,0.87,0
2018-04-24,0.88,0.011494253
2018-04-25,0.94,0.068181818
2018-04-26,0.8,-0.14893617
2018-04-27,0.85,0.0625
2018-04-28,0.81,-0.047058824
2018-04-29,0.86,0.061728395
2018-04-30,0.87,0.011627907
2018-05-01,0.84,-0.034482759
2018-05-02,0.84,0
2018-05-03,0.86,0.023809524
2018-05-04,0.89,0.034883721
2018-05-05,0.89,0
2018-05-06,0.9,0.011235955
2018-05-07,0.87,-0.033333333
2018-05-08,0.83,-0.045977011
2018-05-09,0.81,-0.024096386
2018-05-10,0.8,-0.012345679
2018-05-11,0.76,-0.05
2018-05-12,0.69,-0.092105263
2018-05-13,0.7,0.014492754
2018-05-14,0.75,0.071428571
2018-05-15,0.74,-0.013333333
2018-05-16,0.7,-0.054054054
2018-05-17,0.71,0.014285714
2018-05-18,0.67,-0.056338028
2018-05-19,0.68,0.014925373
2018-05-20,0.67,-0.014705882
2018-05-21,0.7,0.044776119
2018-05-22,0.68,-0.028571429
2018-05-23,0.65,-0.044117647
2018-05-24,0.6,-0.076923077
2018-05-25,0.63,0.05
2018-05-26,0.61,-0.031746032
2018-05-27,0.61,0
2018-05-28,0.61,0
2018-05-29,0.55,-0.098360656
2018-05-30,0.6,0.090909091
2018-05-31,0.61,0.016666667
2018-06-01,0.61,0
2018-06-02,0.62,0.016393443
2018-06-03,0.64,0.032258065
2018-06-04,0.68,0.0625
2018-06-05,0.66,-0.029411765
2018-06-06,0.68,0.03030303
2018-06-07,0.67,-0.014705882
2018-06-08,0.68,0.014925373
2018-06-09,0.67,-0.014705882
2018-06-10,0.65,-0.029850746
2018-06-11,0.59,-0.092307692
2018-06-12,0.6,0.016949153
2018-06-13,0.56,-0.066666667
2018-06-14,0.54,-0.035714286
2018-06-15,0.56,0.037037037
2018-06-16,0.53,-0.053571429
2018-06-17,0.53,0
2018-06-18,0.53,0
2018-06-19,0.54,0.018867925
2018-06-20,0.55,0.018518519
2018-06-21,0.54,-0.018181818
2018-06-22,0.53,-0.018518519
2018-06-23,0.49,-0.075471698
2018-06-24,0.49,0
2018-06-25,0.48,-0.020408163
2018-06-26,0.48,0
2018-06-27,0.46,-0.041666667
2018-06-28,0.47,0.02173913
2018-06-29,0.45,-0.042553191
2018-06-30,0.45,0
2018-07-01,0.47,0.044444444
2018-07-02,0.46,-0.021276596
2018-07-03,0.49,0.065217391
2018-07-04,0.48,-0.020408163
2018-07-05,0.49,0.020833333
2018-07-06,0.48,-0.020408163
2018-07-07,0.48,0
2018-07-08,0.48,0
2018-07-09,0.48,0
2018-07-10,0.47,-0.020833333
2018-07-11,0.44,-0.063829787
2018-07-12,0.45,0.022727273
2018-07-13,0.44,-0.022222222
2018-07-14,0.44,0
2018-07-15,0.44,0
2018-07-16,0.45,0.022727273
2018-07-17,0.48,0.066666667
2018-07-18,0.5,0.041666667
2018-07-19,0.48,-0.04
2018-07-20,0.48,0
2018-07-21,0.45,-0.0625
2018-07-22,0.45,0
2018-07-23,0.45,0
2018-07-24,0.45,0
2018-07-25,0.46,0.022222222
2018-07-26,0.46,0
2018-07-27,0.45,-0.02173913
2018-07-28,0.45,0
2018-07-29,0.45,0
2018-07-30,0.45,0
2018-07-31,0.45,0
2018-08-01,0.44,-0.022222222
2018-08-02,0.45,0.022727273
2018-08-03,0.43,-0.044444444
2018-08-04,0.44,0.023255814
2018-08-05,0.43,-0.022727273
2018-08-06,0.43,0
2018-08-07,0.41,-0.046511628
2018-08-08,0.38,-0.073170732
2018-08-09,0.33,-0.131578947
2018-08-10,0.35,0.060606061
2018-08-11,0.32,-0.085714286
2018-08-12,0.3,-0.0625
2018-08-13,0.3,0
2018-08-14,0.28,-0.066666667
2018-08-15,0.27,-0.035714286
2018-08-16,0.28,0.037037037
2018-08-17,0.29,0.035714286
2018-08-18,0.37,0.275862069
2018-08-19,0.33,-0.108108108
2018-08-20,0.34,0.03030303
2018-08-21,0.32,-0.058823529
2018-08-22,0.33,0.03125
2018-08-23,0.32,-0.03030303
2018-08-24,0.33,0.03125
2018-08-25,0.33,0
2018-08-26,0.33,0
2018-08-27,0.32,-0.03030303
2018-08-28,0.34,0.0625
2018-08-29,0.35,0.029411765
2018-08-30,0.34,-0.028571429
2018-08-31,0.34,0
2018-09-01,0.34,0
2018-09-02,0.35,0.029411765
2018-09-03,0.34,-0.028571429
2018-09-04,0.34,0
2018-09-05,0.33,-0.029411765
2018-09-06,0.28,-0.151515152
2018-09-07,0.3,0.071428571
2018-09-08,0.29,-0.033333333
2018-09-09,0.27,-0.068965517
2018-09-10,0.28,0.037037037
2018-09-11,0.27,-0.035714286
2018-09-12,0.26,-0.037037037
2018-09-13,0.27,0.038461538
2018-09-14,0.28,0.037037037
2018-09-15,0.28,0
2018-09-16,0.28,0
2018-09-17,0.28,0
2018-09-18,0.27,-0.035714286
2018-09-19,0.32,0.185185185
2018-09-20,0.33,0.03125
2018-09-21,0.45,0.363636364
2018-09-22,0.57,0.266666667
2018-09-23,0.57,0
2018-09-24,0.57,0
2018-09-25,0.49,-0.140350877
2018-09-26,0.53,0.081632653
2018-09-27,0.51,-0.037735849
2018-09-28,0.54,0.058823529
2018-09-29,0.54,0
2018-09-30,0.57,0.055555556
2018-10-01,0.58,0.01754386
2018-10-02,0.58,0
2018-10-03,0.52,-0.103448276
2018-10-04,0.53,0.019230769
2018-10-05,0.53,0
2018-10-06,0.52,-0.018867925
2018-10-07,0.49,-0.057692308
2018-10-08,0.48,-0.020408163
2018-10-09,0.49,0.020833333
2018-10-10,0.48,-0.020408163
2018-10-11,0.46,-0.041666667
2018-10-12,0.38,-0.173913043
2018-10-13,0.42,0.105263158
2018-10-14,0.42,0
2018-10-15,0.41,-0.023809524
2018-10-16,0.45,0.097560976
2018-10-17,0.48,0.066666667
2018-10-18,0.48,0
2018-10-19,0.46,-0.041666667
2018-10-20,0.46,0
2018-10-21,0.46,0
2018-10-22,0.46,0
2018-10-23,0.46,0
2018-10-24,0.46,0
2018-10-25,0.46,0
2018-10-26,0.46,0
2018-10-27,0.46,0
2018-10-28,0.46,0
2018-10-29,0.46,0
2018-10-30,0.44,-0.043478261
2018-10-31,0.45,0.022727273
2018-11-01,0.45,0
2018-11-02,0.46,0.022222222
2018-11-03,0.46,0
2018-11-04,0.46,0
2018-11-05,0.46,0
2018-11-06,0.5,0.086956522
2018-11-07,0.55,0.1
2018-11-08,0.54,-0.018181818
2018-11-09,0.5,-0.074074074
2018-11-10,0.5,0
2018-11-11,0.51,0.02
2018-11-12,0.51,0
2018-11-13,0.52,0.019607843
2018-11-14,0.51,-0.019230769
2018-11-15,0.48,-0.058823529
2018-11-16,0.49,0.020833333
2018-11-17,0.47,-0.040816327
2018-11-18,0.5,0.063829787
2018-11-19,0.51,0.02
2018-11-20,0.48,-0.058823529
2018-11-21,0.44,-0.083333333
2018-11-22,0.45,0.022727273
2018-11-23,0.43,-0.044444444
2018-11-24,0.41,-0.046511628
2018-11-25,0.38,-0.073170732
2018-11-26,0.38,0
2018-11-27,0.36,-0.052631579
2018-11-28,0.36,0
2018-11-29,0.39,0.083333333
2018-11-30,0.38,-0.025641026
2018-12-01,0.36,-0.052631579
2018-12-02,0.37,0.027777778
2018-12-03,0.37,0
2018-12-04,0.35,-0.054054054
2018-12-05,0.35,0
2018-12-06,0.34,-0.028571429
2018-12-07,0.31,-0.088235294
2018-12-08,0.3,-0.032258065
2018-12-09,0.3,0
2018-12-10,0.31,0.033333333
2018-12-11,0.3,-0.032258065
2018-12-12,0.3,0
2018-12-13,0.3,0
2018-12-14,0.3,0
2018-12-15,0.29,-0.033333333
2018-12-16,0.28,-0.034482759
2018-12-17,0.29,0.035714286
2018-12-18,0.33,0.137931034
2018-12-19,0.35,0.060606061
2018-12-20,0.35,0
2018-12-21,0.37,0.057142857
2018-12-22,0.36,-0.027027027
2018-12-23,0.36,0
2018-12-24,0.37,0.027777778
2018-12-25,0.41,0.108108108
2018-12-26,0.38,-0.073170732
2018-12-27,0.37,-0.026315789
2018-12-28,0.33,-0.108108108
2018-12-29,0.37,0.121212121
2018-12-30,0.36,-0.027027027
2018-12-31,0.36,0
2019-01-01,0.35,-0.027777778
2019-01-02,0.36,0.028571429
2019-01-03,0.37,0.027777778
2019-01-04,0.35,-0.054054054
2019-01-05,0.36,0.028571429
2019-01-06,0.35,-0.027777778
2019-01-07,0.36,0.028571429
2019-01-08,0.36,0
2019-01-09,0.36,0
2019-01-10,0.37,0.027777778
2019-01-11,0.33,-0.108108108
2019-01-12,0.33,0
2019-01-13,0.33,0
2019-01-14,0.31,-0.060606061
2019-01-15,0.33,0.064516129
2019-01-16,0.32,-0.03030303
2019-01-17,0.33,0.03125
2019-01-18,0.33,0
2019-01-19,0.32,-0.03030303
2019-01-20,0.33,0.03125
2019-01-21,0.32,-0.03030303
2019-01-22,0.32,0
2019-01-23,0.32,0
2019-01-24,0.31,-0.03125
2019-01-25,0.32,0.032258065
2019-01-26,0.31,-0.03125
2019-01-27,0.31,0
2019-01-28,0.31,0
2019-01-29,0.29,-0.064516129
2019-01-30,0.29,0
2019-01-31,0.32,0.103448276
2019-02-01,0.31,-0.03125
2019-02-02,0.31,0
2019-02-03,0.31,0
2019-02-04,0.3,-0.032258065
2019-02-05,0.3,0
2019-02-06,0.3,0
2019-02-07,0.29,-0.033333333
2019-02-08,0.29,0
2019-02-09,0.31,0.068965517
2019-02-10,0.31,0
2019-02-11,0.31,0
2019-02-12,0.3,-0.032258065
2019-02-13,0.3,0
2019-02-14,0.3,0
2019-02-15,0.3,0
2019-02-16,0.3,0
2019-02-17,0.3,0
2019-02-18,0.3,0
2019-02-19,0.32,0.066666667
2019-02-20,0.32,0
2019-02-21,0.33,0.03125
2019-02-22,0.32,-0.03030303
2019-02-23,0.32,0
2019-02-24,0.33,0.03125
2019-02-25,0.3,-0.090909091
2019-02-26,0.33,0.1
2019-02-27,0.32,-0.03030303
2019-02-28,0.31,-0.03125
2019-03-01,0.31,0
2019-03-02,0.32,0.032258065
2019-03-03,0.31,-0.03125
2019-03-04,0.31,0
2019-03-05,0.3,-0.032258065
2019-03-06,0.31,0.033333333
2019-03-07,0.31,0
2019-03-08,0.31,0
2019-03-09,0.31,0
2019-03-10,0.31,0
2019-03-11,0.31,0
2019-03-12,0.31,0
2019-03-13,0.31,0
2019-03-14,0.31,0
2019-03-15,0.31,0
2019-03-16,0.31,0
2019-03-17,0.32,0.032258065
2019-03-18,0.32,0
2019-03-19,0.31,-0.03125
2019-03-20,0.32,0.032258065
2019-03-21,0.32,0
2019-03-22,0.31,-0.03125
2019-03-23,0.31,0
2019-03-24,0.31,0
2019-03-25,0.31,0
2019-03-26,0.3,-0.032258065
2019-03-27,0.3,0
2019-03-28,0.31,0.033333333
2019-03-29,0.31,0
2019-03-30,0.31,0
2019-03-31,0.31,0
2019-04-01,0.31,0
2019-04-02,0.31,0
2019-04-03,0.35,0.129032258
2019-04-04,0.34,-0.028571429
2019-04-05,0.33,-0.029411765
2019-04-06,0.36,0.090909091
2019-04-07,0.35,-0.027777778
2019-04-08,0.36,0.028571429
2019-04-09,0.36,0
2019-04-10,0.35,-0.027777778
2019-04-11,0.35,0
2019-04-12,0.33,-0.057142857
2019-04-13,0.33,0
2019-04-14,0.33,0
2019-04-15,0.33,0
2019-04-16,0.32,-0.03030303
2019-04-17,0.33,0.03125
2019-04-18,0.33,0
2019-04-19,0.34,0.03030303
2019-04-20,0.33,-0.029411765
2019-04-21,0.33,0
2019-04-22,0.32,-0.03030303
2019-04-23,0.32,0
2019-04-24,0.32,0
2019-04-25,0.3,-0.0625
2019-04-26,0.29,-0.033333333
2019-04-27,0.3,0.034482759
2019-04-28,0.3,0
2019-04-29,0.3,0
2019-04-30,0.29,-0.033333333
2019-05-01,0.31,0.068965517
2019-05-02,0.3,-0.032258065
2019-05-03,0.3,0
2019-05-04,0.31,0.033333333
2019-05-05,0.3,-0.032258065
2019-05-06,0.3,0
2019-05-07,0.3,0
2019-05-08,0.3,0
2019-05-09,0.3,0
2019-05-10,0.3,0
2019-05-11,0.3,0
2019-05-12,0.33,0.1
2019-05-13,0.31,-0.060606061
2019-05-14,0.32,0.032258065
2019-05-15,0.41,0.28125
2019-05-16,0.46,0.12195122
2019-05-17,0.42,-0.086956522
2019-05-18,0.39,-0.071428571
2019-05-19,0.37,-0.051282051
2019-05-20,0.42,0.135135135
2019-05-21,0.4,-0.047619048
2019-05-22,0.4,0
2019-05-23,0.38,-0.05
2019-05-24,0.38,0
2019-05-25,0.38,0
2019-05-26,0.39,0.026315789
2019-05-27,0.41,0.051282051
2019-05-28,0.44,0.073170732
2019-05-29,0.45,0.022727273
2019-05-30,0.44,-0.022222222
2019-05-31,0.42,-0.045454545
2019-06-01,0.44,0.047619048
2019-06-02,0.43,-0.022727273
2019-06-03,0.45,0.046511628
2019-06-04,0.43,-0.044444444
2019-06-05,0.4,-0.069767442
2019-06-06,0.4,0
2019-06-07,0.42,0.05
2019-06-08,0.42,0
2019-06-09,0.41,-0.023809524
2019-06-10,0.39,-0.048780488
2019-06-11,0.4,0.025641026
2019-06-12,0.39,-0.025
2019-06-13,0.4,0.025641026
2019-06-14,0.4,0
2019-06-15,0.4,0
2019-06-16,0.41,0.025
2019-06-17,0.43,0.048780488
2019-06-18,0.45,0.046511628
2019-06-19,0.43,-0.044444444
2019-06-20,0.44,0.023255814
2019-06-21,0.43,-0.022727273
2019-06-22,0.44,0.023255814
2019-06-23,0.48,0.090909091
2019-06-24,0.47,-0.020833333
2019-06-25,0.47,0
2019-06-26,0.47,0
2019-06-27,0.47,0
2019-06-28,0.41,-0.127659574
2019-06-29,0.42,0.024390244
2019-06-30,0.43,0.023809524
2019-07-01,0.4,-0.069767442
2019-07-02,0.41,0.025
2019-07-03,0.4,-0.024390244
2019-07-04,0.41,0.025
2019-07-05,0.39,-0.048780488
2019-07-06,0.38,-0.025641026
2019-07-07,0.39,0.026315789
2019-07-08,0.4,0.025641026
2019-07-09,0.4,0
2019-07-10,0.39,-0.025
2019-07-11,0.36,-0.076923077
2019-07-12,0.33,-0.083333333
2019-07-13,0.34,0.03030303
2019-07-14,0.33,-0.029411765
2019-07-15,0.31,-0.060606061
2019-07-16,0.31,0
2019-07-17,0.3,-0.032258065
2019-07-18,0.31,0.033333333
2019-07-19,0.32,0.032258065
2019-07-20,0.32,0
2019-07-21,0.33,0.03125
2019-07-22,0.33,0
2019-07-23,0.32,-0.03030303
2019-07-24,0.31,-0.03125
2019-07-25,0.31,0
2019-07-26,0.31,0
2019-07-27,0.32,0.032258065
2019-07-28,0.31,-0.03125
2019-07-29,0.31,0
2019-07-30,0.31,0
2019-07-31,0.32,0.032258065
2019-08-01,0.32,0
2019-08-02,0.32,0
2019-08-03,0.31,-0.03125
2019-08-04,0.32,0.032258065
2019-08-05,0.32,0
2019-08-06,0.32,0
2019-08-07,0.31,-0.03125
2019-08-08,0.31,0
2019-08-09,0.31,0
2019-08-10,0.3,-0.032258065
2019-08-11,0.3,0
2019-08-12,0.3,0
2019-08-13,0.3,0
2019-08-14,0.3,0
2019-08-15,0.26,-0.133333333
2019-08-16,0.26,0
2019-08-17,0.26,0
2019-08-18,0.27,0.038461538
2019-08-19,0.28,0.037037037
2019-08-20,0.28,0
2019-08-21,0.27,-0.035714286
2019-08-22,0.27,0
2019-08-23,0.27,0
2019-08-24,0.28,0.037037037
2019-08-25,0.27,-0.035714286
2019-08-26,0.27,0
2019-08-27,0.27,0
2019-08-28,0.27,0
2019-08-29,0.26,-0.037037037
2019-08-30,0.26,0
2019-08-31,0.26,0
2019-09-01,0.26,0
2019-09-02,0.26,0
2019-09-03,0.26,0
2019-09-04,0.26,0
2019-09-05,0.26,0
2019-09-06,0.26,0
2019-09-07,0.25,-0.038461538
2019-09-08,0.26,0.04
2019-09-09,0.26,0
2019-09-10,0.26,0
2019-09-11,0.26,0
2019-09-12,0.26,0
2019-09-13,0.25,-0.038461538
2019-09-14,0.26,0.04
2019-09-15,0.26,0
2019-09-16,0.26,0
2019-09-17,0.26,0
2019-09-18,0.28,0.076923077
2019-09-19,0.31,0.107142857
2019-09-20,0.3,-0.032258065
2019-09-21,0.29,-0.033333333
2019-09-22,0.29,0
2019-09-23,0.28,-0.034482759
2019-09-24,0.27,-0.035714286
2019-09-25,0.24,-0.111111111
2019-09-26,0.25,0.041666667
2019-09-27,0.24,-0.04
2019-09-28,0.24,0
2019-09-29,0.24,0
2019-09-30,0.24,0
2019-10-01,0.26,0.083333333
2019-10-02,0.25,-0.038461538
2019-10-03,0.25,0
2019-10-04,0.25,0
2019-10-05,0.25,0
2019-10-06,0.25,0
2019-10-07,0.25,0
2019-10-08,0.27,0.08
2019-10-09,0.28,0.037037037
2019-10-10,0.28,0
2019-10-11,0.27,-0.035714286
2019-10-12,0.27,0
2019-10-13,0.27,0
2019-10-14,0.28,0.037037037
2019-10-15,0.3,0.071428571
2019-10-16,0.29,-0.033333333
2019-10-17,0.28,-0.034482759
2019-10-18,0.3,0.071428571
2019-10-19,0.29,-0.033333333
2019-10-20,0.29,0
2019-10-21,0.29,0
2019-10-22,0.29,0
2019-10-23,0.29,0
2019-10-24,0.27,-0.068965517
2019-10-25,0.28,0.037037037
2019-10-26,0.3,0.071428571
2019-10-27,0.29,-0.033333333
2019-10-28,0.3,0.034482759
2019-10-29,0.29,-0.033333333
2019-10-30,0.3,0.034482759
2019-10-31,0.3,0
2019-11-01,0.29,-0.033333333
2019-11-02,0.29,0
2019-11-03,0.3,0.034482759
2019-11-04,0.29,-0.033333333
2019-11-05,0.3,0.034482759
2019-11-06,0.3,0
2019-11-07,0.31,0.033333333
2019-11-08,0.29,-0.064516129
2019-11-09,0.28,-0.034482759
2019-11-10,0.28,0
2019-11-11,0.28,0
2019-11-12,0.27,-0.035714286
2019-11-13,0.27,0
2019-11-14,0.27,0
2019-11-15,0.27,0
2019-11-16,0.26,-0.037037037
2019-11-17,0.26,0
2019-11-18,0.26,0
2019-11-19,0.25,-0.038461538
2019-11-20,0.25,0
2019-11-21,0.25,0
2019-11-22,0.24,-0.04
2019-11-23,0.23,-0.041666667
2019-11-24,0.23,0
2019-11-25,0.22,-0.043478261
2019-11-26,0.22,0
2019-11-27,0.22,0
2019-11-28,0.22,0
2019-11-29,0.22,0
2019-11-30,0.23,0.045454545
2019-12-01,0.23,0
2019-12-02,0.22,-0.043478261
2019-12-03,0.22,0
2019-12-04,0.22,0
2019-12-05,0.21,-0.045454545
2019-12-06,0.22,0.047619048
2019-12-07,0.22,0
2019-12-08,0.23,0.045454545
2019-12-09,0.23,0
2019-12-10,0.22,-0.043478261
2019-12-11,0.22,0
2019-12-12,0.22,0
2019-12-13,0.22,0
2019-12-14,0.22,0
2019-12-15,0.22,0
2019-12-16,0.22,0
2019-12-17,0.21,-0.045454545
2019-12-18,0.19,-0.095238095
2019-12-19,0.2,0.052631579
2019-12-20,0.19,-0.05
2019-12-21,0.19,0
2019-12-22,0.19,0
2019-12-23,0.2,0.052631579
2019-12-24,0.19,-0.05
2019-12-25,0.19,0
2019-12-26,0.19,0
2019-12-27,0.19,0
2019-12-28,0.19,0
2019-12-29,0.19,0
2019-12-30,0.2,0.052631579
2019-12-31,0.19,-0.05
2020-01-01,0.19,0
2020-01-02,0.19,0
2020-01-03,0.19,0
2020-01-04,0.19,0
2020-01-05,0.19,0
2020-01-06,0.19,0
2020-01-07,0.22,0.157894737
2020-01-08,0.21,-0.045454545
2020-01-09,0.21,0
2020-01-10,0.2,-0.047619048
2020-01-11,0.21,0.05
2020-01-12,0.21,0
2020-01-13,0.21,0
2020-01-14,0.21,0
2020-01-15,0.23,0.095238095
2020-01-16,0.23,0
2020-01-17,0.23,0
2020-01-18,0.24,0.043478261
2020-01-19,0.24,0
2020-01-20,0.24,0
2020-01-21,0.23,-0.041666667
2020-01-22,0.24,0.043478261
2020-01-23,0.23,-0.041666667
2020-01-24,0.23,0
2020-01-25,0.22,-0.043478261
2020-01-26,0.22,0
2020-01-27,0.23,0.045454545
2020-01-28,0.23,0
2020-01-29,0.24,0.043478261
2020-01-30,0.23,-0.041666667
2020-01-31,0.24,0.043478261
2020-02-01,0.24,0
2020-02-02,0.24,0
2020-02-03,0.25,0.041666667
2020-02-04,0.25,0
2020-02-05,0.27,0.08
2020-02-06,0.28,0.037037037
2020-02-07,0.28,0
2020-02-08,0.28,0
2020-02-09,0.28,0
2020-02-10,0.28,0
2020-02-11,0.27,-0.035714286
2020-02-12,0.28,0.037037037
2020-02-13,0.3,0.071428571
2020-02-14,0.32,0.066666667
2020-02-15,0.33,0.03125
2020-02-16,0.31,-0.060606061
2020-02-17,0.3,-0.032258065
2020-02-18,0.29,-0.033333333
2020-02-19,0.3,0.034482759
2020-02-20,0.28,-0.066666667
2020-02-21,0.27,-0.035714286
2020-02-22,0.27,0
2020-02-23,0.28,0.037037037
2020-02-24,0.28,0
2020-02-25,0.27,-0.035714286
2020-02-26,0.25,-0.074074074
2020-02-27,0.23,-0.08
2020-02-28,0.24,0.043478261
2020-02-29,0.24,0
2020-03-01,0.23,-0.041666667
2020-03-02,0.23,0
2020-03-03,0.24,0.043478261
2020-03-04,0.23,-0.041666667
2020-03-05,0.23,0
2020-03-06,0.24,0.043478261
2020-03-07,0.24,0
2020-03-08,0.24,0
2020-03-09,0.2,-0.166666667
2020-03-10,0.21,0.05
2020-03-11,0.21,0
2020-03-12,0.21,0
2020-03-13,0.14,-0.333333333
2020-03-14,0.16,0.142857143
2020-03-15,0.15,-0.0625
2020-03-16,0.15,0
2020-03-17,0.14,-0.066666667
2020-03-18,0.15,0.071428571
2020-03-19,0.15,0
2020-03-20,0.16,0.066666667
2020-03-21,0.16,0
2020-03-22,0.16,0
2020-03-23,0.15,-0.0625
2020-03-24,0.16,0.066666667
2020-03-25,0.16,0
2020-03-26,0.16,0
2020-03-27,0.17,0.0625
2020-03-28,0.17,0
2020-03-29,0.18,0.058823529
2020-03-30,0.16,-0.111111111
2020-03-31,0.17,0.0625
2020-04-01,0.17,0
2020-04-02,0.18,0.058823529
2020-04-03,0.18,0
2020-04-04,0.18,0
2020-04-05,0.18,0
2020-04-06,0.18,0
2020-04-07,0.19,0.055555556
2020-04-08,0.19,0
2020-04-09,0.2,0.052631579
2020-04-10,0.2,0
2020-04-11,0.19,-0.05
2020-04-12,0.19,0
2020-04-13,0.19,0
2020-04-14,0.19,0
2020-04-15,0.19,0
2020-04-16,0.18,-0.052631579
2020-04-17,0.19,0.055555556
2020-04-18,0.19,0
2020-04-19,0.19,0
2020-04-20,0.19,0
2020-04-21,0.18,-0.052631579
2020-04-22,0.18,0
2020-04-23,0.19,0.055555556
2020-04-24,0.19,0
2020-04-25,0.19,0
2020-04-26,0.19,0
2020-04-27,0.2,0.052631579
2020-04-28,0.2,0
2020-04-29,0.21,0.05
2020-04-30,0.23,0.095238095
2020-05-01,0.21,-0.086956522
2020-05-02,0.22,0.047619048
2020-05-03,0.22,0
2020-05-04,0.22,0
2020-05-05,0.22,0
2020-05-06,0.22,0
2020-05-07,0.21,-0.045454545
2020-05-08,0.22,0.047619048
2020-05-09,0.22,0
2020-05-10,0.22,0
2020-05-11,0.2,-0.090909091
2020-05-12,0.19,-0.05
2020-05-13,0.2,0.052631579
2020-05-14,0.2,0
2020-05-15,0.2,0
2020-05-16,0.2,0
2020-05-17,0.2,0
2020-05-18,0.2,0
2020-05-19,0.2,0
2020-05-20,0.2,0
2020-05-21,0.2,0
2020-05-22,0.2,0
2020-05-23,0.2,0
2020-05-24,0.2,0
2020-05-25,0.19,-0.05
2020-05-26,0.2,0.052631579
2020-05-27,0.19,-0.05
2020-05-28,0.2,0.052631579
2020-05-29,0.2,0
2020-05-30,0.2,0
2020-05-31,0.21,0.05
2020-06-01,0.2,-0.047619048
2020-06-02,0.21,0.05
2020-06-03,0.2,-0.047619048
2020-06-04,0.2,0
2020-06-05,0.2,0
2020-06-06,0.2,0
2020-06-07,0.2,0
2020-06-08,0.2,0
2020-06-09,0.2,0
2020-06-10,0.2,0
2020-06-11,0.2,0
2020-06-12,0.19,-0.05
2020-06-13,0.19,0
2020-06-14,0.19,0
2020-06-15,0.19,0
2020-06-16,0.19,0
2020-06-17,0.19,0
2020-06-18,0.19,0
2020-06-19,0.19,0
2020-06-20,0.19,0
2020-06-21,0.19,0
2020-06-22,0.19,0
2020-06-23,0.19,0
2020-06-24,0.19,0
2020-06-25,0.18,-0.052631579
2020-06-26,0.18,0
2020-06-27,0.18,0
2020-06-28,0.18,0
2020-06-29,0.18,0
2020-06-30,0.18,0
2020-07-01,0.18,0
2020-07-02,0.18,0
2020-07-03,0.18,0
2020-07-04,0.18,0
2020-07-05,0.18,0
2020-07-06,0.18,0
2020-07-07,0.19,0.055555556
2020-07-08,0.18,-0.052631579
2020-07-09,0.2,0.111111111
2020-07-10,0.2,0
2020-07-11,0.2,0
2020-07-12,0.2,0
2020-07-13,0.2,0
2020-07-14,0.2,0
2020-07-15,0.2,0
2020-07-16,0.2,0
2020-07-17,0.19,-0.05
2020-07-18,0.19,0
2020-07-19,0.2,0.052631579
2020-07-20,0.2,0
2020-07-21,0.19,-0.05
2020-07-22,0.2,0.052631579
2020-07-23,0.2,0
2020-07-24,0.21,0.05
2020-07-25,0.2,-0.047619048
2020-07-26,0.21,0.05
2020-07-27,0.22,0.047619048
2020-07-28,0.22,0
2020-07-29,0.23,0.045454545
2020-07-30,0.24,0.043478261
2020-07-31,0.24,0
2020-08-01,0.26,0.083333333
2020-08-02,0.29,0.115384615
2020-08-03,0.29,0
2020-08-04,0.31,0.068965517
2020-08-05,0.3,-0.032258065
2020-08-06,0.3,0
2020-08-07,0.3,0
2020-08-08,0.29,-0.033333333
2020-08-09,0.29,0
2020-08-10,0.29,0
2020-08-11,0.29,0
2020-08-12,0.28,-0.034482759
2020-08-13,0.28,0
2020-08-14,0.29,0.035714286
2020-08-15,0.3,0.034482759
2020-08-16,0.3,0
2020-08-17,0.3,0
2020-08-18,0.31,0.033333333
2020-08-19,0.3,-0.032258065
2020-08-20,0.29,-0.033333333
2020-08-21,0.29,0
2020-08-22,0.28,-0.034482759
2020-08-23,0.29,0.035714286
2020-08-24,0.29,0
2020-08-25,0.29,0
2020-08-26,0.28,-0.034482759
2020-08-27,0.28,0
2020-08-28,0.26,-0.071428571
2020-08-29,0.27,0.038461538
2020-08-30,0.27,0
2020-08-31,0.28,0.037037037
2020-09-01,0.28,0
2020-09-02,0.29,0.035714286
2020-09-03,0.28,-0.034482759
2020-09-04,0.25,-0.107142857
2020-09-05,0.26,0.04
2020-09-06,0.24,-0.076923077
2020-09-07,0.24,0
2020-09-08,0.24,0
2020-09-09,0.24,0
2020-09-10,0.24,0
2020-09-11,0.24,0
2020-09-12,0.24,0
2020-09-13,0.25,0.041666667
2020-09-14,0.24,-0.04
2020-09-15,0.25,0.041666667
2020-09-16,0.24,-0.04
2020-09-17,0.25,0.041666667
2020-09-18,0.25,0
2020-09-19,0.25,0
2020-09-20,0.25,0
2020-09-21,0.25,0
2020-09-22,0.23,-0.08
2020-09-23,0.23,0
2020-09-24,0.22,-0.043478261
2020-09-25,0.23,0.045454545
2020-09-26,0.24,0.043478261
2020-09-27,0.24,0
2020-09-28,0.24,0
2020-09-29,0.24,0
2020-09-30,0.24,0
2020-10-01,0.24,0
2020-10-02,0.24,0
2020-10-03,0.23,-0.041666667
2020-10-04,0.23,0
2020-10-05,0.25,0.086956522
2020-10-06,0.25,0
2020-10-07,0.25,0
2020-10-08,0.25,0
2020-10-09,0.25,0
2020-10-10,0.25,0
2020-10-11,0.25,0
2020-10-12,0.26,0.04
2020-10-13,0.26,0
2020-10-14,0.26,0
2020-10-15,0.25,-0.038461538
2020-10-16,0.25,0
2020-10-17,0.24,-0.04
2020-10-18,0.24,0
2020-10-19,0.24,0
2020-10-20,0.25,0.041666667
2020-10-21,0.24,-0.04
2020-10-22,0.25,0.041666667
2020-10-23,0.26,0.04
2020-10-24,0.25,-0.038461538
2020-10-25,0.26,0.04
2020-10-26,0.25,-0.038461538
2020-10-27,0.25,0
2020-10-28,0.25,0
2020-10-29,0.25,0
2020-10-30,0.24,-0.04
2020-10-31,0.24,0
2020-11-01,0.24,0
2020-11-02,0.24,0
2020-11-03,0.24,0
2020-11-04,0.24,0
2020-11-05,0.24,0
2020-11-06,0.25,0.041666667
2020-11-07,0.26,0.04
2020-11-08,0.25,-0.038461538
2020-11-09,0.25,0
2020-11-10,0.25,0
2020-11-11,0.25,0
2020-11-12,0.26,0.04
2020-11-13,0.25,-0.038461538
2020-11-14,0.26,0.04
2020-11-15,0.27,0.038461538
2020-11-16,0.27,0
2020-11-17,0.29,0.074074074
2020-11-18,0.3,0.034482759
2020-11-19,0.29,-0.033333333
2020-11-20,0.3,0.034482759
2020-11-21,0.33,0.1
2020-11-22,0.46,0.393939394
2020-11-23,0.44,-0.043478261
2020-11-24,0.61,0.386363636
2020-11-25,0.69,0.131147541
2020-11-26,0.63,-0.086956522
2020-11-27,0.53,-0.158730159
2020-11-28,0.56,0.056603774
2020-11-29,0.62,0.107142857
2020-11-30,0.61,-0.016129032
2020-12-01,0.66,0.081967213
2020-12-02,0.61,-0.075757576
2020-12-03,0.63,0.032786885
2020-12-04,0.63,0
2020-12-05,0.56,-0.111111111
2020-12-06,0.58,0.035714286
2020-12-07,0.62,0.068965517
2020-12-08,0.61,-0.016129032
2020-12-09,0.56,-0.081967213
2020-12-10,0.58,0.035714286
2020-12-11,0.57,-0.017241379
2020-12-12,0.55,-0.035087719
2020-12-13,0.51,-0.072727273
2020-12-14,0.51,0
2020-12-15,0.5,-0.019607843
2020-12-16,0.47,-0.06
2020-12-17,0.57,0.212765957
2020-12-18,0.58,0.01754386
2020-12-19,0.58,0
2020-12-20,0.58,0
2020-12-21,0.56,-0.034482759
2020-12-22,0.52,-0.071428571
2020-12-23,0.45,-0.134615385
2020-12-24,0.26,-0.422222222
2020-12-25,0.34,0.307692308
2020-12-26,0.32,-0.058823529
2020-12-27,0.3,-0.0625
2020-12-28,0.28,-0.066666667
2020-12-29,0.25,-0.107142857
2020-12-30,0.22,-0.12
2020-12-31,0.21,-0.045454545
2021-01-01,0.22,0.047619048
2021-01-02,0.24,0.090909091
2021-01-03,0.22,-0.083333333
2021-01-04,0.23,0.045454545
2021-01-05,0.23,0
2021-01-06,0.23,0
2021-01-07,0.25,0.086956522
2021-01-08,0.33,0.32
2021-01-09,0.32,-0.03030303
2021-01-10,0.33,0.03125
2021-01-11,0.32,-0.03030303
2021-01-12,0.29,-0.09375
2021-01-13,0.29,0
2021-01-14,0.31,0.068965517
2021-01-15,0.3,-0.032258065
2021-01-16,0.28,-0.066666667
2021-01-17,0.28,0
2021-01-18,0.28,0
2021-01-19,0.28,0
2021-01-20,0.29,0.035714286
2021-01-21,0.3,0.034482759
2021-01-22,0.27,-0.1
2021-01-23,0.27,0
2021-01-24,0.27,0
2021-01-25,0.27,0
2021-01-26,0.27,0
2021-01-27,0.27,0
2021-01-28,0.25,-0.074074074
2021-01-29,0.26,0.04
2021-01-30,0.28,0.076923077
2021-01-31,0.43,0.535714286
2021-02-01,0.49,0.139534884
2021-02-02,0.37,-0.244897959
2021-02-03,0.37,0
2021-02-04,0.39,0.054054054
2021-02-05,0.45,0.153846154
2021-02-06,0.45,0
2021-02-07,0.44,-0.022222222
2021-02-08,0.42,-0.045454545
2021-02-09,0.45,0.071428571
2021-02-10,0.47,0.044444444
2021-02-11,0.5,0.063829787
2021-02-12,0.53,0.06
2021-02-13,0.61,0.150943396
2021-02-14,0.63,0.032786885
2021-02-15,0.59,-0.063492063
2021-02-16,0.55,-0.06779661
2021-02-17,0.52,-0.054545455
2021-02-18,0.54,0.038461538
2021-02-19,0.53,-0.018518519
2021-02-20,0.57,0.075471698
2021-02-21,0.52,-0.087719298
2021-02-22,0.55,0.057692308
2021-02-23,0.58,0.054545455
2021-02-24,0.47,-0.189655172
2021-02-25,0.47,0
2021-02-26,0.43,-0.085106383
2021-02-27,0.43,0
2021-02-28,0.44,0.023255814
2021-03-01,0.41,-0.068181818
2021-03-02,0.45,0.097560976
2021-03-03,0.44,-0.022222222
2021-03-04,0.45,0.022727273
2021-03-05,0.48,0.066666667
2021-03-06,0.46,-0.041666667
2021-03-07,0.46,0
2021-03-08,0.47,0.02173913
2021-03-09,0.48,0.021276596
2021-03-10,0.49,0.020833333
2021-03-11,0.46,-0.06122449
2021-03-12,0.45,-0.02173913
2021-03-13,0.44,-0.022222222
2021-03-14,0.46,0.045454545
2021-03-15,0.44,-0.043478261
2021-03-16,0.44,0
2021-03-17,0.46,0.045454545
2021-03-18,0.47,0.02173913
2021-03-19,0.47,0
2021-03-20,0.47,0
2021-03-21,0.53,0.127659574
2021-03-22,0.52,-0.018867925
2021-03-23,0.55,0.057692308
2021-03-24,0.55,0
2021-03-25,0.49,-0.109090909
2021-03-26,0.51,0.040816327
2021-03-27,0.57,0.117647059
2021-03-28,0.55,-0.035087719
2021-03-29,0.55,0
2021-03-30,0.57,0.036363636
2021-03-31,0.57,0
2021-04-01,0.57,0
2021-04-02,0.57,0
2021-04-03,0.6,0.052631579
2021-04-04,0.58,-0.033333333
2021-04-05,0.63,0.086206897
2021-04-06,0.91,0.444444444
2021-04-07,1.1,0.208791209
2021-04-08,0.92,-0.163636364
2021-04-09,1.05,0.141304348
2021-04-10,1.02,-0.028571429
2021-04-11,1.37,0.343137255
2021-04-12,1.35,-0.01459854
2021-04-13,1.46,0.081481481
2021-04-14,1.79,0.226027397
2021-04-15,1.84,0.027932961
2021-04-16,1.76,-0.043478261
2021-04-17,1.57,-0.107954545
2021-04-18,1.55,-0.012738854
2021-04-19,1.41,-0.090322581
2021-04-20,1.31,-0.070921986
2021-04-21,1.38,0.053435115
2021-04-22,1.31,-0.050724638
2021-04-23,1.17,-0.106870229
2021-04-24,1.17,0
2021-04-25,1.05,-0.102564103
2021-04-26,1.03,-0.019047619
2021-04-27,1.36,0.32038835
2021-04-28,1.4,0.029411765
2021-04-29,1.36,-0.028571429
2021-04-30,1.4,0.029411765
2021-05-01,1.59,0.135714286
2021-05-02,1.65,0.037735849
2021-05-03,1.56,-0.054545455
2021-05-04,1.56,0
2021-05-05,1.39,-0.108974359
2021-05-06,1.61,0.158273381
2021-05-07,1.6,-0.00621118
2021-05-08,1.58,-0.0125
2021-05-09,1.56,-0.012658228
2021-05-10,1.53,-0.019230769
2021-05-11,1.4,-0.08496732
2021-05-12,1.48,0.057142857
2021-05-13,1.29,-0.128378378
2021-05-14,1.36,0.054263566
2021-05-15,1.41,0.036764706
2021-05-16,1.48,0.04964539
2021-05-17,1.46,-0.013513514
2021-05-18,1.49,0.020547945
2021-05-19,1.6,0.073825503
2021-05-20,1.09,-0.31875
2021-05-21,1.18,0.082568807
2021-05-22,1,-0.152542373
2021-05-23,0.91,-0.09
2021-05-24,0.8,-0.120879121
2021-05-25,0.99,0.2375
2021-05-26,0.97,-0.02020202
2021-05-27,1.03,0.06185567
2021-05-28,0.97,-0.058252427
2021-05-29,0.9,-0.072164948
2021-05-30,0.83,-0.077777778
2021-05-31,0.91,0.096385542
2021-06-01,1.04,0.142857143
2021-06-02,1.01,-0.028846154
2021-06-03,1.03,0.01980198
2021-06-04,1.05,0.019417476
2021-06-05,0.97,-0.076190476
2021-06-06,0.92,-0.051546392
2021-06-07,0.94,0.02173913
2021-06-08,0.85,-0.095744681
2021-06-09,0.88,0.035294118
2021-06-10,0.91,0.034090909
2021-06-11,0.87,-0.043956044
2021-06-12,0.85,-0.022988506
2021-06-13,0.84,-0.011764706
2021-06-14,0.89,0.05952381
2021-06-15,0.89,0
2021-06-16,0.87,-0.02247191
2021-06-17,0.84,-0.034482759
2021-06-18,0.84,0
2021-06-19,0.8,-0.047619048
2021-06-20,0.76,-0.05
2021-06-21,0.78,0.026315789
2021-06-22,0.62,-0.205128205
2021-06-23,0.55,-0.112903226
2021-06-24,0.64,0.163636364
2021-06-25,0.67,0.046875
2021-06-26,0.62,-0.074626866
2021-06-27,0.61,-0.016129032
2021-06-28,0.65,0.06557377
2021-06-29,0.65,0
2021-06-30,0.71,0.092307692
2021-07-01,0.7,-0.014084507
2021-07-02,0.66,-0.057142857
2021-07-03,0.65,-0.015151515
2021-07-04,0.67,0.030769231
2021-07-05,0.7,0.044776119
2021-07-06,0.66,-0.057142857
2021-07-07,0.67,0.015151515
2021-07-08,0.65,-0.029850746
2021-07-09,0.62,-0.046153846
2021-07-10,0.64,0.032258065
2021-07-11,0.63,-0.015625
2021-07-12,0.64,0.015873016
2021-07-13,0.63,-0.015625
2021-07-14,0.62,-0.015873016
2021-07-15,0.62,0
2021-07-16,0.6,-0.032258065
2021-07-17,0.59,-0.016666667
2021-07-18,0.59,0
2021-07-19,0.59,0
2021-07-20,0.56,-0.050847458
2021-07-21,0.53,-0.053571429
2021-07-22,0.57,0.075471698
2021-07-23,0.6,0.052631579
2021-07-24,0.61,0.016666667
2021-07-25,0.61,0
2021-07-26,0.61,0
2021-07-27,0.62,0.016393443
2021-07-28,0.64,0.032258065
2021-07-29,0.72,0.125
2021-07-30,0.75,0.041666667
2021-07-31,0.75,0
2021-08-01,0.75,0
2021-08-02,0.73,-0.026666667
2021-08-03,0.74,0.01369863
2021-08-04,0.72,-0.027027027
2021-08-05,0.73,0.013888889
2021-08-06,0.73,0
2021-08-07,0.75,0.02739726
2021-08-08,0.82,0.093333333
2021-08-09,0.78,-0.048780488
2021-08-10,0.82,0.051282051
2021-08-11,0.85,0.036585366
2021-08-12,1.01,0.188235294
2021-08-13,0.97,-0.03960396
2021-08-14,1.09,0.12371134
2021-08-15,1.28,0.174311927
2021-08-16,1.28,0
2021-08-17,1.19,-0.0703125
2021-08-18,1.09,-0.084033613
2021-08-19,1.16,0.064220183
2021-08-20,1.19,0.025862069
2021-08-21,1.26,0.058823529
2021-08-22,1.22,-0.031746032
2021-08-23,1.22,0
2021-08-24,1.25,0.024590164
2021-08-25,1.15,-0.08
2021-08-26,1.17,0.017391304
2021-08-27,1.1,-0.05982906
2021-08-28,1.18,0.072727273
2021-08-29,1.15,-0.025423729
2021-08-30,1.14,-0.008695652
2021-08-31,1.11,-0.026315789
2021-09-01,1.19,0.072072072
2021-09-02,1.23,0.033613445
2021-09-03,1.26,0.024390244
2021-09-04,1.29,0.023809524
2021-09-05,1.25,-0.031007752
2021-09-06,1.3,0.04
2021-09-07,1.39,0.069230769
2021-09-08,1.13,-0.18705036
2021-09-09,1.11,-0.017699115
2021-09-10,1.09,-0.018018018
2021-09-11,1.05,-0.036697248
2021-09-12,1.08,0.028571429
2021-09-13,1.12,0.037037037
2021-09-14,1.07,-0.044642857
2021-09-15,1.1,0.028037383
2021-09-16,1.12,0.018181818
2021-09-17,1.09,-0.026785714
2021-09-18,1.07,-0.018348624
2021-09-19,1.08,0.009345794
2021-09-20,1.05,-0.027777778
2021-09-21,0.92,-0.123809524
2021-09-22,0.87,-0.054347826
2021-09-23,1,0.149425287
2021-09-24,1,0
2021-09-25,0.94,-0.06
2021-09-26,0.94,0
2021-09-27,0.95,0.010638298
2021-09-28,0.92,-0.031578947
2021-09-29,0.9,-0.02173913
2021-09-30,0.93,0.033333333
2021-10-01,0.95,0.021505376
2021-10-02,1.04,0.094736842
2021-10-03,1.04,0
2021-10-04,1.06,0.019230769
2021-10-05,1.04,-0.018867925
2021-10-06,1.09,0.048076923
2021-10-07,1.08,-0.009174312
2021-10-08,1.07,-0.009259259
2021-10-09,1.06,-0.009345794
2021-10-10,1.16,0.094339623
2021-10-11,1.14,-0.017241379
2021-10-12,1.13,-0.00877193
2021-10-13,1.1,-0.026548673
2021-10-14,1.13,0.027272727
2021-10-15,1.13,0
2021-10-16,1.15,0.017699115
2021-10-17,1.14,-0.008695652
2021-10-18,1.09,-0.043859649
2021-10-19,1.08,-0.009174312
2021-10-20,1.09,0.009259259
2021-10-21,1.14,0.04587156
2021-10-22,1.09,-0.043859649
2021-10-23,1.09,0
2021-10-24,1.1,0.009174312
2021-10-25,1.08,-0.018181818
2021-10-26,1.1,0.018518519
2021-10-27,1.11,0.009090909
2021-10-28,1,-0.099099099
2021-10-29,1.06,0.06
2021-10-30,1.08,0.018867925
2021-10-31,1.08,0
2021-11-01,1.11,0.027777778
2021-11-02,1.09,-0.018018018
2021-11-03,1.14,0.04587156
2021-11-04,1.18,0.035087719
