,,ETH
,close,daily_return
time,,
2015-08-08,1.33,-0.5300353357
2015-08-10,0.69,-0.4812030075
2015-08-11,1.07,0.5507246377
2015-08-12,1.26,0.1775700935
2015-08-13,1.83,0.4523809524
2015-08-14,1.83,0
2015-08-15,1.67,-0.08743169399
2015-08-16,1.48,-0.1137724551
2015-08-17,1.2,-0.1891891892
2015-08-18,1.28,0.06666666667
2015-08-19,1.25,-0.0234375
2015-08-20,1.48,0.184
2015-08-21,1.41,-0.0472972973
2015-08-22,1.38,-0.02127659574
2015-08-23,1.36,-0.01449275362
2015-08-24,1.25,-0.08088235294
2015-08-25,1.16,-0.072
2015-08-26,1.12,-0.03448275862
2015-08-27,1.13,0.008928571429
2015-08-28,1.19,0.05309734513
2015-08-29,1.17,-0.01680672269
2015-08-30,1.32,0.1282051282
2015-08-31,1.35,0.02272727273
2015-09-01,1.35,0
2015-09-02,1.28,-0.05185185185
2015-09-03,1.26,-0.015625
2015-09-04,1.27,0.007936507937
2015-09-05,1.33,0.04724409449
2015-09-06,1.3,-0.02255639098
2015-09-07,1.26,-0.03076923077
2015-09-08,1.24,-0.01587301587
2015-09-09,1.21,-0.02419354839
2015-09-10,1.17,-0.03305785124
2015-09-11,0.98,-0.1623931624
2015-09-12,1.04,0.0612244898
2015-09-13,0.94,-0.09615384615
2015-09-14,0.87,-0.07446808511
2015-09-15,0.94,0.08045977011
2015-09-16,0.9,-0.04255319149
2015-09-17,0.88,-0.02222222222
2015-09-18,0.85,-0.03409090909
2015-09-19,0.88,0.03529411765
2015-09-20,0.94,0.06818181818
2015-09-21,0.9,-0.04255319149
2015-09-22,0.9,0
2015-09-23,0.89,-0.01111111111
2015-09-24,0.82,-0.07865168539
2015-09-25,0.74,-0.09756097561
2015-09-26,0.78,0.05405405405
2015-09-27,0.72,-0.07692307692
2015-09-28,0.58,-0.1944444444
2015-09-29,0.66,0.1379310345
2015-09-30,0.73,0.1060606061
2015-10-01,0.69,-0.05479452055
2015-10-02,0.68,-0.01449275362
2015-10-03,0.69,0.01470588235
2015-10-04,0.67,-0.02898550725
2015-10-05,0.63,-0.05970149254
2015-10-06,0.65,0.03174603175
2015-10-07,0.61,-0.06153846154
2015-10-08,0.62,0.01639344262
2015-10-09,0.65,0.04838709677
2015-10-10,0.63,-0.03076923077
2015-10-11,0.64,0.01587301587
2015-10-12,0.63,-0.015625
2015-10-13,0.6,-0.04761904762
2015-10-14,0.52,-0.1333333333
2015-10-15,0.56,0.07692307692
2015-10-16,0.53,-0.05357142857
2015-10-17,0.55,0.03773584906
2015-10-18,0.52,-0.05454545455
2015-10-19,0.49,-0.05769230769
2015-10-20,0.43,-0.1224489796
2015-10-21,0.44,0.02325581395
2015-10-22,0.57,0.2954545455
2015-10-23,0.54,-0.05263157895
2015-10-24,0.57,0.05555555556
2015-10-25,0.63,0.1052631579
2015-10-26,0.74,0.1746031746
2015-10-27,0.85,0.1486486486
2015-10-28,1.01,0.1882352941
2015-10-29,1.16,0.1485148515
2015-10-30,1.04,-0.1034482759
2015-10-31,0.91,-0.125
2015-11-01,1.06,0.1648351648
2015-11-02,0.96,-0.09433962264
2015-11-03,1,0.04166666667
2015-11-04,0.9,-0.1
2015-11-05,0.91,0.01111111111
2015-11-06,0.91,0
2015-11-07,0.92,0.01098901099
2015-11-08,1.03,0.1195652174
2015-11-09,1,-0.02912621359
2015-11-10,0.93,-0.07
2015-11-11,0.79,-0.1505376344
2015-11-12,0.9,0.1392405063
2015-11-13,0.9,0
2015-11-14,0.88,-0.02222222222
2015-11-15,0.91,0.03409090909
2015-11-16,0.93,0.02197802198
2015-11-17,1,0.0752688172
2015-11-18,0.99,-0.01
2015-11-19,0.95,-0.0404040404
2015-11-20,0.93,-0.02105263158
2015-11-21,0.97,0.04301075269
2015-11-22,0.96,-0.01030927835
2015-11-23,0.95,-0.01041666667
2015-11-24,0.9,-0.05263157895
2015-11-25,0.87,-0.03333333333
2015-11-26,0.89,0.02298850575
2015-11-27,0.87,-0.02247191011
2015-11-28,0.92,0.05747126437
2015-11-29,0.87,-0.05434782609
2015-11-30,0.87,0
2015-12-01,0.88,0.01149425287
2015-12-02,0.82,-0.06818181818
2015-12-03,0.82,0
2015-12-04,0.84,0.0243902439
2015-12-05,0.86,0.02380952381
2015-12-06,0.83,-0.03488372093
2015-12-07,0.8,-0.03614457831
2015-12-08,0.82,0.025
2015-12-09,0.79,-0.03658536585
2015-12-10,0.85,0.07594936709
2015-12-11,0.92,0.08235294118
2015-12-12,0.97,0.05434782609
2015-12-13,0.96,-0.01030927835
2015-12-14,1,0.04166666667
2015-12-15,1.02,0.02
2015-12-16,0.99,-0.02941176471
2015-12-17,0.94,-0.05050505051
2015-12-18,0.92,-0.02127659574
2015-12-19,0.91,-0.01086956522
2015-12-20,0.9,-0.01098901099
2015-12-21,0.9,0
2015-12-22,0.88,-0.02222222222
2015-12-23,0.87,-0.01136363636
2015-12-24,0.86,-0.01149425287
2015-12-25,0.87,0.01162790698
2015-12-26,0.85,-0.02298850575
2015-12-27,0.86,0.01176470588
2015-12-28,0.84,-0.02325581395
2015-12-29,0.87,0.03571428571
2015-12-30,0.9,0.03448275862
2015-12-31,0.94,0.04444444444
2016-01-01,0.95,0.01063829787
2016-01-02,0.94,-0.01052631579
2016-01-03,0.97,0.03191489362
2016-01-04,0.96,-0.01030927835
2016-01-05,0.95,-0.01041666667
2016-01-06,0.97,0.02105263158
2016-01-07,0.96,-0.01030927835
2016-01-08,1,0.04166666667
2016-01-09,1.02,0.02
2016-01-10,1.02,0
2016-01-11,1.07,0.04901960784
2016-01-12,1.17,0.09345794393
2016-01-13,1.13,-0.03418803419
2016-01-14,1.16,0.02654867257
2016-01-15,1.21,0.04310344828
2016-01-16,1.22,0.00826446281
2016-01-17,1.32,0.08196721311
2016-01-18,1.4,0.06060606061
2016-01-19,1.38,-0.01428571429
2016-01-20,1.57,0.1376811594
2016-01-21,1.54,-0.01910828025
2016-01-22,1.47,-0.04545454545
2016-01-23,1.69,0.1496598639
2016-01-24,2.13,0.2603550296
2016-01-25,2.48,0.1643192488
2016-01-26,2.09,-0.1572580645
2016-01-27,2.38,0.1387559809
2016-01-28,2.52,0.05882352941
2016-01-29,2.49,-0.0119047619
2016-01-30,2.44,-0.02008032129
2016-01-31,2.3,-0.05737704918
2016-02-01,2.22,-0.0347826087
2016-02-02,2.4,0.08108108108
2016-02-03,2.52,0.05
2016-02-04,2.56,0.01587301587
2016-02-05,2.53,-0.01171875
2016-02-06,2.52,-0.00395256917
2016-02-07,2.95,0.1706349206
2016-02-08,3.17,0.07457627119
2016-02-09,3.72,0.1735015773
2016-02-10,4.43,0.1908602151
2016-02-11,6.01,0.3566591422
2016-02-12,5.48,-0.08818635607
2016-02-13,5.37,-0.0200729927
2016-02-14,5.17,-0.03724394786
2016-02-15,5.32,0.02901353965
2016-02-16,4.37,-0.1785714286
2016-02-17,3.74,-0.1441647597
2016-02-18,4.4,0.1764705882
2016-02-19,4.49,0.02045454545
2016-02-20,4.3,-0.04231625835
2016-02-21,4.65,0.08139534884
2016-02-22,5.61,0.2064516129
2016-02-23,5.61,0
2016-02-24,6.13,0.0926916221
2016-02-25,5.94,-0.03099510604
2016-02-26,5.9,-0.006734006734
2016-02-27,6.36,0.07796610169
2016-02-28,6.44,0.01257861635
2016-02-29,6.31,-0.0201863354
2016-03-01,7.56,0.1980982567
2016-03-02,8.4,0.1111111111
2016-03-03,9.5,0.130952381
2016-03-04,10.04,0.05684210526
2016-03-05,10.94,0.08964143426
2016-03-06,10.96,0.001828153565
2016-03-07,9.4,-0.1423357664
2016-03-08,9.8,0.04255319149
2016-03-09,11.97,0.2214285714
2016-03-10,11.21,-0.06349206349
2016-03-11,11.21,0
2016-03-12,13.38,0.1935771632
2016-03-13,14.89,0.1128550075
2016-03-14,12.29,-0.1746138348
2016-03-15,12.97,0.05532953621
2016-03-16,12.53,-0.03392444102
2016-03-17,10.96,-0.1252992817
2016-03-18,10.8,-0.01459854015
2016-03-19,10.44,-0.03333333333
2016-03-20,10.22,-0.02107279693
2016-03-21,11.85,0.1594911937
2016-03-22,11.32,-0.0447257384
2016-03-23,12.4,0.09540636042
2016-03-24,11.13,-0.1024193548
2016-03-25,10.64,-0.04402515723
2016-03-26,10.97,0.03101503759
2016-03-27,10.38,-0.05378304467
2016-03-28,11.68,0.1252408478
2016-03-29,11.74,0.005136986301
2016-03-30,11.88,0.01192504259
2016-03-31,11.35,-0.04461279461
2016-04-01,11.64,0.02555066079
2016-04-02,11.56,-0.006872852234
2016-04-03,11.51,-0.004325259516
2016-04-04,11.19,-0.02780191138
2016-04-05,10.42,-0.06881143878
2016-04-06,10.67,0.02399232246
2016-04-07,10.03,-0.05998125586
2016-04-08,9.76,-0.02691924227
2016-04-09,9.9,0.0143442623
2016-04-10,8.81,-0.1101010101
2016-04-11,8.67,-0.01589103292
2016-04-12,7.52,-0.1326412918
2016-04-13,8.02,0.0664893617
2016-04-14,8.43,0.05112219451
2016-04-15,8.21,-0.02609727165
2016-04-16,8.56,0.04263093788
2016-04-17,9.32,0.08878504673
2016-04-18,8.96,-0.03862660944
2016-04-19,8.7,-0.02901785714
2016-04-20,8.48,-0.02528735632
2016-04-21,8.11,-0.04363207547
2016-04-22,7.86,-0.03082614057
2016-04-23,8.38,0.06615776081
2016-04-24,8,-0.04534606205
2016-04-25,7.81,-0.02375
2016-04-26,7.42,-0.04993597951
2016-04-27,7.72,0.04043126685
2016-04-28,7.25,-0.06088082902
2016-04-29,7.48,0.03172413793
2016-04-30,8.89,0.1885026738
2016-05-01,8.83,-0.006749156355
2016-05-02,10.11,0.1449603624
2016-05-03,9.29,-0.08110781405
2016-05-04,9.41,0.01291711518
2016-05-05,9.83,0.04463336876
2016-05-06,9.28,-0.05595116989
2016-05-07,9.38,0.01077586207
2016-05-08,9.53,0.01599147122
2016-05-09,9.35,-0.01888772298
2016-05-10,9.35,0
2016-05-11,9.98,0.06737967914
2016-05-12,10.09,0.01102204409
2016-05-13,10.59,0.04955401388
2016-05-14,10.18,-0.03871576959
2016-05-15,9.96,-0.02161100196
2016-05-16,11.13,0.1174698795
2016-05-17,12.16,0.09254267745
2016-05-18,13.35,0.09786184211
2016-05-19,14.72,0.1026217228
2016-05-20,13.69,-0.06997282609
2016-05-21,14,0.02264426589
2016-05-22,14.25,0.01785714286
2016-05-23,13.24,-0.07087719298
2016-05-24,12.66,-0.04380664653
2016-05-25,12.5,-0.01263823065
2016-05-26,12.5,0
2016-05-27,11.19,-0.1048
2016-05-28,11.76,0.0509383378
2016-05-29,12.39,0.05357142857
2016-05-30,12.68,0.02340597256
2016-05-31,14.01,0.1048895899
2016-06-01,13.86,-0.01070663812
2016-06-02,13.77,-0.006493506494
2016-06-03,13.84,0.005083514887
2016-06-04,13.7,-0.01011560694
2016-06-05,13.97,0.0197080292
2016-06-06,13.94,-0.00214745884
2016-06-07,14.55,0.043758967
2016-06-08,14.43,-0.00824742268
2016-06-09,14.44,0.000693000693
2016-06-10,13.94,-0.03462603878
2016-06-11,13.96,0.00143472023
2016-06-12,15.7,0.1246418338
2016-06-13,17.55,0.1178343949
2016-06-14,18.77,0.06951566952
2016-06-15,18.42,-0.01864677677
2016-06-16,20.51,0.1134636265
2016-06-17,15.4,-0.2491467577
2016-06-18,11.2,-0.2727272727
2016-06-19,12.23,0.09196428571
2016-06-20,11.81,-0.0343417825
2016-06-21,12.98,0.09906858594
2016-06-22,12.74,-0.01848998459
2016-06-23,13.68,0.0737833595
2016-06-24,13.94,0.01900584795
2016-06-25,14.28,0.0243902439
2016-06-26,13.85,-0.03011204482
2016-06-27,13.93,0.005776173285
2016-06-28,12.3,-0.1170136396
2016-06-29,12.8,0.0406504065
2016-06-30,13.34,0.0421875
2016-07-01,12.33,-0.07571214393
2016-07-02,12.02,-0.02514193025
2016-07-03,11.83,-0.01580698835
2016-07-04,11.42,-0.03465765004
2016-07-05,10.54,-0.07705779335
2016-07-06,10.51,-0.00284629981
2016-07-07,10.1,-0.03901046622
2016-07-08,11.4,0.1287128713
2016-07-09,11,-0.0350877193
2016-07-10,10.96,-0.003636363636
2016-07-11,10.52,-0.0401459854
2016-07-12,10.61,0.00855513308
2016-07-13,10.49,-0.01131008483
2016-07-14,11.24,0.07149666349
2016-07-15,11.33,0.008007117438
2016-07-16,11.7,0.03265666372
2016-07-17,11.31,-0.03333333333
2016-07-18,11.02,-0.02564102564
2016-07-19,11.58,0.05081669691
2016-07-20,12.15,0.04922279793
2016-07-21,12.61,0.0378600823
2016-07-22,14.32,0.1356066614
2016-07-23,14.39,0.004888268156
2016-07-24,12.8,-0.1104933982
2016-07-25,13.82,0.0796875
2016-07-26,11.77,-0.1483357453
2016-07-27,12.97,0.1019541206
2016-07-28,12.88,-0.006939090208
2016-07-29,12.84,-0.003105590062
2016-07-30,12.55,-0.02258566978
2016-07-31,11.87,-0.05418326693
2016-08-01,10.97,-0.07582139848
2016-08-02,8.35,-0.2388331814
2016-08-03,10.22,0.2239520958
2016-08-04,11.03,0.07925636008
2016-08-05,10.94,-0.008159564823
2016-08-06,10.9,-0.00365630713
2016-08-07,10.92,0.001834862385
2016-08-08,11.25,0.03021978022
2016-08-09,12.19,0.08355555556
2016-08-10,12.14,-0.004101722724
2016-08-11,11.99,-0.01235584843
2016-08-12,11.97,-0.001668056714
2016-08-13,11.58,-0.03258145363
2016-08-14,11.26,-0.02763385147
2016-08-15,11.23,-0.002664298401
2016-08-16,10.25,-0.08726625111
2016-08-17,10.74,0.04780487805
2016-08-18,10.72,-0.001862197393
2016-08-19,10.72,0
2016-08-20,11.26,0.05037313433
2016-08-21,11.15,-0.009769094139
2016-08-22,11.06,-0.008071748879
2016-08-23,11.01,-0.00452079566
2016-08-24,11.01,0
2016-08-25,11.34,0.02997275204
2016-08-26,11.26,-0.007054673721
2016-08-27,11.15,-0.009769094139
2016-08-28,10.91,-0.02152466368
2016-08-29,10.91,0
2016-08-30,11.21,0.02749770852
2016-08-31,11.5,0.02586975914
2016-09-01,12,0.04347826087
2016-09-02,12.09,0.0075
2016-09-03,11.8,-0.02398676592
2016-09-04,11.66,-0.01186440678
2016-09-05,11.75,0.007718696398
2016-09-06,11.68,-0.005957446809
2016-09-07,11.55,-0.01113013699
2016-09-08,11.34,-0.01818181818
2016-09-09,11.63,0.02557319224
2016-09-10,12.12,0.04213241617
2016-09-11,11.6,-0.04290429043
2016-09-12,11.85,0.02155172414
2016-09-13,11.88,0.00253164557
2016-09-14,11.91,0.002525252525
2016-09-15,11.9,-0.0008396305626
2016-09-16,12.52,0.05210084034
2016-09-17,12.68,0.01277955272
2016-09-18,12.37,-0.02444794953
2016-09-19,13.16,0.06386418755
2016-09-20,14.31,0.08738601824
2016-09-21,13.71,-0.04192872117
2016-09-22,13.23,-0.03501094092
2016-09-23,13.32,0.006802721088
2016-09-24,12.86,-0.03453453453
2016-09-25,13.05,0.01477449456
2016-09-26,12.82,-0.01762452107
2016-09-27,13.07,0.01950078003
2016-09-28,13.31,0.01836266259
2016-09-29,13.1,-0.01577761082
2016-09-30,13.19,0.006870229008
2016-10-01,13.27,0.00606520091
2016-10-02,13.2,-0.005275056518
2016-10-03,13.47,0.02045454545
2016-10-04,13.26,-0.01559020045
2016-10-05,13.06,-0.01508295626
2016-10-06,12.83,-0.01761102603
2016-10-07,12.66,-0.01325019486
2016-10-08,12.18,-0.03791469194
2016-10-09,12.03,-0.01231527094
2016-10-10,11.84,-0.01579384871
2016-10-11,11.75,-0.007601351351
2016-10-12,11.85,0.008510638298
2016-10-13,11.96,0.009282700422
2016-10-14,11.92,-0.003344481605
2016-10-15,11.94,0.001677852349
2016-10-16,11.93,-0.000837520938
2016-10-17,11.97,0.003352891869
2016-10-18,12.51,0.04511278195
2016-10-19,11.97,-0.04316546763
2016-10-20,12.02,0.00417710944
2016-10-21,12.09,0.005823627288
2016-10-22,12.05,-0.003308519438
2016-10-23,11.93,-0.009958506224
2016-10-24,11.89,-0.003352891869
2016-10-25,11.27,-0.05214465938
2016-10-26,11.5,0.02040816327
2016-10-27,11.46,-0.00347826087
2016-10-28,11.52,0.005235602094
2016-10-29,10.34,-0.1024305556
2016-10-30,11.19,0.08220502901
2016-10-31,10.88,-0.02770330652
2016-11-01,10.79,-0.008272058824
2016-11-02,10.78,-0.0009267840593
2016-11-03,10.81,0.002782931354
2016-11-04,11.13,0.02960222017
2016-11-05,11.07,-0.00539083558
2016-11-06,10.92,-0.0135501355
2016-11-07,10.87,-0.004578754579
2016-11-08,10.89,0.001839926403
2016-11-09,10.66,-0.02112029385
2016-11-10,10.52,-0.01313320826
2016-11-11,10.29,-0.02186311787
2016-11-12,9.66,-0.0612244898
2016-11-13,10.11,0.04658385093
2016-11-14,9.99,-0.0118694362
2016-11-15,10.2,0.02102102102
2016-11-16,10.03,-0.01666666667
2016-11-17,9.96,-0.006979062812
2016-11-18,9.45,-0.05120481928
2016-11-19,9.67,0.02328042328
2016-11-20,9.53,-0.01447776629
2016-11-21,9.58,0.005246589717
2016-11-22,9.81,0.02400835073
2016-11-23,9.75,-0.006116207951
2016-11-24,9.18,-0.05846153846
2016-11-25,9.34,0.0174291939
2016-11-26,9.29,-0.005353319058
2016-11-27,8.91,-0.04090419806
2016-11-28,8.71,-0.02244668911
2016-11-29,8.16,-0.06314580941
2016-11-30,8.65,0.06004901961
2016-12-01,8.44,-0.02427745665
2016-12-02,7.64,-0.09478672986
2016-12-03,7.89,0.03272251309
2016-12-04,7.47,-0.05323193916
2016-12-05,6.82,-0.08701472557
2016-12-06,7.63,0.1187683284
2016-12-07,8.14,0.06684141547
2016-12-08,8.3,0.01965601966
2016-12-09,8.5,0.02409638554
2016-12-10,8.1,-0.04705882353
2016-12-11,8.21,0.01358024691
2016-12-12,8.47,0.03166869671
2016-12-13,8.35,-0.01416765053
2016-12-14,8.21,-0.01676646707
2016-12-15,7.77,-0.05359317905
2016-12-16,7.8,0.003861003861
2016-12-17,7.82,0.002564102564
2016-12-18,7.86,0.005115089514
2016-12-19,7.59,-0.03435114504
2016-12-20,7.62,0.00395256917
2016-12-21,7.86,0.03149606299
2016-12-22,7.58,-0.03562340967
2016-12-23,7.2,-0.05013192612
2016-12-24,7.22,0.002777777778
2016-12-25,7.21,-0.001385041551
2016-12-26,7.27,0.008321775312
2016-12-27,7.17,-0.01375515818
2016-12-28,7.61,0.06136680614
2016-12-29,8.17,0.07358738502
2016-12-30,8.15,-0.002447980416
2016-12-31,8.01,-0.01717791411
2017-01-01,8.06,0.006242197253
2017-01-02,8.36,0.03722084367
2017-01-03,9.63,0.1519138756
2017-01-04,10.97,0.1391484943
2017-01-05,10.12,-0.0774840474
2017-01-06,10.15,0.002964426877
2017-01-07,9.82,-0.03251231527
2017-01-08,10.27,0.04582484725
2017-01-09,10.29,0.001947419669
2017-01-10,10.52,0.02235179786
2017-01-11,9.66,-0.08174904943
2017-01-12,9.67,0.001035196687
2017-01-13,9.65,-0.002068252327
2017-01-14,9.7,0.00518134715
2017-01-15,9.79,0.009278350515
2017-01-16,9.52,-0.02757916241
2017-01-17,10.26,0.07773109244
2017-01-18,10.13,-0.0126705653
2017-01-19,10.39,0.02566633761
2017-01-20,10.55,0.01539942252
2017-01-21,10.87,0.03033175355
2017-01-22,10.75,-0.01103955842
2017-01-23,10.75,0
2017-01-24,10.4,-0.03255813953
2017-01-25,10.47,0.006730769231
2017-01-26,10.56,0.008595988539
2017-01-27,10.51,-0.004734848485
2017-01-28,10.55,0.003805899144
2017-01-29,10.43,-0.01137440758
2017-01-30,10.57,0.01342281879
2017-01-31,10.68,0.01040681173
2017-02-01,10.7,0.001872659176
2017-02-02,10.81,0.01028037383
2017-02-03,10.94,0.01202590194
2017-02-04,11.33,0.03564899452
2017-02-05,11.24,-0.007943512798
2017-02-06,11.29,0.004448398577
2017-02-07,11.43,0.0124003543
2017-02-08,11.34,-0.007874015748
2017-02-09,10.91,-0.03791887125
2017-02-10,11.28,0.03391384051
2017-02-11,11.4,0.01063829787
2017-02-12,11.35,-0.004385964912
2017-02-13,11.28,-0.006167400881
2017-02-14,12.97,0.149822695
2017-02-15,12.93,-0.003084040093
2017-02-16,12.84,-0.006960556845
2017-02-17,12.7,-0.01090342679
2017-02-18,12.82,0.009448818898
2017-02-19,12.78,-0.003120124805
2017-02-20,12.75,-0.00234741784
2017-02-21,12.74,-0.0007843137255
2017-02-22,12.6,-0.01098901099
2017-02-23,13.16,0.04444444444
2017-02-24,13.07,-0.006838905775
2017-02-25,13.55,0.03672532517
2017-02-26,14.55,0.07380073801
2017-02-27,15.36,0.05567010309
2017-02-28,15.7,0.02213541667
2017-03-01,17.17,0.09363057325
2017-03-02,18.99,0.1059988352
2017-03-03,19.59,0.03159557662
2017-03-04,18.64,-0.04849412966
2017-03-05,19.25,0.03272532189
2017-03-06,19.67,0.02181818182
2017-03-07,18.83,-0.04270462633
2017-03-08,16.75,-0.1104620287
2017-03-09,17.63,0.05253731343
2017-03-10,19.26,0.09245604084
2017-03-11,21.4,0.1111111111
2017-03-12,23.1,0.07943925234
2017-03-13,28.45,0.2316017316
2017-03-14,28.54,0.00316344464
2017-03-15,34.2,0.19831815
2017-03-16,39.86,0.165497076
2017-03-17,44.07,0.1056196688
2017-03-18,32.27,-0.267755843
2017-03-19,44.09,0.3662844747
2017-03-20,41.86,-0.05057836244
2017-03-21,42.48,0.01481127568
2017-03-22,41.26,-0.02871939736
2017-03-23,43.27,0.04871546292
2017-03-24,50.89,0.1761035359
2017-03-25,50.68,-0.004126547455
2017-03-26,50.05,-0.01243093923
2017-03-27,49.02,-0.02057942058
2017-03-28,50.26,0.02529579763
2017-03-29,52.84,0.05133306805
2017-03-30,52.31,-0.01003028009
2017-03-31,49.96,-0.04492448863
2017-04-01,50.43,0.009407526021
2017-04-02,48.38,-0.0406504065
2017-04-03,43.58,-0.09921455147
2017-04-04,41.8,-0.04084442405
2017-04-05,45.59,0.09066985646
2017-04-06,42.98,-0.0572493968
2017-04-07,42.4,-0.01349464867
2017-04-08,44.5,0.04952830189
2017-04-09,44.19,-0.006966292135
2017-04-10,43.91,-0.006336275175
2017-04-11,43.86,-0.001138692781
2017-04-12,46.2,0.05335157319
2017-04-13,49.75,0.07683982684
2017-04-14,47.56,-0.0440201005
2017-04-15,49.12,0.03280067283
2017-04-16,48.71,-0.008346905537
2017-04-17,48.35,-0.007390679532
2017-04-18,50.76,0.04984488108
2017-04-19,48.16,-0.0512214342
2017-04-20,50.07,0.03965946844
2017-04-21,48.8,-0.02536448971
2017-04-22,49.08,0.005737704918
2017-04-23,50.61,0.03117359413
2017-04-24,51.1,0.009681881051
2017-04-25,50.97,-0.002544031311
2017-04-26,54.88,0.07671179125
2017-04-27,63.96,0.165451895
2017-04-28,73.01,0.1414946842
2017-04-29,70.45,-0.03506368991
2017-04-30,79.8,0.1327182399
2017-05-01,76.85,-0.03696741855
2017-05-02,77.35,0.006506180872
2017-05-03,80.93,0.04628312864
2017-05-04,94.11,0.1628567898
2017-05-05,91.16,-0.03134629689
2017-05-06,96.43,0.05781044318
2017-05-07,89.74,-0.06937674997
2017-05-08,87.95,-0.01994651215
2017-05-09,87.5,-0.005116543491
2017-05-10,88.41,0.0104
2017-05-11,88.46,0.0005655468838
2017-05-12,88.18,-0.00316527244
2017-05-13,89.14,0.01088682241
2017-05-14,90.06,0.01032084362
2017-05-15,90.5,0.004885631801
2017-05-16,87.09,-0.03767955801
2017-05-17,88.21,0.0128602595
2017-05-18,96.63,0.09545403016
2017-05-19,122.16,0.2642036635
2017-05-20,123.03,0.007121807466
2017-05-21,148.66,0.2083231732
2017-05-22,153.99,0.03585362572
2017-05-23,171.08,0.1109812325
2017-05-24,190.43,0.1131049801
2017-05-25,176.82,-0.07146983143
2017-05-26,162.94,-0.07849790748
2017-05-27,159.06,-0.0238124463
2017-05-28,172.34,0.08349050673
2017-05-29,196.08,0.1377509574
2017-05-30,230.8,0.1770705834
2017-05-31,231.37,0.002469670711
2017-06-01,221.83,-0.04123265765
2017-06-02,224.32,0.01122481179
2017-06-03,225.4,0.004814550642
2017-06-04,247.43,0.09773735581
2017-06-05,248.93,0.006062320656
2017-06-06,266.14,0.06913590166
2017-06-07,256.22,-0.03727361539
2017-06-08,260.34,0.01607993131
2017-06-09,280.33,0.07678420527
2017-06-10,337.79,0.2049727107
2017-06-11,341.08,0.009739779153
2017-06-12,398.43,0.1681423713
2017-06-13,389.94,-0.0213086364
2017-06-14,347.78,-0.1081191978
2017-06-15,346.37,-0.004054287193
2017-06-16,358.28,0.03438519502
2017-06-17,372.36,0.03929887239
2017-06-18,359.44,-0.03469760447
2017-06-19,362.04,0.007233474293
2017-06-20,358.05,-0.01102088167
2017-06-21,327.89,-0.08423404552
2017-06-22,326.96,-0.002836317058
2017-06-23,331.91,0.0151394666
2017-06-24,310.05,-0.06586122744
2017-06-25,288.05,-0.07095629737
2017-06-26,258.92,-0.1011282763
2017-06-27,280.81,0.08454348834
2017-06-28,317.29,0.1299099035
2017-06-29,300.18,-0.05392543099
2017-06-30,284.69,-0.05160237191
2017-07-01,262.48,-0.07801468264
2017-07-02,286.13,0.09010210302
2017-07-03,278.6,-0.02631670919
2017-07-04,269.74,-0.03180186648
2017-07-05,265.94,-0.01408763995
2017-07-06,267.47,0.005753177408
2017-07-07,241.48,-0.09716977605
2017-07-08,246.21,0.01958754348
2017-07-09,238.75,-0.03029933796
2017-07-10,210.53,-0.1181989529
2017-07-11,194.33,-0.0769486534
2017-07-12,222.14,0.1431070859
2017-07-13,206.41,-0.07081120014
2017-07-14,197.97,-0.04088949179
2017-07-15,171.78,-0.1322927716
2017-07-16,156.47,-0.0891256258
2017-07-17,188.35,0.2037451269
2017-07-18,228.5,0.2131669764
2017-07-19,199.59,-0.1265207877
2017-07-20,223.46,0.1195951701
2017-07-21,217.09,-0.02850622035
2017-07-22,231.14,0.06471970151
2017-07-23,226.72,-0.01912260967
2017-07-24,224.91,-0.007983415667
2017-07-25,206.81,-0.0804766351
2017-07-26,200.33,-0.03133310768
2017-07-27,203.19,0.01427644387
2017-07-28,192.59,-0.05216792165
2017-07-29,205.51,0.06708551846
2017-07-30,197.2,-0.04043598852
2017-07-31,203.29,0.03088235294
2017-08-01,227.08,0.1170249397
2017-08-02,219.06,-0.03531794962
2017-08-03,224.87,0.02652241395
2017-08-04,221.67,-0.01423044426
2017-08-05,253.16,0.1420580142
2017-08-06,263.22,0.03973771528
2017-08-07,268.5,0.02005926601
2017-08-08,295.15,0.09925512104
2017-08-09,297.07,0.006505166864
2017-08-10,296.78,-0.0009762008954
2017-08-11,306.83,0.03386346789
2017-08-12,308.63,0.0058664407
2017-08-13,297.16,-0.03716424197
2017-08-14,296.4,-0.002557544757
2017-08-15,288.45,-0.02682186235
2017-08-16,300.04,0.04018027388
2017-08-17,300.57,0.001766431143
2017-08-18,296.11,-0.01483847357
2017-08-19,296.62,0.001722332917
2017-08-20,295.17,-0.004888409413
2017-08-21,322.2,0.09157434699
2017-08-22,312.17,-0.03112973309
2017-08-23,316.79,0.01479962841
2017-08-24,321.79,0.01578332649
2017-08-25,329.03,0.02249914541
2017-08-26,329.87,0.002552958697
2017-08-27,343.34,0.04083426804
2017-08-28,344.2,0.002504805732
2017-08-29,366.81,0.06568855317
2017-08-30,378.91,0.03298710504
2017-08-31,382.93,0.01060937954
2017-09-01,386.34,0.008905021806
2017-09-02,346.4,-0.1033804421
2017-09-03,349.93,0.01019053118
2017-09-04,299.72,-0.14348584
2017-09-05,318.97,0.0642266115
2017-09-06,333.21,0.0446436969
2017-09-07,329.42,-0.01137420846
2017-09-08,304.48,-0.07570882157
2017-09-09,299.69,-0.01573173936
2017-09-10,292.78,-0.02305715906
2017-09-11,296.48,0.01263747524
2017-09-12,290.59,-0.01986643281
2017-09-13,277.33,-0.04563130183
2017-09-14,214.31,-0.2272383082
2017-09-15,246.92,0.1521627549
2017-09-16,244.81,-0.008545277823
2017-09-17,249.67,0.01985213022
2017-09-18,287.96,0.1533624384
2017-09-19,280.45,-0.02608001111
2017-09-20,279.42,-0.003672668925
2017-09-21,257.47,-0.07855557941
2017-09-22,263.47,0.02330368587
2017-09-23,283.22,0.07496109614
2017-09-24,280.68,-0.0089682932
2017-09-25,288.09,0.02640017101
2017-09-26,283.93,-0.01443993197
2017-09-27,302.15,0.06417074631
2017-09-28,294.31,-0.02594737713
2017-09-29,288.11,-0.02106622269
2017-09-30,297.27,0.03179341224
2017-10-01,299.67,0.008073468564
2017-10-02,295.84,-0.01278072546
2017-10-03,292.21,-0.01227014602
2017-10-04,293.04,0.002840422983
2017-10-05,293.72,0.002320502321
2017-10-06,307.71,0.0476303963
2017-10-07,309.6,0.006142146827
2017-10-08,307.06,-0.008204134367
2017-10-09,295.9,-0.03634468833
2017-10-10,299.92,0.01358567083
2017-10-11,303.25,0.01110296079
2017-10-12,302.02,-0.004056059357
2017-10-13,337.95,0.1189656314
2017-10-14,335.34,-0.007723035952
2017-10-15,335.39,0.0001491024035
2017-10-16,331.97,-0.01019708399
2017-10-17,317.9,-0.04238334789
2017-10-18,314.46,-0.0108210129
2017-10-19,308.47,-0.01904852763
2017-10-20,302.36,-0.0198074367
2017-10-21,300.69,-0.005523217357
2017-10-22,295.49,-0.01729355815
2017-10-23,289.41,-0.02057599242
2017-10-24,298.76,0.03230710756
2017-10-25,298.48,-0.0009372071228
2017-10-26,295.71,-0.009280353793
2017-10-27,297.93,0.007507355179
2017-10-28,296.46,-0.00493404491
2017-10-29,303.74,0.02455643257
2017-10-30,306.25,0.00826364654
2017-10-31,303.54,-0.008848979592
2017-11-01,292.33,-0.03693088226
2017-11-02,287.07,-0.01799336366
2017-11-03,305.84,0.06538474936
2017-11-04,299.95,-0.01925843578
2017-11-05,297.52,-0.008101350225
2017-11-06,301.37,0.01294030653
2017-11-07,295.24,-0.0203404453
2017-11-08,308.93,0.04636905568
2017-11-09,322.33,0.04337552196
2017-11-10,301.35,-0.06508857382
2017-11-11,316.26,0.04947735192
2017-11-12,314.17,-0.006608486688
2017-11-13,315.34,0.003724098418
2017-11-14,338.94,0.07483985539
2017-11-15,334.29,-0.01371924234
2017-11-16,330.02,-0.01277334051
2017-11-17,333.35,0.01009029756
2017-11-18,348.75,0.04619769012
2017-11-19,353.44,0.01344802867
2017-11-20,365.79,0.03494228158
2017-11-21,361.06,-0.01293091665
2017-11-22,379.41,0.05082257796
2017-11-23,412.56,0.08737249941
2017-11-24,475,0.1513476828
2017-11-25,467.45,-0.01589473684
2017-11-26,469,0.003315862659
2017-11-27,484.36,0.03275053305
2017-11-28,474.18,-0.02101742506
2017-11-29,428.35,-0.09665106078
2017-11-30,454.16,0.06025446481
2017-12-01,469.86,0.03456931478
2017-12-02,469.86,0
2017-12-03,461.88,-0.0169837824
2017-12-04,472.25,0.02245171906
2017-12-05,467.02,-0.01107464267
2017-12-06,448.33,-0.04001969937
2017-12-07,451.83,0.007806749493
2017-12-08,467.88,0.03552220968
2017-12-09,482.04,0.0302641703
2017-12-10,446.69,-0.07333416314
2017-12-11,509,0.1394927131
2017-12-12,661.84,0.3002750491
2017-12-13,709.88,0.07258551916
2017-12-14,704.62,-0.007409703048
2017-12-15,693.1,-0.01634923789
2017-12-16,702.24,0.01318713028
2017-12-17,728.7,0.03767942584
2017-12-18,798.12,0.09526554138
2017-12-19,829.99,0.03993133865
2017-12-20,813.4,-0.01998819263
2017-12-21,812.89,-0.0006269977871
2017-12-22,669.28,-0.1766659696
2017-12-23,715.72,0.06938799904
2017-12-24,686.21,-0.04123120773
2017-12-25,733.9,0.06949767564
2017-12-26,774.11,0.05478948086
2017-12-27,764.97,-0.01180710752
2017-12-28,736.84,-0.0367726839
2017-12-29,755.34,0.02510721459
2017-12-30,736.91,-0.02439960812
2017-12-31,774.7,0.05128170333
2018-01-01,776.08,0.00178133471
2018-01-02,876.89,0.1298964024
2018-01-03,963.06,0.09826774168
2018-01-04,978.42,0.01594916205
2018-01-05,1004.89,0.02705382147
2018-01-06,1052.02,0.04690065579
2018-01-07,1137.65,0.08139579095
2018-01-08,1184.92,0.04155056476
2018-01-09,1361.44,0.1489720825
2018-01-10,1345.59,-0.01164208485
2018-01-11,1181.65,-0.1218350315
2018-01-12,1315.62,0.113375365
2018-01-13,1448.18,0.1007585777
2018-01-14,1410,-0.02636412601
2018-01-15,1329.67,-0.05697163121
2018-01-16,1068.6,-0.1963419495
2018-01-17,1022.37,-0.04326221224
2018-01-18,1036.07,0.0134002367
2018-01-19,1046.9,0.01045296167
2018-01-20,1172.92,0.1203744388
2018-01-21,1053.63,-0.101703441
2018-01-22,1000.39,-0.05053007223
2018-01-23,991.67,-0.008716600526
2018-01-24,1056.88,0.06575776216
2018-01-25,1059.32,0.002308682159
2018-01-26,1048.8,-0.009930899067
2018-01-27,1095.78,0.04479405034
2018-01-28,1237.32,0.1291682637
2018-01-29,1169.63,-0.05470694727
2018-01-30,1161.91,-0.006600377897
2018-01-31,1058.1,-0.08934426935
2018-02-01,1106.14,0.0454021359
2018-02-02,1021.27,-0.07672627335
2018-02-03,914.64,-0.104409216
2018-02-04,941.8,0.02969474329
2018-02-05,834.89,-0.1135166702
2018-02-06,684.31,-0.1803590892
2018-02-07,785.74,0.1482222969
2018-02-08,751.89,-0.04308040828
2018-02-09,807.82,0.07438588091
2018-02-10,871.33,0.07861899928
2018-02-11,854.35,-0.01948745022
2018-02-12,817.29,-0.04337800667
2018-02-13,862.75,0.05562285113
2018-02-14,833.78,-0.03357867285
2018-02-15,915.08,0.09750773585
2018-02-16,928.29,0.01443589632
2018-02-17,934.68,0.006883624729
2018-02-18,964.28,0.03166859246
2018-02-19,915.09,-0.05101215415
2018-02-20,928.29,0.01442481067
2018-02-21,902.97,-0.02727595902
2018-02-22,809.13,-0.1039237184
2018-02-23,812.45,0.004103172543
2018-02-24,864.67,0.0642747246
2018-02-25,828.72,-0.04157655522
2018-02-26,842.63,0.01678492132
2018-02-27,863.65,0.02494570571
2018-02-28,869.26,0.00649568691
2018-03-01,846.37,-0.02633274279
2018-03-02,855.68,0.01099991729
2018-03-03,850.44,-0.006123784592
2018-03-04,844.26,-0.007266826584
2018-03-05,843.76,-0.0005922346197
2018-03-06,840.15,-0.004278467811
2018-03-07,808.45,-0.0377313575
2018-03-08,752.59,-0.06909518214
2018-03-09,699.19,-0.07095496884
2018-03-10,710.89,0.01673364894
2018-03-11,684.93,-0.03651760469
2018-03-12,713.2,0.0412742908
2018-03-13,695.31,-0.02508412787
2018-03-14,684.64,-0.01534567315
2018-03-15,608.39,-0.1113724001
2018-03-16,612.44,0.00665691415
2018-03-17,607.88,-0.007445627327
2018-03-18,560.11,-0.07858458906
2018-03-19,538.69,-0.03824248808
2018-03-20,555.08,0.03042566225
2018-03-21,554.21,-0.001567341644
2018-03-22,561.15,0.01252232908
2018-03-23,537.71,-0.04177136238
2018-03-24,538.11,0.0007438954083
2018-03-25,519.49,-0.03460259055
2018-03-26,519.38,-0.0002117461356
2018-03-27,487.54,-0.0613038623
2018-03-28,449.05,-0.07894736842
2018-03-29,443.95,-0.01135730988
2018-03-30,385.33,-0.1320418966
2018-03-31,395.33,0.02595178159
2018-04-01,395.8,0.001188880176
2018-04-02,379.12,-0.04214249621
2018-04-03,384.83,0.01506119434
2018-04-04,415.72,0.08026920978
2018-04-05,380.28,-0.08524968729
2018-04-06,384.46,0.0109919007
2018-04-07,369.91,-0.0378452895
2018-04-08,383.45,0.03660349815
2018-04-09,396.98,0.03528491329
2018-04-10,398.77,0.004509043277
2018-04-11,412.69,0.03490734007
2018-04-12,427.38,0.03559572561
2018-04-13,488.61,0.1432682858
2018-04-14,488.99,0.0007777163791
2018-04-15,495.11,0.01251559337
2018-04-16,525.53,0.06144089192
2018-04-17,507.11,-0.03505033014
2018-04-18,498.47,-0.01703772357
2018-04-19,517.37,0.03791602303
2018-04-20,566.39,0.09474843922
2018-04-21,590.27,0.04216176133
2018-04-22,600.26,0.0169244583
2018-04-23,617.2,0.02822110419
2018-04-24,636.37,0.03105962411
2018-04-25,705.03,0.1078932068
2018-04-26,613.73,-0.1294980355
2018-04-27,657.06,0.07060107865
2018-04-28,641.99,-0.02293550056
2018-04-29,672.6,0.0476798704
2018-04-30,680.12,0.01118049361
2018-05-01,662.73,-0.02556901723
2018-05-02,665.23,0.003772275286
2018-05-03,676.55,0.01701667093
2018-05-04,781.43,0.1550218018
2018-05-05,777.91,-0.004504562149
2018-05-06,807.07,0.03748505611
2018-05-07,785.89,-0.02624307681
2018-05-08,748.81,-0.04718217562
2018-05-09,744.32,-0.005996180607
2018-05-10,743.64,-0.0009135855546
2018-05-11,717.41,-0.03527244366
2018-05-12,675.29,-0.05871119722
2018-05-13,683.17,0.0116690607
2018-05-14,726.87,0.06396650907
2018-05-15,727.8,0.0012794585
2018-05-16,703.16,-0.0338554548
2018-05-17,702.45,-0.001009727516
2018-05-18,665.63,-0.0524165421
2018-05-19,686.21,0.03091807761
2018-05-20,685.85,-0.0005246207429
2018-05-21,703.81,0.02618648393
2018-05-22,688.91,-0.02117048635
2018-05-23,641.1,-0.06939948614
2018-05-24,581.24,-0.09337076899
2018-05-25,597.85,0.02857683573
2018-05-26,582.28,-0.0260433219
2018-05-27,580.48,-0.003091296284
2018-05-28,565.93,-0.02506546307
2018-05-29,511.62,-0.09596593218
2018-05-30,561.74,0.09796333216
2018-05-31,555.35,-0.01137536939
2018-06-01,571.73,0.02949491312
2018-06-02,573.83,0.00367306246
2018-06-03,583.13,0.01620689054
2018-06-04,609.29,0.04486135167
2018-06-05,586.58,-0.0372728914
2018-06-06,600.68,0.02403764192
2018-06-07,598.22,-0.004095358594
2018-06-08,595.13,-0.005165323794
2018-06-09,590.5,-0.007779812814
2018-06-10,581.12,-0.01588484335
2018-06-11,523,-0.1000137665
2018-06-12,529.13,0.0117208413
2018-06-13,495.08,-0.06435091565
2018-06-14,474.86,-0.04084188414
2018-06-15,516.64,0.08798382681
2018-06-16,485.43,-0.06040956953
2018-06-17,493.07,0.01573862349
2018-06-18,491.4,-0.00338694303
2018-06-19,512.43,0.0427960928
2018-06-20,532,0.03819058213
2018-06-21,529.76,-0.004210526316
2018-06-22,520.67,-0.01715871338
2018-06-23,463.94,-0.1089557685
2018-06-24,472.98,0.01948527827
2018-06-25,455.72,-0.03649202926
2018-06-26,458.93,0.007043798824
2018-06-27,430.6,-0.06173054714
2018-06-28,437.88,0.0169066419
2018-06-29,420.86,-0.03886909656
2018-06-30,432.51,0.02768141425
2018-07-01,449.43,0.03912048276
2018-07-02,447.68,-0.003893821062
2018-07-03,472.31,0.05501697641
2018-07-04,459.7,-0.02669856662
2018-07-05,463.22,0.007657167718
2018-07-06,466.88,0.007901213246
2018-07-07,467.59,0.001520733379
2018-07-08,481.52,0.02979105627
2018-07-09,483.8,0.004735005815
2018-07-10,469.7,-0.02914427449
2018-07-11,431.76,-0.08077496274
2018-07-12,443.03,0.02610246433
2018-07-13,427.79,-0.03439947633
2018-07-14,431.27,0.008134832511
2018-07-15,431.78,0.001182553853
2018-07-16,446.61,0.03434619482
2018-07-17,478.21,0.07075524507
2018-07-18,497.18,0.03966876477
2018-07-19,475.99,-0.04262037894
2018-07-20,464.79,-0.02352990609
2018-07-21,447.2,-0.0378450483
2018-07-22,458.08,0.02432915921
2018-07-23,455.53,-0.005566713238
2018-07-24,447.92,-0.0167058152
2018-07-25,477.21,0.06539114128
2018-07-26,468.74,-0.01774899939
2018-07-27,460.87,-0.01678969151
2018-07-28,467.96,0.01538394775
2018-07-29,465.9,-0.004402085648
2018-07-30,466.42,0.001116119339
2018-07-31,458.08,-0.01788087989
2018-08-01,432.35,-0.05616922808
2018-08-02,417.28,-0.03485601943
2018-08-03,410.93,-0.01521759969
2018-08-04,417.36,0.01564743387
2018-08-05,406.88,-0.0251102166
2018-08-06,409.16,0.005603617774
2018-08-07,404.82,-0.01060709747
2018-08-08,377.75,-0.06686922583
2018-08-09,353.65,-0.06379880874
2018-08-10,363.69,0.02838965078
2018-08-11,332.49,-0.08578734637
2018-08-12,317.31,-0.04565550844
2018-08-13,317.96,0.002048469951
2018-08-14,284.96,-0.1037866398
2018-08-15,277.75,-0.02530179674
2018-08-16,281.14,0.01220522052
2018-08-17,286.32,0.01842498399
2018-08-18,314.79,0.0994341995
2018-08-19,293.18,-0.06864894056
2018-08-20,299.44,0.0213520704
2018-08-21,271.06,-0.09477691691
2018-08-22,280.37,0.03434663912
2018-08-23,269.25,-0.03966187538
2018-08-24,275.81,0.024363974
2018-08-25,281.73,0.02146405134
2018-08-26,277.97,-0.01334611153
2018-08-27,273.5,-0.01608087204
2018-08-28,286.96,0.04921389397
2018-08-29,296.3,0.03254809033
2018-08-30,288.51,-0.02629092136
2018-08-31,285.1,-0.01181934768
2018-09-01,282.22,-0.0101017187
2018-09-02,295.65,0.04758698887
2018-09-03,294.59,-0.00358532048
2018-09-04,288.85,-0.01948470756
2018-09-05,285.49,-0.01163233512
2018-09-06,232.6,-0.1852604294
2018-09-07,229.37,-0.01388650043
2018-09-08,215.43,-0.06077516676
2018-09-09,196.87,-0.08615327485
2018-09-10,195.88,-0.005028699142
2018-09-11,196.36,0.002450479886
2018-09-12,184.08,-0.06253819515
2018-09-13,182.95,-0.006138635376
2018-09-14,211.83,0.1578573381
2018-09-15,211.38,-0.002124344994
2018-09-16,223.05,0.05520862901
2018-09-17,220.14,-0.01304640215
2018-09-18,196.58,-0.1070228037
2018-09-19,210.15,0.06903042019
2018-09-20,209.14,-0.004806090887
2018-09-21,224.38,0.07286984795
2018-09-22,247.41,0.1026383813
2018-09-23,241.84,-0.02251323714
2018-09-24,244.78,0.01215679788
2018-09-25,228.34,-0.06716234987
2018-09-26,219.5,-0.03871419813
2018-09-27,214.98,-0.02059225513
2018-09-28,229.22,0.06623871988
2018-09-29,222.23,-0.03049472123
2018-09-30,231.74,0.04279350223
2018-10-01,232.78,0.004487788038
2018-10-02,231.14,-0.007045278804
2018-10-03,225.79,-0.02314614519
2018-10-04,220.47,-0.02356171664
2018-10-05,222.2,0.00784687259
2018-10-06,228.04,0.02628262826
2018-10-07,225.07,-0.01302403087
2018-10-08,225.66,0.002621406673
2018-10-09,229.52,0.01710537977
2018-10-10,227.97,-0.00675322412
2018-10-11,225.66,-0.01013291223
2018-10-12,192,-0.1491624568
2018-10-13,197.07,0.02640625
2018-10-14,201.05,0.02019586949
2018-10-15,196.32,-0.02352648595
2018-10-16,212.2,0.08088834556
2018-10-17,212.44,0.001131008483
2018-10-18,211.08,-0.006401807569
2018-10-19,204.31,-0.03207314762
2018-10-20,203.98,-0.001615192599
2018-10-21,206.88,0.01421708011
2018-10-22,206.31,-0.002755220418
2018-10-23,205.04,-0.006155784984
2018-10-24,204.08,-0.004682013266
2018-10-25,203.52,-0.002744021952
2018-10-26,202.35,-0.005748820755
2018-10-27,203.38,0.005090190264
2018-10-28,203.19,-0.0009342118202
2018-10-29,204.72,0.007529898125
2018-10-30,195.75,-0.04381594373
2018-10-31,197.45,0.008684546616
2018-11-01,198.64,0.006026842239
2018-11-02,199.12,0.002416431736
2018-11-03,202.28,0.01586982724
2018-11-04,200.14,-0.0105793949
2018-11-05,206.81,0.03332667133
2018-11-06,209.11,0.01112131909
2018-11-07,219.16,0.04806082923
2018-11-08,219.02,-0.0006388027012
2018-11-09,213.41,-0.02561409917
2018-11-10,210.79,-0.01227683801
2018-11-11,212.97,0.01034204659
2018-11-12,212.47,-0.002347748509
2018-11-13,211.66,-0.003812302913
2018-11-14,208.58,-0.01455163942
2018-11-15,184.02,-0.1177485857
2018-11-16,182.45,-0.008531681339
2018-11-17,176.02,-0.0352425322
2018-11-18,175.67,-0.001988410408
2018-11-19,177.73,0.0117265327
2018-11-20,150.39,-0.1538288415
2018-11-21,131.48,-0.1257397433
2018-11-22,137.17,0.04327654396
2018-11-23,126.07,-0.08092148429
2018-11-24,124.15,-0.01522963433
2018-11-25,114.29,-0.07942005638
2018-11-26,117.53,0.02834893691
2018-11-27,109.43,-0.06891857398
2018-11-28,110.43,0.009138261903
2018-11-29,122.45,0.1088472335
2018-11-30,117.71,-0.03870967742
2018-12-01,113.4,-0.03661541076
2018-12-02,118.1,0.04144620811
2018-12-03,115.94,-0.0182895851
2018-12-04,108.68,-0.06261859583
2018-12-05,109.85,0.01076555024
2018-12-06,102.51,-0.06681838871
2018-12-07,91.1,-0.111306214
2018-12-08,92.97,0.02052689352
2018-12-09,90.68,-0.02463160159
2018-12-10,93.53,0.03142920159
2018-12-11,89.85,-0.03934566449
2018-12-12,87.85,-0.02225932109
2018-12-13,89.38,0.01741605009
2018-12-14,85.96,-0.03826359365
2018-12-15,83.79,-0.02524429967
2018-12-16,83.83,0.000477383936
2018-12-17,84.47,0.00763449839
2018-12-18,94.07,0.1136498165
2018-12-19,100.05,0.06356968215
2018-12-20,99.49,-0.005597201399
2018-12-21,114.43,0.1501658458
2018-12-22,107.85,-0.05750240322
2018-12-23,115.05,0.06675938804
2018-12-24,129.21,0.1230769231
2018-12-25,138.96,0.07545855584
2018-12-26,127.64,-0.08146229131
2018-12-27,129.51,0.01465057976
2018-12-28,114.1,-0.1189869508
2018-12-29,134.02,0.1745836985
2018-12-30,138.75,0.03529323981
2018-12-31,137.63,-0.008072072072
2019-01-01,131.46,-0.04483034222
2019-01-02,138.14,0.0508139358
2019-01-03,152.86,0.1065585638
2019-01-04,146.73,-0.04010205417
2019-01-05,153.06,0.04314046207
2019-01-06,153.65,0.003854697504
2019-01-07,154.7,0.006833712984
2019-01-08,149.9,-0.03102779573
2019-01-09,148.15,-0.01167444963
2019-01-10,148.74,0.003982450219
2019-01-11,126.62,-0.1487158801
2019-01-12,124.63,-0.01571631654
2019-01-13,123.76,-0.006980662762
2019-01-14,114.77,-0.0726405947
2019-01-15,127.41,0.1101333101
2019-01-16,119.81,-0.05964994898
2019-01-17,122.25,0.02036557883
2019-01-18,121.93,-0.002617586912
2019-01-19,119.17,-0.02263593865
2019-01-20,122.93,0.03155156499
2019-01-21,117.61,-0.04327666151
2019-01-22,115.83,-0.01513476745
2019-01-23,117.82,0.01718035051
2019-01-24,116.42,-0.01188253268
2019-01-25,116.25,-0.001460230201
2019-01-26,115.15,-0.009462365591
2019-01-27,115.34,0.001650021711
2019-01-28,112.51,-0.02453615398
2019-01-29,105.35,-0.06363878766
2019-01-30,104.6,-0.00711912672
2019-01-31,108.27,0.03508604207
2019-02-01,106.34,-0.01782580586
2019-02-02,107.01,0.00630054542
2019-02-03,108.78,0.01654051023
2019-02-04,107.2,-0.01452472881
2019-02-05,107.62,0.003917910448
2019-02-06,107.32,-0.002787585951
2019-02-07,104.62,-0.02515840477
2019-02-08,104.27,-0.003345440642
2019-02-09,119.33,0.1444327227
2019-02-10,119.49,0.001340819576
2019-02-11,124.89,0.04519206628
2019-02-12,120.97,-0.03138762111
2019-02-13,122.54,0.0129784244
2019-02-14,122.09,-0.003672270279
2019-02-15,120.59,-0.01228601851
2019-02-16,121.57,0.008126710341
2019-02-17,122.94,0.01126922761
2019-02-18,133.88,0.08898649748
2019-02-19,145.33,0.08552435016
2019-02-20,143.66,-0.01149108925
2019-02-21,148.87,0.03626618405
2019-02-22,145.3,-0.02398065426
2019-02-23,148.04,0.01885753613
2019-02-24,157.68,0.0651175358
2019-02-25,134.32,-0.1481481481
2019-02-26,137.82,0.02605717689
2019-02-27,136,-0.01320563053
2019-02-28,134.85,-0.008455882353
2019-03-01,135.49,0.00474601409
2019-03-02,134.95,-0.003985533988
2019-03-03,132.41,-0.01882178585
2019-03-04,130.54,-0.01412280039
2019-03-05,125.62,-0.03768959706
2019-03-06,136.55,0.08700843815
2019-03-07,137.33,0.005712193336
2019-03-08,136.79,-0.003932134275
2019-03-09,133.54,-0.02375904671
2019-03-10,137.2,0.02740751835
2019-03-11,135.62,-0.01151603499
2019-03-12,132.39,-0.02381654623
2019-03-13,133.29,0.006798096533
2019-03-14,131.67,-0.01215395003
2019-03-15,132.15,0.00364547733
2019-03-16,136.45,0.03253878169
2019-03-17,141.09,0.03400513008
2019-03-18,138.55,-0.01800269332
2019-03-19,137.66,-0.006423673764
2019-03-20,138.52,0.006247275897
2019-03-21,139.08,0.004042737511
2019-03-22,135.06,-0.02890422778
2019-03-23,136.1,0.007700281356
2019-03-24,137.2,0.008082292432
2019-03-25,136.06,-0.008309037901
2019-03-26,133.82,-0.016463325
2019-03-27,134.03,0.001569272157
2019-03-28,139.64,0.04185630083
2019-03-29,137.81,-0.01310512747
2019-03-30,143.15,0.03874900225
2019-03-31,142.29,-0.006007684247
2019-04-01,141.59,-0.004919530536
2019-04-02,141.51,-0.0005650116534
2019-04-03,164.05,0.1592820295
2019-04-04,160.43,-0.02206644316
2019-04-05,157.41,-0.0188244094
2019-04-06,165.14,0.04910742647
2019-04-07,165.33,0.001150538937
2019-04-08,174.09,0.05298493921
2019-04-09,180.01,0.03400539951
2019-04-10,175.29,-0.02622076551
2019-04-11,177.33,0.01163785727
2019-04-12,165.04,-0.06930581402
2019-04-13,164.57,-0.002847794474
2019-04-14,163.97,-0.003645864981
2019-04-15,167.62,0.02226016954
2019-04-16,160.53,-0.04229805512
2019-04-17,166.48,0.0370647231
2019-04-18,166.33,-0.0009010091302
2019-04-19,173.41,0.04256598329
2019-04-20,173.23,-0.001038002422
2019-04-21,173.17,-0.0003463603302
2019-04-22,169.99,-0.01836345787
2019-04-23,171.04,0.006176833931
2019-04-24,170.91,-0.0007600561272
2019-04-25,165.67,-0.03065941139
2019-04-26,153.93,-0.07086376532
2019-04-27,157.38,0.02241278503
2019-04-28,158.29,0.005782183251
2019-04-29,156.6,-0.01067660623
2019-04-30,154.08,-0.01609195402
2019-05-01,160.74,0.04322429907
2019-05-02,159.49,-0.007776533532
2019-05-03,160.96,0.009216878801
2019-05-04,166.63,0.03522614314
2019-05-05,162.84,-0.0227450039
2019-05-06,162.37,-0.00288626873
2019-05-07,172.83,0.06442076738
2019-05-08,170.1,-0.01579586877
2019-05-09,170.11,5.88E-05
2019-05-10,170.58,0.002762918112
2019-05-11,172.68,0.01231093915
2019-05-12,196.69,0.1390433171
2019-05-13,187.27,-0.04789262291
2019-05-14,196.08,0.04704437443
2019-05-15,218.28,0.1132190942
2019-05-16,248.75,0.1395913506
2019-05-17,264.9,0.06492462312
2019-05-18,243.57,-0.0805209513
2019-05-19,235.33,-0.03383011044
2019-05-20,260.6,0.1073811244
2019-05-21,251.96,-0.0331542594
2019-05-22,256.08,0.01635180187
2019-05-23,244.55,-0.04502499219
2019-05-24,244.65,0.0004089143324
2019-05-25,248.55,0.0159411404
2019-05-26,250.82,0.009132971233
2019-05-27,266.12,0.06099992026
2019-05-28,273.41,0.027393657
2019-05-29,271.23,-0.007973373322
2019-05-30,268.79,-0.008996055009
2019-05-31,255.38,-0.04989024889
2019-06-01,268.13,0.04992560107
2019-06-02,264.73,-0.01268041622
2019-06-03,269.94,0.01968042912
2019-06-04,251.75,-0.06738534489
2019-06-05,240.24,-0.04571996028
2019-06-06,246.83,0.02743090243
2019-06-07,249.97,0.01272130616
2019-06-08,250.64,0.002680321639
2019-06-09,244.63,-0.02397861475
2019-06-10,232.04,-0.05146547848
2019-06-11,247.25,0.06554904327
2019-06-12,245.09,-0.008736097068
2019-06-13,260.57,0.06316047166
2019-06-14,255.12,-0.02091568484
2019-06-15,263.93,0.03453276889
2019-06-16,268.11,0.01583753268
2019-06-17,269.07,0.003580619895
2019-06-18,273.12,0.01505184524
2019-06-19,264.79,-0.03049941418
2019-06-20,269.15,0.01646587862
2019-06-21,272.33,0.01181497306
2019-06-22,294.48,0.08133514486
2019-06-23,310.65,0.05491035045
2019-06-24,307.95,-0.008691453404
2019-06-25,311.07,0.01013151486
2019-06-26,318.64,0.0243353586
2019-06-27,337.34,0.05868691941
2019-06-28,295.84,-0.1230212842
2019-06-29,309.95,0.04769469984
2019-06-30,321.43,0.03703823197
2019-07-01,292.84,-0.08894627135
2019-07-02,295.26,0.008263898375
2019-07-03,290.96,-0.01456343562
2019-07-04,304.17,0.04540142975
2019-07-05,285.22,-0.06230068712
2019-07-06,287.99,0.009711801416
2019-07-07,289.58,0.005521025036
2019-07-08,305.34,0.05442364804
2019-07-09,312.47,0.02335101854
2019-07-10,307.78,-0.01500944091
2019-07-11,290.01,-0.05773604523
2019-07-12,268.64,-0.07368711424
2019-07-13,275.81,0.02668999404
2019-07-14,270.31,-0.01994126391
2019-07-15,227.12,-0.1597795124
2019-07-16,230.18,0.01347305389
2019-07-17,199.94,-0.1313754453
2019-07-18,210.84,0.05451635491
2019-07-19,226.3,0.07332574464
2019-07-20,221.11,-0.0229341582
2019-07-21,228.96,0.03550269097
2019-07-22,226.15,-0.01227288609
2019-07-23,217.65,-0.03758567323
2019-07-24,213.5,-0.0190673099
2019-07-25,217.2,0.01733021077
2019-07-26,219.49,0.01054327808
2019-07-27,219.58,0.0004100414597
2019-07-28,206.53,-0.05943164223
2019-07-29,211.23,0.02275698446
2019-07-30,210.82,-0.001941012167
2019-07-31,209.65,-0.005549758087
2019-08-01,218.61,0.04273789649
2019-08-02,216.63,-0.009057225196
2019-08-03,217.8,0.005400914001
2019-08-04,221.42,0.01662075298
2019-08-05,221.99,0.002574293198
2019-08-06,232.82,0.04878598135
2019-08-07,227.02,-0.02491194915
2019-08-08,226.4,-0.002731036913
2019-08-09,222,-0.01943462898
2019-08-10,210.15,-0.05337837838
2019-08-11,206.5,-0.01736854628
2019-08-12,216.49,0.04837772397
2019-08-13,211.11,-0.02485103238
2019-08-14,209.27,-0.008715835347
2019-08-15,185.66,-0.1128207579
2019-08-16,188.15,0.01341161263
2019-08-17,185.15,-0.01594472495
2019-08-18,185.76,0.003294625979
2019-08-19,194.36,0.0462962963
2019-08-20,202.96,0.04424778761
2019-08-21,196.27,-0.03296216003
2019-08-22,187.02,-0.04712895501
2019-08-23,191.52,0.02406159769
2019-08-24,194.21,0.01404553049
2019-08-25,190.56,-0.01879408887
2019-08-26,186.32,-0.02225020991
2019-08-27,188.38,0.01105624732
2019-08-28,186.97,-0.007484871005
2019-08-29,173.03,-0.07455741563
2019-08-30,168.8,-0.02444662775
2019-08-31,168.67,-0.0007701421801
2019-09-01,172.07,0.02015770439
2019-09-02,170.73,-0.007787528331
2019-09-03,177.72,0.04094183799
2019-09-04,178.83,0.006245779878
2019-09-05,174.78,-0.02264720684
2019-09-06,174.19,-0.003375672274
2019-09-07,169.42,-0.02738389115
2019-09-08,177.85,0.04975799788
2019-09-09,181.48,0.02041045825
2019-09-10,181.01,-0.00258981706
2019-09-11,180.15,-0.004751118723
2019-09-12,178.08,-0.01149042465
2019-09-13,181.01,0.01645327942
2019-09-14,181.21,0.001104911331
2019-09-15,188.31,0.03918106065
2019-09-16,189.26,0.005044872816
2019-09-17,197.61,0.0441192011
2019-09-18,209.21,0.05870148272
2019-09-19,210.25,0.004971081688
2019-09-20,221.74,0.05464922711
2019-09-21,217.95,-0.01709208983
2019-09-22,215.35,-0.01192934159
2019-09-23,211.62,-0.01732064082
2019-09-24,201,-0.0501842926
2019-09-25,168.67,-0.1608457711
2019-09-26,170.29,0.00960455327
2019-09-27,166.22,-0.02390040519
2019-09-28,173.9,0.04620382625
2019-09-29,174.08,0.001035077631
2019-09-30,169.69,-0.02521829044
2019-10-01,179.76,0.05934350875
2019-10-02,180.63,0.004839786382
2019-10-03,180.58,-0.0002768089465
2019-10-04,176.86,-0.02060028796
2019-10-05,175.86,-0.005654189755
2019-10-06,176.28,0.002388263391
2019-10-07,170.45,-0.03307238484
2019-10-08,180.14,0.05684951599
2019-10-09,180.79,0.003608304652
2019-10-10,193.34,0.06941755628
2019-10-11,191.04,-0.01189614151
2019-10-12,180.55,-0.0549099665
2019-10-13,179.95,-0.003323179175
2019-10-14,181.29,0.00744651292
2019-10-15,186.62,0.02940040819
2019-10-16,180.75,-0.03145429214
2019-10-17,175.05,-0.03153526971
2019-10-18,177.48,0.01388174807
2019-10-19,172.89,-0.02586206897
2019-10-20,171.85,-0.006015385505
2019-10-21,175.21,0.01955193483
2019-10-22,174.35,-0.00490839564
2019-10-23,171.43,-0.01674792085
2019-10-24,161.58,-0.05745785452
2019-10-25,160.68,-0.005569996287
2019-10-26,181.45,0.1292631317
2019-10-27,179.54,-0.01052631579
2019-10-28,183.58,0.02250194943
2019-10-29,181.86,-0.009369212332
2019-10-30,190.51,0.04756406027
2019-10-31,183.13,-0.03873812398
2019-11-01,182.76,-0.002020422651
2019-11-02,183.06,0.001641497045
2019-11-03,183.22,0.0008740303726
2019-11-04,181.82,-0.007641087218
2019-11-05,185.76,0.0216697833
2019-11-06,189.17,0.01835701981
2019-11-07,191.3,0.01125971349
2019-11-08,186.82,-0.02341871406
2019-11-09,183.67,-0.01686114977
2019-11-10,184.96,0.007023465999
2019-11-11,189.04,0.02205882353
2019-11-12,184.84,-0.0222175201
2019-11-13,186.87,0.01098247133
2019-11-14,187.84,0.005190774335
2019-11-15,184.79,-0.01623722317
2019-11-16,180.17,-0.02500135289
2019-11-17,182.63,0.01365377144
2019-11-18,183.99,0.00744675026
2019-11-19,178.39,-0.03043643676
2019-11-20,175.82,-0.01440663714
2019-11-21,174.8,-0.005801387783
2019-11-22,161.15,-0.07808924485
2019-11-23,149.93,-0.06962457338
2019-11-24,151.97,0.01360634963
2019-11-25,140.25,-0.07712048431
2019-11-26,146.35,0.04349376114
2019-11-27,147.58,0.008404509737
2019-11-28,152.62,0.03415096897
2019-11-29,150.91,-0.01120429826
2019-11-30,154.26,0.02219866145
2019-12-01,151.74,-0.01633605601
2019-12-02,151.02,-0.004744958482
2019-12-03,148.87,-0.01423652496
2019-12-04,147.13,-0.01168804998
2019-12-05,145.4,-0.01175830898
2019-12-06,147.8,0.01650618982
2019-12-07,148.61,0.00548037889
2019-12-08,147.15,-0.009824372519
2019-12-09,150.29,0.02133876996
2019-12-10,147.43,-0.01902987557
2019-12-11,145.57,-0.01261615682
2019-12-12,143.12,-0.01683039088
2019-12-13,145.03,0.01334544438
2019-12-14,144.62,-0.00282700131
2019-12-15,141.84,-0.01922279076
2019-12-16,142.21,0.00260857304
2019-12-17,132.72,-0.06673229731
2019-12-18,121.77,-0.0825045208
2019-12-19,132.74,0.09008787058
2019-12-20,128.08,-0.03510622269
2019-12-21,128.27,0.001483447845
2019-12-22,126.93,-0.01044671396
2019-12-23,132.18,0.04136138029
2019-12-24,128.17,-0.03033741867
2019-12-25,127.73,-0.003432940626
2019-12-26,125.02,-0.02121662883
2019-12-27,125.61,0.004719244921
2019-12-28,126.33,0.005732027705
2019-12-29,128.07,0.01377345049
2019-12-30,134.32,0.04880143671
2019-12-31,131.46,-0.02129243597
2020-01-01,129.19,-0.01726760992
2020-01-02,130.48,0.009985292979
2020-01-03,127.05,-0.02628755365
2020-01-04,133.7,0.0523415978
2020-01-05,134.14,0.003290949888
2020-01-06,135.01,0.006485761145
2020-01-07,143.81,0.06518035701
2020-01-08,143.02,-0.005493359294
2020-01-09,140.27,-0.01922807999
2020-01-10,137.86,-0.01718115064
2020-01-11,144.6,0.04889017844
2020-01-12,142.18,-0.01673582296
2020-01-13,145.42,0.02278801519
2020-01-14,143.59,-0.01258423876
2020-01-15,165.99,0.1559997214
2020-01-16,166.25,0.001566359419
2020-01-17,163.81,-0.01467669173
2020-01-18,171.16,0.04486905561
2020-01-19,174.24,0.01799485861
2020-01-20,166.63,-0.04367539027
2020-01-21,166.94,0.00186040929
2020-01-22,169.28,0.0140170121
2020-01-23,167.83,-0.008565689981
2020-01-24,162.52,-0.03163915867
2020-01-25,162.41,-0.0006768397736
2020-01-26,160.67,-0.01071362601
2020-01-27,167.65,0.04344308209
2020-01-28,169.74,0.01246644796
2020-01-29,175.19,0.03210792977
2020-01-30,173.71,-0.008447970775
2020-01-31,184.73,0.06343906511
2020-02-01,179.23,-0.02977318248
2020-02-02,183.34,0.02293142889
2020-02-03,188.55,0.02841714847
2020-02-04,189.86,0.006947759215
2020-02-05,188.84,-0.005372379648
2020-02-06,203.86,0.07953823343
2020-02-07,212.73,0.04351025213
2020-02-08,223.28,0.04959338128
2020-02-09,223.3,8.96E-05
2020-02-10,228.29,0.0223466189
2020-02-11,224.15,-0.01813482851
2020-02-12,236.79,0.05639080973
2020-02-13,264.03,0.1150386418
2020-02-14,267.67,0.01378631216
2020-02-15,284.23,0.06186722457
2020-02-16,263.9,-0.07152658059
2020-02-17,262.16,-0.006593406593
2020-02-18,267.94,0.02204760452
2020-02-19,281.95,0.05228782563
2020-02-20,259.18,-0.08075899982
2020-02-21,257.99,-0.004591403658
2020-02-22,265.16,0.02779177487
2020-02-23,261,-0.01568864082
2020-02-24,274.63,0.05222222222
2020-02-25,265.24,-0.0341914576
2020-02-26,248.32,-0.06379128337
2020-02-27,224.81,-0.09467622423
2020-02-28,225.43,0.002757884436
2020-02-29,227.71,0.01011400435
2020-03-01,218.35,-0.04110491415
2020-03-02,218.94,0.00270208381
2020-03-03,231.68,0.0581894583
2020-03-04,223.96,-0.0333218232
2020-03-05,224.13,0.0007590641186
2020-03-06,228.08,0.01762370053
2020-03-07,244.24,0.07085233251
2020-03-08,237.38,-0.02808712742
2020-03-09,198.82,-0.1624399697
2020-03-10,200.85,0.01021024042
2020-03-11,200.75,-0.000497883993
2020-03-12,194.22,-0.03252801993
2020-03-13,110.6,-0.4305426836
2020-03-14,132.57,0.1986437613
2020-03-15,123.03,-0.07196198235
2020-03-16,124.6,0.01276111518
2020-03-17,110.99,-0.1092295345
2020-03-18,117.22,0.05613118299
2020-03-19,117.7,0.004094864358
2020-03-20,136.81,0.1623619371
2020-03-21,131.96,-0.03545062495
2020-03-22,131.94,-0.0001515610791
2020-03-23,122.52,-0.07139608913
2020-03-24,135.59,0.106676461
2020-03-25,138.78,0.02352680876
2020-03-26,136.23,-0.01837440553
2020-03-27,138.77,0.01864493871
2020-03-28,130.29,-0.06110830871
2020-03-29,131.42,0.008672960319
2020-03-30,125.32,-0.04641607061
2020-03-31,132.36,0.05617618896
2020-04-01,133.24,0.0066485343
2020-04-02,136.22,0.02236565596
2020-04-03,141.45,0.03839377478
2020-04-04,141.26,-0.001343230824
2020-04-05,144.2,0.02081268583
2020-04-06,142.85,-0.009361997226
2020-04-07,169.86,0.189079454
2020-04-08,164.52,-0.03143765454
2020-04-09,172.8,0.05032822757
2020-04-10,170.1,-0.015625
2020-04-11,157.74,-0.07266313933
2020-04-12,158.33,0.003740332192
2020-04-13,158.86,0.003347438893
2020-04-14,156.7,-0.01359687775
2020-04-15,158.27,0.01001914486
2020-04-16,153.22,-0.03190749984
2020-04-17,171.78,0.1211330114
2020-04-18,170.45,-0.007742461288
2020-04-19,187.14,0.09791727779
2020-04-20,180.06,-0.03783263867
2020-04-21,170.7,-0.05198267244
2020-04-22,170.45,-0.001464557704
2020-04-23,182.28,0.06940451745
2020-04-24,184.59,0.01267281106
2020-04-25,187.34,0.01489788179
2020-04-26,194.11,0.036137504
2020-04-27,197.23,0.01607336047
2020-04-28,196.46,-0.003904071389
2020-04-29,197.15,0.003512165326
2020-04-30,215.55,0.09332995181
2020-05-01,205.56,-0.04634655532
2020-05-02,211.97,0.03118310955
2020-05-03,213.94,0.009293767986
2020-05-04,210.02,-0.01832289427
2020-05-05,206.83,-0.01518902962
2020-05-06,205.23,-0.007735821689
2020-05-07,200.25,-0.02426545827
2020-05-08,212.29,0.06012484395
2020-05-09,211.69,-0.002826322483
2020-05-10,210.43,-0.005952099769
2020-05-11,188.14,-0.1059259611
2020-05-12,185.67,-0.01312852131
2020-05-13,189.31,0.01960467496
2020-05-14,199.37,0.0531403518
2020-05-15,203.21,0.01926067111
2020-05-16,194.27,-0.04399389794
2020-05-17,200.58,0.03248056828
2020-05-18,206.77,0.03086050454
2020-05-19,214.36,0.03670745273
2020-05-20,213.69,-0.003125583131
2020-05-21,209.92,-0.01764237915
2020-05-22,198.92,-0.05240091463
2020-05-23,206.23,0.03674844158
2020-05-24,206.41,0.000872811909
2020-05-25,200.69,-0.02771183567
2020-05-26,203.81,0.01554636504
2020-05-27,200.96,-0.01398361219
2020-05-28,207.85,0.03428542994
2020-05-29,219.59,0.05648304065
2020-05-30,220.49,0.004098547293
2020-05-31,242.71,0.1007755454
2020-06-01,232.33,-0.04276708829
2020-06-02,248.04,0.06761933457
2020-06-03,237.27,-0.04342041606
2020-06-04,244.13,0.02891220972
2020-06-05,243.71,-0.001720394872
2020-06-06,240.25,-0.01419720159
2020-06-07,242.02,0.007367325702
2020-06-08,244.23,0.009131476737
2020-06-09,246.21,0.008107112148
2020-06-10,243.85,-0.00958531335
2020-06-11,247.54,0.01513225343
2020-06-12,232,-0.06277773289
2020-06-13,237.59,0.02409482759
2020-06-14,238.29,0.002946251947
2020-06-15,232.11,-0.02593478535
2020-06-16,231.02,-0.004696049287
2020-06-17,235.29,0.0184832482
2020-06-18,233.86,-0.006077606358
2020-06-19,231.68,-0.009321816471
2020-06-20,228.96,-0.01174033149
2020-06-21,228.87,-0.000393081761
2020-06-22,227.79,-0.00471883602
2020-06-23,243.36,0.06835242987
2020-06-24,243.08,-0.001150558843
2020-06-25,234.56,-0.03505018924
2020-06-26,232.65,-0.008142905866
2020-06-27,229.64,-0.01293788953
2020-06-28,221.03,-0.03749346804
2020-06-29,225.12,0.01850427544
2020-06-30,228.21,0.01372601279
2020-07-01,225.59,-0.01148065378
2020-07-02,230.66,0.02247440046
2020-07-03,226.57,-0.01773172635
2020-07-04,225.18,-0.006134969325
2020-07-05,229.09,0.01736388667
2020-07-06,227.9,-0.005194465057
2020-07-07,241.53,0.05980693287
2020-07-08,238.96,-0.01064050014
2020-07-09,246.86,0.03305992635
2020-07-10,241.98,-0.01976828972
2020-07-11,240.95,-0.004256550128
2020-07-12,239.1,-0.007677941482
2020-07-13,241.77,0.01116687578
2020-07-14,239.64,-0.008810026058
2020-07-15,240.25,0.002545484894
2020-07-16,238.66,-0.006618106139
2020-07-17,233.84,-0.02019609486
2020-07-18,232.78,-0.004533014027
2020-07-19,235.68,0.01245811496
2020-07-20,238.9,0.01366259335
2020-07-21,236.06,-0.01188781917
2020-07-22,245.23,0.03884605609
2020-07-23,263.76,0.07556171757
2020-07-24,274.72,0.0415529269
2020-07-25,279.43,0.01714472918
2020-07-26,305.04,0.09165086068
2020-07-27,310.52,0.01796485707
2020-07-28,320.48,0.03207522865
2020-07-29,316.41,-0.01269970045
2020-07-30,317.54,0.003571315698
2020-07-31,334.74,0.05416640423
2020-08-01,346,0.03363804744
2020-08-02,387.94,0.1212138728
2020-08-03,370.73,-0.04436253029
2020-08-04,386.25,0.04186335069
2020-08-05,389.38,0.008103559871
2020-08-06,400.18,0.02773640146
2020-08-07,394.54,-0.01409365785
2020-08-08,379.14,-0.03903279769
2020-08-09,391.48,0.03254734399
2020-08-10,389.62,-0.004751200572
2020-08-11,395.21,0.01434731277
2020-08-12,379.17,-0.04058601756
2020-08-13,387.5,0.02196903763
2020-08-14,427.49,0.1032
2020-08-15,438.76,0.02636318978
2020-08-16,432.65,-0.01392560853
2020-08-17,433.43,0.001802842945
2020-08-18,430.03,-0.007844403941
2020-08-19,422.11,-0.01841731972
2020-08-20,406.57,-0.03681504821
2020-08-21,416.47,0.02435005042
2020-08-22,386.82,-0.07119360338
2020-08-23,395.89,0.02344759837
2020-08-24,390.79,-0.01288236631
2020-08-25,408.27,0.04472990609
2020-08-26,383.66,-0.06027873711
2020-08-27,385.75,0.005447531669
2020-08-28,381.84,-0.01013609851
2020-08-29,395.14,0.03483134297
2020-08-30,399.37,0.01070506656
2020-08-31,428.3,0.07243909157
2020-09-01,435.69,0.01725426103
2020-09-02,475.68,0.09178544378
2020-09-03,439.35,-0.07637487386
2020-09-04,383.69,-0.1266871515
2020-09-05,387.9,0.01097239959
2020-09-06,334.47,-0.137741686
2020-09-07,352.99,0.05537118426
2020-09-08,351.88,-0.003144565002
2020-09-09,337.85,-0.03987154712
2020-09-10,351.23,0.03960337428
2020-09-11,367.64,0.04672152151
2020-09-12,373.91,0.01705472745
2020-09-13,387.72,0.03693402156
2020-09-14,365.7,-0.05679356236
2020-09-15,376.39,0.02923161061
2020-09-16,364.69,-0.03108477909
2020-09-17,365.13,0.001206504154
2020-09-18,388.8,0.06482622628
2020-09-19,383.17,-0.01448045267
2020-09-20,385.47,0.006002557612
2020-09-21,370.97,-0.03761641632
2020-09-22,341.28,-0.08003342588
2020-09-23,343.92,0.007735583685
2020-09-24,321.08,-0.06641079321
2020-09-25,348.82,0.08639591379
2020-09-26,351.33,0.007195688321
2020-09-27,354.26,0.008339737569
2020-09-28,357.07,0.007932027325
2020-09-29,354.43,-0.007393508276
2020-09-30,359.43,0.01410715797
2020-10-01,359.6,0.0004729710931
2020-10-02,353.2,-0.01779755284
2020-10-03,345.91,-0.0206398641
2020-10-04,345.99,0.0002312740308
2020-10-05,352.46,0.01869996243
2020-10-06,353.6,0.003234409578
2020-10-07,340.62,-0.0367081448
2020-10-08,341.44,0.002407374787
2020-10-09,350.06,0.02524601687
2020-10-10,365.34,0.04364966006
2020-10-11,370.47,0.01404171457
2020-10-12,374.5,0.0108780738
2020-10-13,387.26,0.03407209613
2020-10-14,381.17,-0.01572586893
2020-10-15,379.21,-0.005142062597
2020-10-16,377.16,-0.005405975581
2020-10-17,365.99,-0.02961607806
2020-10-18,368.65,0.007267958141
2020-10-19,378.05,0.02549844025
2020-10-20,379.64,0.004205792885
2020-10-21,368.23,-0.03005478875
2020-10-22,391.17,0.06229802026
2020-10-23,413.2,0.05631822481
2020-10-24,408.89,-0.01043078412
2020-10-25,411.96,0.007508131771
2020-10-26,406.16,-0.0140790368
2020-10-27,393.38,-0.03146543234
2020-10-28,403.53,0.02580202349
2020-10-29,388.88,-0.0363046118
2020-10-30,386.45,-0.006248714256
2020-10-31,382.9,-0.009186181912
2020-11-01,385.84,0.007678244973
2020-11-02,394.94,0.02358490566
2020-11-03,383.85,-0.02808021472
2020-11-04,387.62,0.009821544874
2020-11-05,401.73,0.03640163046
2020-11-06,415.93,0.03534712369
2020-11-07,454.65,0.0930925877
2020-11-08,435.42,-0.04229627186
2020-11-09,455.36,0.04579486473
2020-11-10,445.05,-0.02264142656
2020-11-11,449.82,0.01071789687
2020-11-12,463.18,0.0297007692
2020-11-13,462.21,-0.00209421823
2020-11-14,475.97,0.02977001796
2020-11-15,462.72,-0.02783788894
2020-11-16,449.21,-0.02919692254
2020-11-17,461.37,0.02706974466
2020-11-18,482.2,0.04514814574
2020-11-19,479.44,-0.005723766072
2020-11-20,471.32,-0.01693642583
2020-11-21,508.79,0.0795001273
2020-11-22,548.84,0.07871616974
2020-11-23,560.51,0.02126302748
2020-11-24,608.27,0.08520811404
2020-11-25,602.67,-0.009206437931
2020-11-26,568.28,-0.05706273748
2020-11-27,518.47,-0.087650454
2020-11-28,517.55,-0.001774451752
2020-11-29,537.39,0.03833446044
2020-11-30,574.75,0.06952120434
2020-12-01,612.26,0.06526315789
2020-12-02,589.58,-0.03704308627
2020-12-03,598.76,0.01557040605
2020-12-04,616.51,0.02964459884
2020-12-05,571.19,-0.07351056755
2020-12-06,595.92,0.0432955759
2020-12-07,601.97,0.01015236945
2020-12-08,592.39,-0.01591441434
2020-12-09,554.33,-0.06424821486
2020-12-10,573.9,0.03530388036
2020-12-11,560.45,-0.0234361387
2020-12-12,545.98,-0.02581853867
2020-12-13,568.36,0.04099051247
2020-12-14,590.32,0.03863748329
2020-12-15,585.54,-0.008097303158
2020-12-16,589.07,0.006028623151
2020-12-17,635.96,0.07960004753
2020-12-18,644.07,0.01275237436
2020-12-19,654.42,0.01606968187
2020-12-20,659.32,0.007487546224
2020-12-21,639.52,-0.03003094097
2020-12-22,610.43,-0.04548724043
2020-12-23,634.98,0.04021755156
2020-12-24,587.96,-0.07404957636
2020-12-25,612.88,0.04238383564
2020-12-26,626.46,0.02215768176
2020-12-27,636.74,0.01640966702
2020-12-28,689.66,0.08311084587
2020-12-29,732.96,0.06278456051
2020-12-30,735.59,0.003588190351
2020-12-31,752.86,0.02347775255
2021-01-01,738.62,-0.01891453922
2021-01-02,730.15,-0.01146733097
2021-01-03,777.7,0.06512360474
2021-01-04,967,0.2434100553
2021-01-05,1025.65,0.06065149948
2021-01-06,1103.36,0.07576658704
2021-01-07,1208.58,0.09536325406
2021-01-08,1229.47,0.01728474739
2021-01-09,1223.73,-0.004668678374
2021-01-10,1282.98,0.04841754309
2021-01-11,1267.73,-0.0118863895
2021-01-12,1092.91,-0.137900026
2021-01-13,1045.41,-0.04346195021
2021-01-14,1132.02,0.08284787787
2021-01-15,1216.91,0.07498984117
2021-01-16,1171.86,-0.03701999326
2021-01-17,1234.63,0.05356441896
2021-01-18,1229.38,-0.00425228611
2021-01-19,1255.98,0.02163692268
2021-01-20,1383.48,0.1015143553
2021-01-21,1385.85,0.001713071385
2021-01-22,1122.91,-0.1897319335
2021-01-23,1236.68,0.1013171136
2021-01-24,1231.18,-0.004447391403
2021-01-25,1392.54,0.1310612583
2021-01-26,1323.43,-0.04962873598
2021-01-27,1355.23,0.02402847147
2021-01-28,1253.14,-0.07533038672
2021-01-29,1328.77,0.06035239478
2021-01-30,1380.28,0.03876517381
2021-01-31,1372.43,-0.005687251862
2021-02-01,1317.05,-0.04035178479
2021-02-02,1368.66,0.03918605975
2021-02-03,1514.23,0.1063595049
2021-02-04,1661,0.09692715109
2021-02-05,1587.8,-0.04406983745
2021-02-06,1724.86,0.0863206953
2021-02-07,1683.94,-0.02372366453
2021-02-08,1608.64,-0.0447165576
2021-02-09,1751,0.08849711558
2021-02-10,1769.05,0.0103083952
2021-02-11,1739.16,-0.01689607416
2021-02-12,1782.51,0.02492582626
2021-02-13,1841.2,0.03292548148
2021-02-14,1810.84,-0.01648924614
2021-02-15,1804.98,-0.00323606724
2021-02-16,1775.76,-0.01618854503
2021-02-17,1782.58,0.003840609091
2021-02-18,1845.57,0.03533642249
2021-02-19,1938.57,0.05039093613
2021-02-20,1969.98,0.01620266485
2021-02-21,1929.37,-0.02061442248
2021-02-22,1941.43,0.006250745062
2021-02-23,1788.62,-0.07871002302
2021-02-24,1563.92,-0.1256275788
2021-02-25,1628.39,0.04122333623
2021-02-26,1468.86,-0.09796793152
2021-02-27,1450.99,-0.01216589736
2021-02-28,1480.13,0.02008283999
2021-03-01,1416.66,-0.04288136853
2021-03-02,1570.4,0.1085228636
2021-03-03,1497.09,-0.04668237392
2021-03-04,1579.43,0.0550000334
2021-03-05,1546.5,-0.02084929373
2021-03-06,1539.05,-0.004817329454
2021-03-07,1661.93,0.07984146064
2021-03-08,1727.46,0.03943006023
2021-03-09,1837.53,0.06371782849
2021-03-10,1869.33,0.0173058399
2021-03-11,1802.31,-0.03585241771
2021-03-12,1826.06,0.01317753328
2021-03-13,1770.94,-0.0301852075
2021-03-14,1927.72,0.08852925565
2021-03-15,1866.07,-0.03198078559
2021-03-16,1791.05,-0.04020213604
2021-03-17,1808.55,0.009770804835
2021-03-18,1828.75,0.01116916867
2021-03-19,1780.16,-0.02657006152
2021-03-20,1817.13,0.02076779615
2021-03-21,1817.86,0.0004017324022
2021-03-22,1790.38,-0.01511667565
2021-03-23,1686.89,-0.05780337135
2021-03-24,1673.86,-0.007724273663
2021-03-25,1581.63,-0.05510018759
2021-03-26,1587.3,0.003584909239
2021-03-27,1700.37,0.07123417123
2021-03-28,1713.84,0.007921805254
2021-03-29,1689.04,-0.01447042898
2021-03-30,1817.63,0.07613200398
2021-03-31,1840.29,0.01246678367
2021-04-01,1915.83,0.04104787832
2021-04-02,1970.47,0.02852027581
2021-04-03,2134.1,0.08304110187
2021-04-04,2016.67,-0.0550255377
2021-04-05,2077.76,0.03029251191
2021-04-06,2097.8,0.00964500231
2021-04-07,2115.06,0.00822766708
2021-04-08,1989.15,-0.05953022609
2021-04-09,2081.35,0.04635145665
2021-04-10,2069.67,-0.005611742379
2021-04-11,2142.8,0.03533413539
2021-04-12,2150.27,0.003486092962
2021-04-13,2142.48,-0.003622800858
2021-04-14,2304.34,0.07554796311
2021-04-15,2429.66,0.05438433564
2021-04-16,2514.17,0.03478264449
2021-04-17,2424.55,-0.03564595871
2021-04-18,2345.27,-0.03269885133
2021-04-19,2245.76,-0.04243008268
2021-04-20,2168.03,-0.03461189085
2021-04-21,2324.28,0.07207003593
2021-04-22,2373.5,0.02117645034
2021-04-23,2426.07,0.02214872551
2021-04-24,2364.23,-0.02548978389
2021-04-25,2212.84,-0.06403353312
2021-04-26,2307.36,0.04271433994
2021-04-27,2532.39,0.09752704389
2021-04-28,2647.16,0.04532082341
2021-04-29,2748.78,0.03838831049
2021-04-30,2757.5,0.003172316446
2021-05-01,2776.7,0.006962828649
2021-05-02,2944.92,0.06058270609
2021-05-03,2953.3,0.002845578148
2021-05-04,3439.86,0.1647512952
2021-05-05,3245.66,-0.05645578599
2021-05-06,3524.56,0.08593013439
2021-05-07,3495.08,-0.008364164605
2021-05-08,3493.53,-0.0004434805498
2021-05-09,3912.74,0.1199961071
2021-05-10,3932.75,0.005114063291
2021-05-11,3979.61,0.01191532643
2021-05-12,4182.79,0.05105525416
2021-05-13,3906.11,-0.06614723665
2021-05-14,3750.34,-0.03987854925
2021-05-15,4088.73,0.09022915256
2021-05-16,3659.92,-0.1048760862
2021-05-17,3602,-0.01582548252
2021-05-18,3288.23,-0.08710993892
2021-05-19,3399.05,0.03370202206
2021-05-20,2505.01,-0.2630264339
2021-05-21,2778.28,0.1090893849
2021-05-22,2419.1,-0.1292814259
2021-05-23,2306.37,-0.0465999752
2021-05-24,2120.04,-0.08078929226
2021-05-25,2640.16,0.2453349937
2021-05-26,2695.48,0.02095327556
2021-05-27,2882.48,0.06937539882
2021-05-28,2742.99,-0.04839235658
2021-05-29,2433.33,-0.1128914068
2021-05-30,2294.63,-0.05700007808
2021-05-31,2395.85,0.04411168685
2021-06-01,2708.43,0.1304672663
2021-06-02,2632.66,-0.02797561687
2021-06-03,2717.15,0.03209301619
2021-06-04,2858.28,0.05194045231
2021-06-05,2694.5,-0.05730019452
2021-06-06,2624.77,-0.02587864168
2021-06-07,2711.55,0.03306194448
2021-06-08,2580.54,-0.04831553908
2021-06-09,2528.02,-0.02035232936
2021-06-10,2620.63,0.03663341271
2021-06-11,2486.6,-0.05114419052
2021-06-12,2356.63,-0.05226815732
2021-06-13,2379.99,0.009912459741
2021-06-14,2517.77,0.05789099954
2021-06-15,2587.38,0.0276474817
2021-06-16,2561.19,-0.01012220857
2021-06-17,2365.87,-0.07626142535
2021-06-18,2380.74,0.006285214319
2021-06-19,2231.55,-0.06266538975
2021-06-20,2176.31,-0.02475409469
2021-06-21,2251.56,0.03457687554
2021-06-22,1900.12,-0.156087335
2021-06-23,1875.36,-0.01303075595
2021-06-24,1971.11,0.05105686375
2021-06-25,1990.08,0.009624018954
2021-06-26,1833.46,-0.07870035375
2021-06-27,1817.05,-0.008950290707
2021-06-28,1973.93,0.08633774525
2021-06-29,2087.52,0.05754510038
2021-06-30,2169.4,0.0392235763
2021-07-01,2279.35,0.05068221628
2021-07-02,2121.66,-0.06918200364
2021-07-03,2157.88,0.01707153832
2021-07-04,2228.53,0.0327404675
2021-07-05,2329,0.0450835304
2021-07-06,2217.3,-0.04796049807
2021-07-07,2320.65,0.0466107428
2021-07-08,2317.24,-0.001469415896
2021-07-09,2126.44,-0.08233933473
2021-07-10,2156.58,0.01417392449
2021-07-11,2123.06,-0.01554312847
2021-07-12,2144.01,0.00986783228
2021-07-13,2042.5,-0.04734586126
2021-07-14,1944.4,-0.04802937576
2021-07-15,1997.66,0.02739148323
2021-07-16,1910.73,-0.04351591362
2021-07-17,1874.2,-0.01911834744
2021-07-18,1899.84,0.01368050368
2021-07-19,1905.72,0.003094997473
2021-07-20,1824.93,-0.04239342611
2021-07-21,1794.97,-0.01641706805
2021-07-22,2003.72,0.1162972083
2021-07-23,2027.53,0.01188289781
2021-07-24,2117.15,0.04420156545
2021-07-25,2183.63,0.03140070378
2021-07-26,2209.5,0.01184724518
2021-07-27,2230.21,0.009373161349
2021-07-28,2292.58,0.0279659763
2021-07-29,2299.69,0.003101309442
2021-07-30,2383.44,0.03641795198
2021-07-31,2462.4,0.03312858725
2021-08-01,2541.67,0.03219217024
2021-08-02,2555.41,0.00540589455
2021-08-03,2611.67,0.02201603657
2021-08-04,2521.27,-0.03461386776
2021-08-05,2724.53,0.0806181012
2021-08-06,2821.65,0.03564651518
2021-08-07,2888.73,0.02377332412
2021-08-08,3151.22,0.09086692076
2021-08-09,3012.31,-0.04408133993
2021-08-10,3163.06,0.05004465012
2021-08-11,3147.84,-0.004811796172
2021-08-12,3166.65,0.005975526075
2021-08-13,3048.41,-0.03733914389
2021-08-14,3323.2,0.09014207406
2021-08-15,3268.55,-0.01644499278
2021-08-16,3309.75,0.01260497774
2021-08-17,3153.58,-0.04718483269
2021-08-18,3007.14,-0.04643611388
2021-08-19,3037.23,0.01000618528
2021-08-20,3144.82,0.03542372491
2021-08-21,3276.97,0.04202148295
2021-08-22,3224,-0.01616432253
2021-08-23,3243.49,0.00604528536
2021-08-24,3320.41,0.02371519567
2021-08-25,3177.66,-0.04299167874
2021-08-26,3231.44,0.01692440349
2021-08-27,3122.97,-0.03356707845
2021-08-28,3267.54,0.04629247159
2021-08-29,3245.43,-0.006766558328
2021-08-30,3233.38,-0.003712913235
2021-08-31,3232.73,-0.0002010280264
2021-09-01,3440.56,0.06428931584
2021-09-02,3790.61,0.1017421583
2021-09-03,3793.3,0.0007096483152
2021-09-04,3936.16,0.03766113938
2021-09-05,3894.94,-0.01047213528
2021-09-06,3950.27,0.01420561036
2021-09-07,3943.26,-0.001774562245
2021-09-08,3440.34,-0.1275391427
2021-09-09,3496.86,0.0164286088
2021-09-10,3435.98,-0.01740990489
2021-09-11,3209.92,-0.06579200112
2021-09-12,3268.1,0.01812506231
2021-09-13,3417.84,0.0458186714
2021-09-14,3301.19,-0.03412974276
2021-09-15,3425.25,0.03758038768
2021-09-16,3595.96,0.04983869791
2021-09-17,3573.31,-0.006298735247
2021-09-18,3412.18,-0.04509264519
2021-09-19,3427.58,0.004513243733
2021-09-20,3335.88,-0.02675356957
2021-09-21,2977.32,-0.1074858808
2021-09-22,2744.11,-0.07832883264
2021-09-23,3074.12,0.120261214
2021-09-24,3159.27,0.02769898377
2021-09-25,2930.74,-0.07233633086
2021-09-26,2946.97,0.005537850509
2021-09-27,3063.32,0.03948122987
2021-09-28,2939.74,-0.04034185132
2021-09-29,2798.98,-0.04788178546
2021-09-30,2855.61,0.02023237036
2021-10-01,3013.49,0.05528766183
2021-10-02,3305.11,0.09677151741
2021-10-03,3393.92,0.02687051263
2021-10-04,3426.39,0.009567108241
2021-10-05,3390.31,-0.01053003307
2021-10-06,3520.34,0.03835342491
2021-10-07,3592.18,0.02040711977
2021-10-08,3594.92,0.0007627680127
2021-10-09,3558.55,-0.01011705407
2021-10-10,3588.08,0.008298323755
2021-10-11,3431.02,-0.0437727141
2021-10-12,3537.84,0.03113359875
2021-10-13,3498.11,-0.01123001605
2021-10-14,3605.65,0.03074231514
2021-10-15,3794.52,0.05238167875
2021-10-16,3885.64,0.02401357747
2021-10-17,3854.5,-0.008014123799
2021-10-18,3854.22,-7.26E-05
2021-10-19,3752.62,-0.02636071631
2021-10-20,3884.59,0.03516742969
2021-10-21,4170.11,0.07350067832
2021-10-22,4074.86,-0.0228411241
2021-10-23,3990.71,-0.02065101623
2021-10-24,4179.44,0.04729233645
2021-10-25,4094.94,-0.02021801964
2021-10-26,4230.21,0.03303345104
2021-10-27,4152.57,-0.01835369875
2021-10-28,3944.09,-0.05020505374
2021-10-29,4288.1,0.08722164048
2021-10-30,4296.52,0.001963573611