Date,Close
1999-03-10,44.34
1999-03-11,44.55
1999-03-12,43.47
1999-03-15,44.72
1999-03-16,45.1
1999-03-17,44.77
1999-03-18,45.64
1999-03-19,44.47
1999-03-22,43.93
1999-03-23,42.38
1999-03-24,43.82
1999-03-25,45.42
1999-03-26,44.93
1999-03-29,46.56
1999-03-30,46.23
1999-03-31,45.56
1999-04-01,46.51
1999-04-05,48.19
1999-04-06,48.28
1999-04-07,47.78
1999-04-08,48.16
1999-04-09,48.46
1999-04-12,48.13
1999-04-13,47.48
1999-04-14,45.85
1999-04-15,46.48
1999-04-16,45.12
1999-04-19,43.01
1999-04-20,43.98
1999-04-21,46.15
1999-04-22,47.4
1999-04-23,48.03
1999-04-26,49.13
1999-04-27,48.38
1999-04-28,46.72
1999-04-29,46.34
1999-04-30,46.64
1999-05-03,46.4
1999-05-04,45.66
1999-05-05,47.05
1999-05-06,45.34
1999-05-07,45.99
1999-05-10,46.45
1999-05-11,47.18
1999-05-12,48.16
1999-05-13,47.27
1999-05-14,46.37
1999-05-17,47.2
1999-05-18,46.99
1999-05-19,47.65
1999-05-20,46.34
1999-05-21,45.91
1999-05-24,44.74
1999-05-25,43.28
1999-05-26,44.48
1999-05-27,44.44
1999-05-28,45.18
1999-06-01,44.17
1999-06-02,44.92
1999-06-03,44.28
1999-06-04,45.64
1999-06-07,46.59
1999-06-08,45.42
1999-06-09,46.18
1999-06-10,45.65
1999-06-11,44.96
1999-06-14,44.11
1999-06-15,44.77
1999-06-16,47.07
1999-06-17,47.59
1999-06-18,47.81
1999-06-21,49.24
1999-06-22,47.75
1999-06-23,48.51
1999-06-24,47.54
1999-06-25,47.48
1999-06-28,48.61
1999-06-29,49.27
1999-06-30,50.03
1999-07-01,50.37
1999-07-02,51.01
1999-07-06,50.68
1999-07-07,50.77
1999-07-08,51.44
1999-07-09,51.96
1999-07-12,51.69
1999-07-13,51.44
1999-07-14,52.32
1999-07-15,52.8
1999-07-16,53.29
1999-07-19,52.75
1999-07-20,50.71
1999-07-21,50.96
1999-07-22,49.66
1999-07-23,49.73
1999-07-26,48.51
1999-07-27,49.49
1999-07-28,50.46
1999-07-29,49.38
1999-07-30,49.14
1999-08-02,49.0
1999-08-03,48.68
1999-08-04,47.8
1999-08-05,48.56
1999-08-06,48.04
1999-08-09,47.42
1999-08-10,46.99
1999-08-11,48.54
1999-08-12,47.97
1999-08-13,50.06
1999-08-16,50.46
1999-08-17,50.71
1999-08-18,50.14
1999-08-19,49.54
1999-08-20,50.33
1999-08-23,51.93
1999-08-24,52.29
1999-08-25,53.4
1999-08-26,52.51
1999-08-27,51.99
1999-08-30,51.25
1999-08-31,51.82
1999-09-01,52.2
1999-09-02,52.01
1999-09-03,54.4
1999-09-07,54.16
1999-09-08,53.42
1999-09-09,54.18
1999-09-10,54.81
1999-09-13,54.15
1999-09-14,54.45
1999-09-15,53.4
1999-09-16,53.37
1999-09-17,54.97
1999-09-20,55.1
1999-09-21,53.78
1999-09-22,54.35
1999-09-23,52.1
1999-09-24,52.16
1999-09-27,52.53
1999-09-28,52.77
1999-09-29,51.72
1999-09-30,52.26
1999-10-01,52.28
1999-10-04,53.45
1999-10-05,53.83
1999-10-06,54.91
1999-10-07,54.78
1999-10-08,55.36
1999-10-11,56.14
1999-10-12,54.86
1999-10-13,53.24
1999-10-14,53.57
1999-10-15,51.99
1999-10-18,51.33
1999-10-19,51.61
1999-10-20,53.18
1999-10-21,54.05
1999-10-22,53.8
1999-10-25,53.83
1999-10-26,53.4
1999-10-27,53.32
1999-10-28,55.16
1999-10-29,57.09
1999-11-01,56.79
1999-11-02,56.82
1999-11-03,57.96
1999-11-04,58.61
1999-11-05,59.2
1999-11-08,60.4
1999-11-09,59.99
1999-11-10,60.78
1999-11-11,61.86
1999-11-12,62.68
1999-11-15,62.56
1999-11-16,64.14
1999-11-17,63.27
1999-11-18,65.21
1999-11-19,65.8
1999-11-22,64.79
1999-11-23,65.09
1999-11-24,67.24
1999-11-26,67.45
1999-11-29,66.34
1999-11-30,63.82
1999-12-01,65.2
1999-12-02,67.27
1999-12-03,68.7
1999-12-06,69.32
1999-12-07,69.32
1999-12-08,68.48
1999-12-09,68.81
1999-12-10,69.38
1999-12-13,70.32
1999-12-14,69.05
1999-12-15,70.38
1999-12-16,72.12
1999-12-17,72.74
1999-12-20,73.69
1999-12-21,77.65
1999-12-22,77.41
1999-12-23,78.33
1999-12-27,77.87
1999-12-28,77.38
1999-12-29,80.31
1999-12-30,79.45
1999-12-31,79.34
2000-01-03,82.27
2000-01-04,76.62
2000-01-05,74.67
2000-01-06,69.54
2000-01-07,78.14
2000-01-10,80.31
2000-01-11,76.41
2000-01-12,74.72
2000-01-13,79.23
2000-01-14,81.07
2000-01-18,81.51
2000-01-19,83.35
2000-01-20,82.54
2000-01-21,83.57
2000-01-24,79.55
2000-01-25,80.75
2000-01-26,77.49
2000-01-27,78.63
2000-01-28,74.67
2000-01-31,77.87
2000-02-01,79.96
2000-02-02,80.64
2000-02-03,83.79
2000-02-04,84.36
2000-02-07,85.52
2000-02-08,89.1
2000-02-09,85.96
2000-02-10,88.78
2000-02-11,86.72
2000-02-14,86.61
2000-02-15,87.23
2000-02-16,86.83
2000-02-17,88.67
2000-02-18,85.47
2000-02-22,85.74
2000-02-23,90.52
2000-02-24,92.47
2000-02-25,90.35
2000-02-28,90.3
2000-02-29,92.69
2000-03-01,93.45
2000-03-02,91.28
2000-03-03,96.43
2000-03-06,97.19
2000-03-07,95.73
2000-03-08,96.59
2000-03-09,99.85
2000-03-10,99.42
2000-03-13,96.81
2000-03-14,93.23
2000-03-15,89.32
2000-03-16,94.42
2000-03-17,96.21
2000-03-20,93.5
2000-03-21,97.03
2000-03-22,98.98
2000-03-23,100.72
2000-03-24,102.07
2000-03-27,102.24
2000-03-28,99.63
2000-03-29,95.51
2000-03-30,93.12
2000-03-31,95.07
2000-04-03,89.38
2000-04-04,88.51
2000-04-05,86.93
2000-04-06,89.0
2000-04-07,92.58
2000-04-10,86.93
2000-04-11,84.87
2000-04-12,79.88
2000-04-13,76.41
2000-04-14,69.79
2000-04-17,77.82
2000-04-18,79.88
2000-04-19,77.44
2000-04-20,75.76
2000-04-24,73.58
2000-04-25,78.55
2000-04-26,75.86
2000-04-27,79.23
2000-04-28,82.27
2000-05-01,83.03
2000-05-02,78.25
2000-05-03,77.38
2000-05-04,77.55
2000-05-05,79.39
2000-05-08,76.3
2000-05-09,74.67
2000-05-10,69.24
2000-05-11,73.48
2000-05-12,73.48
2000-05-15,76.68
2000-05-16,78.85
2000-05-17,77.22
2000-05-18,74.45
2000-05-19,70.93
2000-05-22,70.87
2000-05-23,64.96
2000-05-24,69.03
2000-05-25,67.51
2000-05-26,67.51
2000-05-30,74.29
2000-05-31,72.17
2000-06-01,75.86
2000-06-02,81.29
2000-06-05,81.49
2000-06-06,79.23
2000-06-07,81.34
2000-06-08,80.97
2000-06-09,81.4
2000-06-12,78.79
2000-06-13,81.83
2000-06-14,79.99
2000-06-15,81.4
2000-06-16,81.83
2000-06-19,85.09
2000-06-20,84.76
2000-06-21,85.85
2000-06-22,82.7
2000-06-23,79.45
2000-06-26,81.62
2000-06-27,80.64
2000-06-28,81.62
2000-06-29,79.57
2000-06-30,81.13
2000-07-03,82.7
2000-07-05,79.5
2000-07-06,81.62
2000-07-07,83.3
2000-07-10,82.04
2000-07-11,82.48
2000-07-12,84.44
2000-07-13,85.52
2000-07-14,87.37
2000-07-17,88.35
2000-07-18,86.39
2000-07-19,84.44
2000-07-20,87.15
2000-07-21,84.22
2000-07-24,82.48
2000-07-25,83.14
2000-07-26,83.03
2000-07-27,79.77
2000-07-28,75.43
2000-07-31,77.65
2000-08-01,76.62
2000-08-02,75.27
2000-08-03,78.52
2000-08-04,78.25
2000-08-07,80.1
2000-08-08,81.72
2000-08-09,79.55
2000-08-10,77.98
2000-08-11,79.07
2000-08-14,80.75
2000-08-15,80.75
2000-08-16,81.56
2000-08-17,83.14
2000-08-18,82.7
2000-08-21,82.92
2000-08-22,82.92
2000-08-23,84.28
2000-08-24,85.58
2000-08-25,85.12
2000-08-28,85.52
2000-08-29,85.96
2000-08-30,85.85
2000-08-31,88.24
2000-09-01,89.1
2000-09-05,86.39
2000-09-06,83.35
2000-09-07,85.2
2000-09-08,82.59
2000-09-11,80.59
2000-09-12,79.34
2000-09-13,81.18
2000-09-14,80.75
2000-09-15,79.28
2000-09-18,78.03
2000-09-19,80.91
2000-09-20,82.16
2000-09-21,76.19
2000-09-22,80.69
2000-09-25,78.55
2000-09-26,77.65
2000-09-27,77.76
2000-09-28,79.5
2000-09-29,77.06
2000-10-02,75.32
2000-10-03,72.93
2000-10-04,74.34
2000-10-05,74.56
2000-10-06,72.07
2000-10-09,71.74
2000-10-10,68.0
2000-10-11,66.91
2000-10-12,65.23
2000-10-13,70.55
2000-10-16,71.2
2000-10-17,67.94
2000-10-18,67.72
2000-10-19,73.86
2000-10-20,74.94
2000-10-23,74.83
2000-10-24,71.63
2000-10-25,67.62
2000-10-26,69.35
2000-10-27,69.22
2000-10-30,66.65
2000-10-31,70.94
2000-11-01,70.33
2000-11-02,71.2
2000-11-03,72.12
2000-11-06,71.58
2000-11-07,71.31
2000-11-08,65.73
2000-11-09,65.72
2000-11-10,62.3
2000-11-13,62.39
2000-11-14,65.85
2000-11-15,67.18
2000-11-16,63.27
2000-11-17,63.23
2000-11-20,60.66
2000-11-21,60.56
2000-11-22,57.85
2000-11-24,61.16
2000-11-27,60.4
2000-11-28,56.83
2000-11-29,54.65
2000-11-30,54.69
2000-12-01,55.57
2000-12-04,56.44
2000-12-05,61.37
2000-12-06,59.04
2000-12-07,57.74
2000-12-08,59.04
2000-12-11,64.58
2000-12-12,62.22
2000-12-13,59.68
2000-12-14,56.76
2000-12-15,55.46
2000-12-18,55.57
2000-12-19,51.34
2000-12-20,48.39
2000-12-21,48.68
2000-12-22,52.53
2000-12-26,52.86
2000-12-27,53.45
2000-12-28,53.34
2000-12-29,50.68
2001-01-02,46.4
2001-01-03,54.21
2001-01-04,53.24
2001-01-05,49.17
2001-01-08,49.71
2001-01-09,49.71
2001-01-10,52.26
2001-01-11,53.78
2001-01-12,54.47
2001-01-16,53.82
2001-01-17,55.46
2001-01-18,57.79
2001-01-19,57.58
2001-01-22,57.63
2001-01-23,58.84
2001-01-24,58.28
2001-01-25,56.0
2001-01-26,56.91
2001-01-29,58.17
2001-01-30,57.96
2001-01-31,55.83
2001-02-01,56.57
2001-02-02,53.44
2001-02-05,53.4
2001-02-06,53.48
2001-02-07,52.62
2001-02-08,51.04
2001-02-09,48.97
2001-02-12,49.56
2001-02-13,47.97
2001-02-14,49.88
2001-02-15,50.71
2001-02-16,47.87
2001-02-20,46.01
2001-02-21,44.72
2001-02-22,44.28
2001-02-23,44.44
2001-02-26,45.28
2001-02-27,42.54
2001-02-28,41.2
2001-03-01,42.37
2001-03-02,40.55
2001-03-05,41.29
2001-03-06,42.89
2001-03-07,42.91
2001-03-08,42.11
2001-03-09,39.16
2001-03-12,36.73
2001-03-13,38.59
2001-03-14,37.99
2001-03-15,36.6
2001-03-16,35.77
2001-03-19,37.56
2001-03-20,35.03
2001-03-21,35.03
2001-03-22,37.16
2001-03-23,37.16
2001-03-26,36.3
2001-03-27,37.55
2001-03-28,34.47
2001-03-29,33.82
2001-03-30,33.99
2001-04-02,32.47
2001-04-03,30.09
2001-04-04,29.56
2001-04-05,32.39
2001-04-06,31.21
2001-04-09,32.17
2001-04-10,34.56
2001-04-11,35.6
2001-04-12,37.16
2001-04-16,34.95
2001-04-17,35.82
2001-04-18,39.55
2001-04-19,41.94
2001-04-20,42.02
2001-04-23,39.2
2001-04-24,38.46
2001-04-25,39.16
2001-04-26,38.16
2001-04-27,39.2
2001-04-30,40.07
2001-05-01,41.72
2001-05-02,42.53
2001-05-03,40.63
2001-05-04,41.85
2001-05-07,40.98
2001-05-08,41.85
2001-05-09,40.42
2001-05-10,39.74
2001-05-11,39.55
2001-05-14,38.92
2001-05-15,39.2
2001-05-16,40.94
2001-05-17,41.59
2001-05-18,41.71
2001-05-21,44.32
2001-05-22,44.19
2001-05-23,42.24
2001-05-24,43.33
2001-05-25,42.54
2001-05-29,40.04
2001-05-30,38.58
2001-05-31,38.84
2001-06-01,39.98
2001-06-04,39.79
2001-06-05,41.55
2001-06-06,41.22
2001-06-07,42.28
2001-06-08,41.11
2001-06-11,39.98
2001-06-12,39.77
2001-06-13,38.68
2001-06-14,36.68
2001-06-15,36.99
2001-06-18,36.49
2001-06-19,36.31
2001-06-20,37.14
2001-06-21,37.64
2001-06-22,37.55
2001-06-25,37.65
2001-06-26,37.78
2001-06-27,38.02
2001-06-28,38.51
2001-06-29,39.68
2001-07-02,39.46
2001-07-03,39.63
2001-07-05,37.73
2001-07-06,36.16
2001-07-09,36.48
2001-07-10,35.16
2001-07-11,35.6
2001-07-12,37.86
2001-07-13,37.47
2001-07-16,36.77
2001-07-17,37.6
2001-07-18,36.16
2001-07-19,37.02
2001-07-20,36.16
2001-07-23,35.26
2001-07-24,34.86
2001-07-25,35.16
2001-07-26,35.69
2001-07-27,36.42
2001-07-30,36.21
2001-07-31,36.26
2001-08-01,37.42
2001-08-02,38.13
2001-08-03,37.49
2001-08-06,36.9
2001-08-07,36.71
2001-08-08,35.16
2001-08-09,35.31
2001-08-10,34.97
2001-08-13,35.69
2001-08-14,35.25
2001-08-15,33.95
2001-08-16,34.35
2001-08-17,32.79
2001-08-20,33.24
2001-08-21,31.86
2001-08-22,32.72
2001-08-23,32.4
2001-08-24,34.12
2001-08-27,34.17
2001-08-28,33.1
2001-08-29,32.61
2001-08-30,31.4
2001-08-31,31.8
2001-09-04,30.8
2001-09-05,30.68
2001-09-06,29.43
2001-09-07,29.26
2001-09-10,29.61
2001-09-17,27.09
2001-09-18,26.48
2001-09-19,26.02
2001-09-20,25.15
2001-09-21,24.48
2001-09-24,25.71
2001-09-25,25.79
2001-09-26,24.89
2001-09-27,24.73
2001-09-28,25.16
2001-10-01,24.95
2001-10-02,25.02
2001-10-03,26.92
2001-10-04,27.18
2001-10-05,27.58
2001-10-08,27.66
2001-10-09,26.99
2001-10-10,28.22
2001-10-11,30.13
2001-10-12,30.0
2001-10-15,29.87
2001-10-16,30.35
2001-10-17,28.17
2001-10-18,28.94
2001-10-19,29.13
2001-10-22,29.91
2001-10-23,30.07
2001-10-24,30.72
2001-10-25,31.95
2001-10-26,31.27
2001-10-29,29.56
2001-10-30,28.98
2001-10-31,29.43
2001-11-01,30.68
2001-11-02,30.91
2001-11-05,31.92
2001-11-06,33.16
2001-11-07,33.12
2001-11-08,32.78
2001-11-09,32.76
2001-11-12,32.99
2001-11-13,34.17
2001-11-14,34.42
2001-11-15,34.28
2001-11-16,34.18
2001-11-19,35.16
2001-11-20,33.53
2001-11-21,33.36
2001-11-23,34.11
2001-11-26,34.95
2001-11-27,34.9
2001-11-28,33.64
2001-11-29,34.69
2001-11-30,34.43
2001-12-03,33.84
2001-12-04,35.45
2001-12-05,37.2
2001-12-06,37.26
2001-12-07,36.23
2001-12-10,35.6
2001-12-11,35.8
2001-12-12,36.08
2001-12-13,34.52
2001-12-14,34.83
2001-12-17,35.42
2001-12-18,35.82
2001-12-19,35.17
2001-12-20,33.68
2001-12-21,34.28
2001-12-24,34.14
2001-12-26,34.46
2001-12-27,34.74
2001-12-28,35.02
2001-12-31,33.78
2002-01-02,34.83
2002-01-03,36.03
2002-01-04,36.18
2002-01-07,35.78
2002-01-08,36.02
2002-01-09,35.69
2002-01-10,35.93
2002-01-11,35.47
2002-01-14,34.7
2002-01-15,35.03
2002-01-16,33.67
2002-01-17,34.43
2002-01-18,33.51
2002-01-22,32.47
2002-01-23,33.37
2002-01-24,33.81
2002-01-25,33.71
2002-01-28,33.91
2002-01-29,32.98
2002-01-30,33.23
2002-01-31,33.44
2002-02-01,33.12
2002-02-04,32.06
2002-02-05,31.53
2002-02-06,31.31
2002-02-07,30.55
2002-02-08,31.4
2002-02-11,31.8
2002-02-12,31.54
2002-02-13,32.08
2002-02-14,32.02
2002-02-15,31.07
2002-02-19,30.11
2002-02-20,30.52
2002-02-21,29.07
2002-02-22,29.22
2002-02-25,30.4
2002-02-26,30.28
2002-02-27,29.87
2002-02-28,29.33
2002-03-01,31.03
2002-03-04,32.26
2002-03-05,32.49
2002-03-06,32.65
2002-03-07,32.72
2002-03-08,33.58
2002-03-11,33.45
2002-03-12,32.99
2002-03-13,32.2
2002-03-14,32.0
2002-03-15,32.33
2002-03-18,32.51
2002-03-19,32.46
2002-03-20,31.31
2002-03-21,32.14
2002-03-22,31.85
2002-03-25,30.88
2002-03-26,31.16
2002-03-27,30.92
2002-03-28,31.31
2002-04-01,31.91
2002-04-02,30.47
2002-04-03,30.42
2002-04-04,30.18
2002-04-05,29.84
2002-04-08,30.22
2002-04-09,29.16
2002-04-10,29.38
2002-04-11,28.65
2002-04-12,29.1
2002-04-15,29.34
2002-04-16,30.56
2002-04-17,30.41
2002-04-18,29.82
2002-04-19,29.92
2002-04-22,29.16
2002-04-23,28.66
2002-04-24,28.22
2002-04-25,28.15
2002-04-26,26.95
2002-04-29,27.02
2002-04-30,27.55
2002-05-01,27.4
2002-05-02,26.49
2002-05-03,25.82
2002-05-06,25.15
2002-05-07,24.92
2002-05-08,27.58
2002-05-09,26.87
2002-05-10,25.67
2002-05-13,26.71
2002-05-14,28.28
2002-05-15,28.49
2002-05-16,28.53
2002-05-17,28.59
2002-05-20,27.97
2002-05-21,27.2
2002-05-22,27.26
2002-05-23,27.81
2002-05-24,27.12
2002-05-28,27.0
2002-05-29,26.29
2002-05-30,26.52
2002-05-31,26.08
2002-06-03,25.16
2002-06-04,25.49
2002-06-05,25.75
2002-06-06,25.08
2002-06-07,24.57
2002-06-10,24.53
2002-06-11,23.84
2002-06-12,24.19
2002-06-13,24.03
2002-06-14,23.98
2002-06-17,24.8
2002-06-18,25.2
2002-06-19,23.74
2002-06-20,22.97
2002-06-21,22.42
2002-06-24,22.86
2002-06-25,22.11
2002-06-26,22.27
2002-06-27,22.76
2002-06-28,22.66
2002-07-01,21.58
2002-07-02,20.79
2002-07-03,21.49
2002-07-05,22.87
2002-07-08,22.04
2002-07-09,21.41
2002-07-10,20.75
2002-07-11,21.53
2002-07-12,21.53
2002-07-15,22.2
2002-07-16,21.87
2002-07-17,22.27
2002-07-18,21.47
2002-07-19,20.83
2002-07-22,20.32
2002-07-23,19.45
2002-07-24,20.51
2002-07-25,19.32
2002-07-26,19.68
2002-07-29,20.69
2002-07-30,21.11
2002-07-31,20.71
2002-08-01,19.74
2002-08-02,19.32
2002-08-05,18.62
2002-08-06,19.54
2002-08-07,19.8
2002-08-08,20.46
2002-08-09,20.26
2002-08-12,20.32
2002-08-13,19.62
2002-08-14,20.87
2002-08-15,21.3
2002-08-16,21.45
2002-08-19,21.97
2002-08-20,21.87
2002-08-21,22.36
2002-08-22,22.71
2002-08-23,21.84
2002-08-26,21.92
2002-08-27,21.16
2002-08-28,20.39
2002-08-29,20.66
2002-08-30,20.4
2002-09-03,19.66
2002-09-04,19.74
2002-09-05,19.25
2002-09-06,19.84
2002-09-09,20.04
2002-09-10,20.53
2002-09-11,20.36
2002-09-12,19.8
2002-09-13,19.96
2002-09-16,19.67
2002-09-17,19.26
2002-09-18,19.04
2002-09-19,18.74
2002-09-20,18.82
2002-09-23,18.25
2002-09-24,18.26
2002-09-25,18.99
2002-09-26,18.75
2002-09-27,18.5
2002-09-30,17.99
2002-10-01,19.08
2002-10-02,18.45
2002-10-03,18.01
2002-10-04,17.67
2002-10-07,17.5
2002-10-08,17.54
2002-10-09,17.42
2002-10-10,18.3
2002-10-11,19.29
2002-10-14,19.52
2002-10-15,20.46
2002-10-16,19.78
2002-10-17,20.45
2002-10-18,20.67
2002-10-21,21.09
2002-10-22,20.96
2002-10-23,21.36
2002-10-24,20.82
2002-10-25,21.45
2002-10-28,21.26
2002-10-29,20.77
2002-10-30,21.32
2002-10-31,21.32
2002-11-01,21.92
2002-11-04,22.49
2002-11-05,22.66
2002-11-06,22.98
2002-11-07,22.18
2002-11-08,21.77
2002-11-11,21.11
2002-11-12,21.65
2002-11-13,21.91
2002-11-14,22.66
2002-11-15,22.96
2002-11-18,22.62
2002-11-19,22.27
2002-11-20,23.22
2002-11-21,24.08
2002-11-22,24.07
2002-11-25,24.3
2002-11-26,23.49
2002-11-27,24.23
2002-11-29,24.07
2002-12-02,24.31
2002-12-03,23.59
2002-12-04,23.07
2002-12-05,22.75
2002-12-06,22.98
2002-12-09,21.9
2002-12-10,22.23
2002-12-11,22.33
2002-12-12,22.45
2002-12-13,21.74
2002-12-16,22.44
2002-12-17,22.51
2002-12-18,22.04
2002-12-19,21.76
2002-12-20,21.98
2002-12-23,22.29
2002-12-24,22.01
2002-12-26,21.95
2002-12-27,21.55
2002-12-30,21.39
2002-12-31,21.16
2003-01-02,22.05
2003-01-03,22.3
2003-01-06,22.85
2003-01-07,23.14
2003-01-08,22.49
2003-01-09,23.18
2003-01-10,23.53
2003-01-13,23.39
2003-01-14,23.51
2003-01-15,23.22
2003-01-16,22.96
2003-01-17,21.98
2003-01-21,21.73
2003-01-22,21.65
2003-01-23,22.15
2003-01-24,21.55
2003-01-27,21.3
2003-01-28,21.52
2003-01-29,21.84
2003-01-30,21.27
2003-01-31,21.22
2003-02-03,21.26
2003-02-04,21.0
2003-02-05,20.91
2003-02-06,21.02
2003-02-07,20.67
2003-02-10,20.86
2003-02-11,20.97
2003-02-12,20.68
2003-02-13,20.79
2003-02-14,21.26
2003-02-18,21.92
2003-02-19,21.78
2003-02-20,21.69
2003-02-21,21.85
2003-02-24,21.48
2003-02-25,21.51
2003-02-26,21.03
2003-02-27,21.51
2003-02-28,21.85
2003-03-03,21.4
2003-03-04,21.27
2003-03-05,21.32
2003-03-06,21.26
2003-03-07,21.31
2003-03-10,20.85
2003-03-11,20.66
2003-03-12,21.04
2003-03-13,22.24
2003-03-14,22.33
2003-03-17,23.1
2003-03-18,23.38
2003-03-19,23.18
2003-03-20,23.27
2003-03-21,23.59
2003-03-24,22.61
2003-03-25,22.93
2003-03-26,23.06
2003-03-27,22.9
2003-03-28,22.64
2003-03-31,21.92
2003-04-01,22.1
2003-04-02,22.7
2003-04-03,22.99
2003-04-04,22.62
2003-04-07,22.65
2003-04-08,22.63
2003-04-09,22.11
2003-04-10,22.38
2003-04-11,22.15
2003-04-14,22.6
2003-04-15,22.82
2003-04-16,22.77
2003-04-17,23.29
2003-04-21,23.37
2003-04-22,23.82
2003-04-23,23.99
2003-04-24,23.86
2003-04-25,23.4
2003-04-28,23.86
2003-04-29,24.08
2003-04-30,23.83
2003-05-01,24.04
2003-05-02,24.55
2003-05-05,24.53
2003-05-06,24.84
2003-05-07,24.56
2003-05-08,24.11
2003-05-09,24.67
2003-05-12,25.04
2003-05-13,24.88
2003-05-14,24.83
2003-05-15,25.11
2003-05-16,24.92
2003-05-19,24.04
2003-05-20,24.11
2003-05-21,24.04
2003-05-22,24.39
2003-05-23,24.4
2003-05-27,25.27
2003-05-28,25.34
2003-05-29,25.45
2003-05-30,25.87
2003-06-02,25.68
2003-06-03,25.93
2003-06-04,26.41
2003-06-05,26.6
2003-06-06,26.16
2003-06-09,25.81
2003-06-10,26.2
2003-06-11,26.5
2003-06-12,26.61
2003-06-13,26.01
2003-06-16,26.81
2003-06-17,26.71
2003-06-18,26.85
2003-06-19,26.41
2003-06-20,26.38
2003-06-23,25.97
2003-06-24,25.77
2003-06-25,25.63
2003-06-26,26.24
2003-06-27,25.9
2003-06-30,26.0
2003-07-01,26.35
2003-07-02,26.89
2003-07-03,26.55
2003-07-07,27.69
2003-07-08,28.03
2003-07-09,27.96
2003-07-10,27.44
2003-07-11,27.65
2003-07-14,27.98
2003-07-15,28.01
2003-07-16,27.92
2003-07-17,27.07
2003-07-18,27.16
2003-07-21,26.81
2003-07-22,27.21
2003-07-23,27.44
2003-07-24,27.07
2003-07-25,27.61
2003-07-28,27.69
2003-07-29,27.48
2003-07-30,27.28
2003-07-31,27.61
2003-08-01,27.32
2003-08-04,27.31
2003-08-05,26.23
2003-08-06,26.21
2003-08-07,26.32
2003-08-08,26.11
2003-08-11,26.4
2003-08-12,26.79
2003-08-13,26.8
2003-08-14,26.83
2003-08-15,27.06
2003-08-18,27.76
2003-08-19,28.11
2003-08-20,28.04
2003-08-21,28.34
2003-08-22,28.17
2003-08-25,28.23
2003-08-26,28.25
2003-08-27,28.48
2003-08-28,28.73
2003-08-29,28.99
2003-09-02,29.41
2003-09-03,29.39
2003-09-04,29.66
2003-09-05,29.47
2003-09-08,29.95
2003-09-09,29.6
2003-09-10,28.89
2003-09-11,29.21
2003-09-12,29.36
2003-09-15,29.08
2003-09-16,29.87
2003-09-17,29.75
2003-09-18,30.2
2003-09-19,30.02
2003-09-22,29.45
2003-09-23,29.97
2003-09-24,28.84
2003-09-25,28.47
2003-09-26,28.29
2003-09-29,28.77
2003-09-30,28.15
2003-10-01,28.78
2003-10-02,28.88
2003-10-03,29.69
2003-10-06,29.9
2003-10-07,30.09
2003-10-08,29.89
2003-10-09,30.12
2003-10-10,30.4
2003-10-13,30.6
2003-10-14,30.68
2003-10-15,30.55
2003-10-16,30.79
2003-10-17,30.05
2003-10-20,30.42
2003-10-21,30.61
2003-10-22,30.02
2003-10-23,29.67
2003-10-24,29.69
2003-10-27,29.7
2003-10-28,30.7
2003-10-29,30.67
2003-10-30,30.73
2003-10-31,30.55
2003-11-03,31.05
2003-11-04,30.84
2003-11-05,31.12
2003-11-06,31.21
2003-11-07,30.94
2003-11-10,30.55
2003-11-11,30.44
2003-11-12,31.09
2003-11-13,31.06
2003-11-14,30.42
2003-11-17,30.11
2003-11-18,29.42
2003-11-19,29.7
2003-11-20,29.42
2003-11-21,29.72
2003-11-24,30.55
2003-11-25,30.55
2003-11-26,30.68
2003-11-28,30.72
2003-12-01,31.17
2003-12-02,31.0
2003-12-03,30.61
2003-12-04,30.94
2003-12-05,30.42
2003-12-08,30.6
2003-12-09,29.89
2003-12-10,30.01
2003-12-11,30.65
2003-12-12,30.6
2003-12-15,30.2
2003-12-16,30.26
2003-12-17,30.31
2003-12-18,30.88
2003-12-19,30.79
2003-12-22,30.88
2003-12-23,31.12
2003-12-24,31.18
2003-12-26,31.14
2003-12-29,31.65
2003-12-30,31.76
2003-12-31,31.67
2004-01-02,31.58
2004-01-05,32.22
2004-01-06,32.43
2004-01-07,32.73
2004-01-08,32.99
2004-01-09,32.77
2004-01-12,33.29
2004-01-13,32.96
2004-01-14,33.08
2004-01-15,33.16
2004-01-16,33.5
2004-01-20,33.48
2004-01-21,33.34
2004-01-22,33.14
2004-01-23,33.02
2004-01-26,33.52
2004-01-27,32.78
2004-01-28,32.22
2004-01-29,32.35
2004-01-30,32.2
2004-02-02,32.11
2004-02-03,32.08
2004-02-04,31.56
2004-02-05,31.68
2004-02-06,32.25
2004-02-09,32.24
2004-02-10,32.29
2004-02-11,32.64
2004-02-12,32.36
2004-02-13,32.09
2004-02-17,32.52
2004-02-18,32.62
2004-02-19,32.12
2004-02-20,32.02
2004-02-23,31.66
2004-02-24,31.58
2004-02-25,31.77
2004-02-26,31.85
2004-02-27,31.76
2004-03-01,32.18
2004-03-02,31.81
2004-03-03,31.63
2004-03-04,31.93
2004-03-05,31.82
2004-03-08,31.07
2004-03-09,30.97
2004-03-10,30.57
2004-03-11,30.29
2004-03-12,30.84
2004-03-15,30.31
2004-03-16,30.36
2004-03-17,30.84
2004-03-18,30.7
2004-03-19,30.18
2004-03-22,29.8
2004-03-23,29.56
2004-03-24,29.9
2004-03-25,30.7
2004-03-26,30.59
2004-03-29,31.09
2004-03-30,31.19
2004-03-31,31.13
2004-04-01,31.41
2004-04-02,32.22
2004-04-05,32.53
2004-04-06,32.12
2004-04-07,32.09
2004-04-08,32.09
2004-04-12,32.29
2004-04-13,31.82
2004-04-14,31.97
2004-04-15,31.4
2004-04-16,31.35
2004-04-19,31.73
2004-04-20,30.99
2004-04-21,31.26
2004-04-22,32.07
2004-04-23,32.32
2004-04-26,32.09
2004-04-27,32.03
2004-04-28,31.44
2004-04-29,30.96
2004-04-30,30.2
2004-05-03,30.49
2004-05-04,30.62
2004-05-05,30.86
2004-05-06,30.63
2004-05-07,30.37
2004-05-10,30.11
2004-05-11,30.57
2004-05-12,30.63
2004-05-13,30.41
2004-05-14,30.18
2004-05-17,29.9
2004-05-18,30.17
2004-05-19,30.13
2004-05-20,30.27
2004-05-21,30.42
2004-05-24,30.63
2004-05-25,31.23
2004-05-26,31.43
2004-05-27,31.63
2004-05-28,31.75
2004-06-01,31.7
2004-06-02,31.63
2004-06-03,31.25
2004-06-04,31.43
2004-06-07,32.18
2004-06-08,32.22
2004-06-09,31.77
2004-06-10,32.0
2004-06-14,31.55
2004-06-15,31.96
2004-06-16,31.9
2004-06-17,31.61
2004-06-18,31.65
2004-06-21,31.4
2004-06-22,31.86
2004-06-23,32.24
2004-06-24,32.18
2004-06-25,32.42
2004-06-28,32.16
2004-06-29,32.46
2004-06-30,32.78
2004-07-01,32.17
2004-07-02,31.98
2004-07-06,31.3
2004-07-07,31.36
2004-07-08,31.01
2004-07-09,31.05
2004-07-12,30.92
2004-07-13,30.88
2004-07-14,30.57
2004-07-15,30.46
2004-07-16,30.11
2004-07-19,30.05
2004-07-20,30.77
2004-07-21,29.88
2004-07-22,30.29
2004-07-23,29.71
2004-07-26,29.58
2004-07-27,29.99
2004-07-28,29.86
2004-07-29,30.21
2004-07-30,30.31
2004-08-02,30.37
2004-08-03,29.73
2004-08-04,29.74
2004-08-05,29.18
2004-08-06,28.42
2004-08-09,28.49
2004-08-10,28.85
2004-08-11,28.59
2004-08-12,28.2
2004-08-13,28.25
2004-08-16,28.57
2004-08-17,28.89
2004-08-18,29.4
2004-08-19,29.25
2004-08-20,29.54
2004-08-23,29.61
2004-08-24,29.6
2004-08-25,30.01
2004-08-26,29.88
2004-08-27,30.02
2004-08-30,29.51
2004-08-31,29.55
2004-09-01,29.77
2004-09-02,30.21
2004-09-03,29.65
2004-09-07,29.91
2004-09-08,29.79
2004-09-09,30.04
2004-09-10,30.51
2004-09-13,30.9
2004-09-14,30.95
2004-09-15,30.62
2004-09-16,30.68
2004-09-17,30.77
2004-09-20,30.77
2004-09-21,30.9
2004-09-22,30.36
2004-09-23,30.33
2004-09-24,30.23
2004-09-27,29.97
2004-09-28,30.03
2004-09-29,30.47
2004-09-30,30.52
2004-10-01,31.36
2004-10-04,31.54
2004-10-05,31.58
2004-10-06,31.83
2004-10-07,31.48
2004-10-08,30.9
2004-10-11,31.05
2004-10-12,31.0
2004-10-13,30.93
2004-10-14,30.79
2004-10-15,30.95
2004-10-18,31.39
2004-10-19,31.17
2004-10-20,31.31
2004-10-21,31.79
2004-10-22,31.1
2004-10-25,30.95
2004-10-26,31.11
2004-10-27,31.9
2004-10-28,32.1
2004-10-29,32.05
2004-11-01,32.17
2004-11-02,32.28
2004-11-03,32.49
2004-11-04,32.68
2004-11-05,32.97
2004-11-08,33.01
2004-11-09,32.94
2004-11-10,32.82
2004-11-11,33.26
2004-11-12,33.58
2004-11-15,33.73
2004-11-16,33.52
2004-11-17,33.97
2004-11-18,34.13
2004-11-19,33.6
2004-11-22,33.92
2004-11-23,33.87
2004-11-24,34.16
2004-11-26,34.06
2004-11-29,34.05
2004-11-30,33.98
2004-12-01,34.67
2004-12-02,34.8
2004-12-03,34.86
2004-12-06,34.98
2004-12-07,34.38
2004-12-08,34.58
2004-12-09,34.79
2004-12-10,34.68
2004-12-13,34.99
2004-12-14,35.16
2004-12-15,35.03
2004-12-16,34.7
2004-12-17,34.61
2004-12-20,34.38
2004-12-21,34.8
2004-12-22,34.84
2004-12-23,34.87
2004-12-27,34.72
2004-12-28,35.05
2004-12-29,35.09
2004-12-30,35.07
2004-12-31,35.01
2005-01-03,34.64
2005-01-04,34.01
2005-01-05,33.8
2005-01-06,33.63
2005-01-07,33.81
2005-01-10,33.79
2005-01-11,33.55
2005-01-12,33.83
2005-01-13,33.38
2005-01-14,33.7
2005-01-18,33.95
2005-01-19,33.39
2005-01-20,32.75
2005-01-21,32.49
2005-01-24,32.03
2005-01-25,32.19
2005-01-26,32.58
2005-01-27,32.53
2005-01-28,32.38
2005-01-31,32.8
2005-02-01,32.9
2005-02-02,32.95
2005-02-03,32.58
2005-02-04,33.1
2005-02-07,33.03
2005-02-08,33.09
2005-02-09,32.54
2005-02-10,32.58
2005-02-11,33.06
2005-02-14,33.21
2005-02-15,33.43
2005-02-16,33.31
2005-02-17,32.86
2005-02-18,32.75
2005-02-22,32.35
2005-02-23,32.39
2005-02-24,32.81
2005-02-25,32.99
2005-02-28,32.64
2005-03-01,33.0
2005-03-02,32.98
2005-03-03,32.71
2005-03-04,32.9
2005-03-07,33.38
2005-03-08,33.04
2005-03-09,32.95
2005-03-10,32.9
2005-03-11,32.59
2005-03-14,32.74
2005-03-15,32.48
2005-03-16,32.11
2005-03-17,32.19
2005-03-18,32.02
2005-03-21,32.08
2005-03-22,31.68
2005-03-23,31.8
2005-03-24,31.81
2005-03-28,31.87
2005-03-29,31.61
2005-03-30,32.21
2005-03-31,32.07
2005-04-01,31.74
2005-04-04,31.97
2005-04-05,32.06
2005-04-06,32.01
2005-04-07,32.39
2005-04-08,32.13
2005-04-11,31.99
2005-04-12,32.15
2005-04-13,31.62
2005-04-14,31.17
2005-04-15,30.46
2005-04-18,30.47
2005-04-19,30.68
2005-04-20,30.43
2005-04-21,31.24
2005-04-22,30.77
2005-04-25,31.03
2005-04-26,30.74
2005-04-27,30.78
2005-04-28,30.47
2005-04-29,30.67
2005-05-02,30.8
2005-05-03,30.96
2005-05-04,31.33
2005-05-05,31.36
2005-05-06,31.45
2005-05-09,31.6
2005-05-10,31.37
2005-05-11,31.53
2005-05-12,31.44
2005-05-13,31.78
2005-05-16,31.99
2005-05-17,32.18
2005-05-18,32.62
2005-05-19,32.89
2005-05-20,33.02
2005-05-23,33.19
2005-05-24,33.3
2005-05-25,33.16
2005-05-26,33.49
2005-05-27,33.51
2005-05-31,33.39
2005-06-01,33.66
2005-06-02,33.9
2005-06-03,33.41
2005-06-06,33.42
2005-06-07,33.14
2005-06-08,33.07
2005-06-09,33.28
2005-06-10,32.93
2005-06-13,33.09
2005-06-14,32.95
2005-06-15,33.06
2005-06-16,33.24
2005-06-17,33.24
2005-06-20,33.24
2005-06-21,33.22
2005-06-22,33.19
2005-06-23,32.82
2005-06-24,32.45
2005-06-27,32.3
2005-06-28,32.61
2005-06-29,32.54
2005-06-30,32.28
2005-07-01,32.24
2005-07-05,32.57
2005-07-06,32.41
2005-07-07,32.53
2005-07-08,33.15
2005-07-11,33.46
2005-07-12,33.62
2005-07-13,33.7
2005-07-14,34.03
2005-07-15,34.13
2005-07-18,33.99
2005-07-19,34.39
2005-07-20,34.64
2005-07-21,34.64
2005-07-22,34.6
2005-07-25,34.47
2005-07-26,34.6
2005-07-27,34.86
2005-07-28,35.03
2005-07-29,34.74
2005-08-01,34.8
2005-08-02,35.18
2005-08-03,35.16
2005-08-04,34.82
2005-08-05,34.65
2005-08-08,34.4
2005-08-09,34.63
2005-08-10,34.33
2005-08-11,34.61
2005-08-12,34.42
2005-08-15,34.63
2005-08-16,34.06
2005-08-17,34.27
2005-08-18,34.09
2005-08-19,34.07
2005-08-22,34.09
2005-08-23,33.99
2005-08-24,33.79
2005-08-25,33.87
2005-08-26,33.76
2005-08-29,34.02
2005-08-30,33.9
2005-08-31,34.21
2005-09-01,34.16
2005-09-02,34.03
2005-09-06,34.53
2005-09-07,34.59
2005-09-08,34.58
2005-09-09,34.78
2005-09-12,34.87
2005-09-13,34.78
2005-09-14,34.39
2005-09-15,34.37
2005-09-16,34.58
2005-09-19,34.31
2005-09-20,34.17
2005-09-21,33.79
2005-09-22,33.92
2005-09-23,34.01
2005-09-26,34.02
2005-09-27,33.94
2005-09-28,33.95
2005-09-29,34.41
2005-09-30,34.64
2005-10-03,34.72
2005-10-04,34.49
2005-10-05,34.02
2005-10-06,33.57
2005-10-07,33.65
2005-10-10,33.47
2005-10-11,33.3
2005-10-12,32.91
2005-10-13,33.16
2005-10-14,33.41
2005-10-17,33.51
2005-10-18,33.27
2005-10-19,33.94
2005-10-20,33.63
2005-10-21,33.84
2005-10-24,34.37
2005-10-25,34.24
2005-10-26,34.06
2005-10-27,33.38
2005-10-28,33.63
2005-10-31,34.12
2005-11-01,34.09
2005-11-02,34.54
2005-11-03,35.06
2005-11-04,35.18
2005-11-07,35.22
2005-11-08,35.23
2005-11-09,35.25
2005-11-10,35.64
2005-11-11,35.73
2005-11-14,35.73
2005-11-15,35.57
2005-11-16,35.78
2005-11-17,36.26
2005-11-18,36.38
2005-11-21,36.47
2005-11-22,36.6
2005-11-23,36.69
2005-11-25,36.77
2005-11-28,36.46
2005-11-29,36.29
2005-11-30,36.2
2005-12-01,36.87
2005-12-02,36.96
2005-12-05,36.69
2005-12-06,36.81
2005-12-07,36.74
2005-12-08,36.48
2005-12-09,36.62
2005-12-12,36.75
2005-12-13,36.9
2005-12-14,36.78
2005-12-15,36.84
2005-12-16,36.58
2005-12-19,36.0
2005-12-20,36.03
2005-12-21,36.19
2005-12-22,36.43
2005-12-23,36.43
2005-12-27,36.11
2005-12-28,36.06
2005-12-29,35.83
2005-12-30,35.55
2006-01-03,36.35
2006-01-04,36.72
2006-01-05,36.88
2006-01-06,37.55
2006-01-09,37.7
2006-01-10,37.73
2006-01-11,38.02
2006-01-12,37.83
2006-01-13,37.82
2006-01-17,37.57
2006-01-18,37.14
2006-01-19,37.41
2006-01-20,36.29
2006-01-23,36.3
2006-01-24,36.46
2006-01-25,36.3
2006-01-26,36.56
2006-01-27,37.05
2006-01-30,37.12
2006-01-31,36.95
2006-02-01,37.09
2006-02-02,36.45
2006-02-03,36.0
2006-02-06,35.91
2006-02-07,35.75
2006-02-08,36.16
2006-02-09,35.82
2006-02-10,36.04
2006-02-13,35.62
2006-02-14,35.99
2006-02-15,36.21
2006-02-16,36.55
2006-02-17,36.26
2006-02-21,35.85
2006-02-22,36.3
2006-02-23,36.21
2006-02-24,36.3
2006-02-27,36.71
2006-02-28,36.16
2006-03-01,36.65
2006-03-02,36.68
2006-03-03,36.47
2006-03-06,36.15
2006-03-07,35.94
2006-03-08,35.96
2006-03-09,35.65
2006-03-10,35.69
2006-03-13,35.79
2006-03-14,36.4
2006-03-15,36.71
2006-03-16,36.4
2006-03-17,36.5
2006-03-20,36.58
2006-03-21,36.2
2006-03-22,36.28
2006-03-23,36.18
2006-03-24,36.36
2006-03-27,36.37
2006-03-28,36.22
2006-03-29,36.91
2006-03-30,37.02
2006-03-31,36.92
2006-04-03,36.96
2006-04-04,37.16
2006-04-05,37.52
2006-04-06,37.62
2006-04-07,37.26
2006-04-10,37.21
2006-04-11,36.91
2006-04-12,36.92
2006-04-13,37.07
2006-04-17,36.68
2006-04-18,37.38
2006-04-19,37.55
2006-04-20,37.42
2006-04-21,36.98
2006-04-24,36.94
2006-04-25,36.86
2006-04-26,36.86
2006-04-27,37.21
2006-04-28,36.85
2006-05-01,36.49
2006-05-02,36.58
2006-05-03,36.53
2006-05-04,36.83
2006-05-05,37.12
2006-05-08,37.16
2006-05-09,37.01
2006-05-10,36.69
2006-05-11,35.87
2006-05-12,35.39
2006-05-15,35.36
2006-05-16,35.1
2006-05-17,34.62
2006-05-18,34.38
2006-05-19,34.65
2006-05-22,34.31
2006-05-23,33.98
2006-05-24,34.21
2006-05-25,34.65
2006-05-26,34.77
2006-05-30,34.02
2006-05-31,34.18
2006-06-01,34.99
2006-06-02,34.9
2006-06-05,34.14
2006-06-06,34.12
2006-06-07,33.86
2006-06-08,33.81
2006-06-09,33.59
2006-06-12,32.93
2006-06-13,32.8
2006-06-14,33.13
2006-06-15,34.03
2006-06-16,33.78
2006-06-19,33.51
2006-06-20,33.55
2006-06-21,34.08
2006-06-22,33.65
2006-06-23,33.61
2006-06-26,33.7
2006-06-27,33.07
2006-06-28,33.31
2006-06-29,34.33
2006-06-30,34.16
2006-07-03,34.36
2006-07-05,33.61
2006-07-06,33.58
2006-07-07,33.21
2006-07-10,32.92
2006-07-11,33.16
2006-07-12,32.54
2006-07-13,31.99
2006-07-14,31.67
2006-07-17,31.74
2006-07-18,31.85
2006-07-19,32.26
2006-07-20,31.79
2006-07-21,31.45
2006-07-24,32.08
2006-07-25,32.26
2006-07-26,32.24
2006-07-27,32.03
2006-07-28,32.7
2006-07-31,32.69
2006-08-01,32.14
2006-08-02,32.5
2006-08-03,32.7
2006-08-04,32.55
2006-08-07,32.34
2006-08-08,32.14
2006-08-09,32.18
2006-08-10,32.41
2006-08-11,32.18
2006-08-14,32.4
2006-08-15,33.22
2006-08-16,34.0
2006-08-17,34.12
2006-08-18,34.18
2006-08-21,33.85
2006-08-22,33.86
2006-08-23,33.6
2006-08-24,33.7
2006-08-25,33.76
2006-08-28,34.02
2006-08-29,34.12
2006-08-30,34.28
2006-08-31,34.25
2006-09-01,34.43
2006-09-05,34.77
2006-09-06,34.07
2006-09-07,33.91
2006-09-08,34.11
2006-09-11,34.33
2006-09-12,34.96
2006-09-13,35.2
2006-09-14,35.23
2006-09-15,35.36
2006-09-18,35.37
2006-09-19,35.13
2006-09-20,35.64
2006-09-21,35.42
2006-09-22,35.15
2006-09-25,35.76
2006-09-26,35.94
2006-09-27,35.9
2006-09-28,35.99
2006-09-29,35.84
2006-10-02,35.39
2006-10-03,35.54
2006-10-04,36.41
2006-10-05,36.58
2006-10-06,36.51
2006-10-09,36.63
2006-10-10,36.69
2006-10-11,36.62
2006-10-12,37.2
2006-10-13,37.4
2006-10-16,37.44
2006-10-17,37.03
2006-10-18,36.85
2006-10-19,36.94
2006-10-20,37.03
2006-10-23,37.4
2006-10-24,37.15
2006-10-25,37.4
2006-10-26,37.75
2006-10-27,37.21
2006-10-30,37.45
2006-10-31,37.54
2006-11-01,37.03
2006-11-02,37.06
2006-11-03,36.96
2006-11-06,37.5
2006-11-07,37.76
2006-11-08,37.93
2006-11-09,37.76
2006-11-10,37.93
2006-11-13,38.32
2006-11-14,38.73
2006-11-15,38.89
2006-11-16,39.05
2006-11-17,39.05
2006-11-20,39.13
2006-11-21,39.19
2006-11-22,39.43
2006-11-24,39.36
2006-11-27,38.47
2006-11-28,38.59
2006-11-29,38.85
2006-11-30,38.82
2006-12-01,38.49
2006-12-04,39.02
2006-12-05,39.16
2006-12-06,39.02
2006-12-07,38.52
2006-12-08,38.7
2006-12-11,38.84
2006-12-12,38.61
2006-12-13,38.68
2006-12-14,39.11
2006-12-15,39.22
2006-12-18,38.83
2006-12-19,38.7
2006-12-20,38.56
2006-12-21,38.29
2006-12-22,37.89
2006-12-26,38.05
2006-12-27,38.24
2006-12-28,38.06
2006-12-29,38.09
2007-01-03,38.17
2007-01-04,38.89
2007-01-05,38.7
2007-01-08,38.73
2007-01-09,38.92
2007-01-10,39.38
2007-01-11,39.79
2007-01-12,39.99
2007-01-16,39.97
2007-01-17,39.64
2007-01-18,38.91
2007-01-19,38.99
2007-01-22,38.56
2007-01-23,38.47
2007-01-24,39.1
2007-01-25,38.6
2007-01-26,38.46
2007-01-29,38.49
2007-01-30,38.51
2007-01-31,38.9
2007-02-01,38.84
2007-02-02,38.98
2007-02-05,38.94
2007-02-06,38.89
2007-02-07,39.24
2007-02-08,39.23
2007-02-09,38.73
2007-02-12,38.58
2007-02-13,38.71
2007-02-14,39.37
2007-02-15,39.6
2007-02-16,39.46
2007-02-20,39.76
2007-02-21,39.89
2007-02-22,40.09
2007-02-23,39.95
2007-02-26,39.75
2007-02-27,38.12
2007-02-28,38.24
2007-03-01,38.07
2007-03-02,37.49
2007-03-05,37.2
2007-03-06,37.82
2007-03-07,37.67
2007-03-08,37.93
2007-03-09,37.89
2007-03-12,38.14
2007-03-13,37.4
2007-03-14,37.94
2007-03-15,37.86
2007-03-16,37.83
2007-03-19,38.22
2007-03-20,38.49
2007-03-21,39.23
2007-03-22,39.09
2007-03-23,38.97
2007-03-26,39.13
2007-03-27,38.85
2007-03-28,38.44
2007-03-29,38.48
2007-03-30,38.45
2007-04-02,38.5
2007-04-03,39.0
2007-04-04,39.16
2007-04-05,39.36
2007-04-09,39.26
2007-04-10,39.46
2007-04-11,39.05
2007-04-12,39.36
2007-04-13,39.43
2007-04-16,39.8
2007-04-17,39.88
2007-04-18,39.75
2007-04-19,39.88
2007-04-20,40.1
2007-04-23,40.16
2007-04-24,40.36
2007-04-25,40.9
2007-04-26,41.11
2007-04-27,41.13
2007-04-30,40.59
2007-05-01,40.56
2007-05-02,41.0
2007-05-03,41.15
2007-05-04,41.18
2007-05-07,41.18
2007-05-08,41.27
2007-05-09,41.36
2007-05-10,40.79
2007-05-11,41.32
2007-05-14,41.03
2007-05-15,40.72
2007-05-16,41.11
2007-05-17,40.92
2007-05-18,41.25
2007-05-21,41.52
2007-05-22,41.55
2007-05-23,41.36
2007-05-24,40.77
2007-05-25,41.02
2007-05-29,41.34
2007-05-30,41.68
2007-05-31,41.87
2007-06-01,41.9
2007-06-04,42.02
2007-06-05,42.02
2007-06-06,41.57
2007-06-07,40.93
2007-06-08,41.43
2007-06-11,41.35
2007-06-12,41.1
2007-06-13,41.55
2007-06-14,41.83
2007-06-15,42.21
2007-06-18,42.22
2007-06-19,42.21
2007-06-20,41.82
2007-06-21,42.2
2007-06-22,41.8
2007-06-25,41.62
2007-06-26,41.38
2007-06-27,42.02
2007-06-28,42.0
2007-06-29,42.07
2007-07-02,42.45
2007-07-03,42.7
2007-07-05,43.01
2007-07-06,43.19
2007-07-09,43.21
2007-07-10,42.85
2007-07-11,43.14
2007-07-12,43.81
2007-07-13,44.11
2007-07-16,44.06
2007-07-17,44.4
2007-07-18,44.34
2007-07-19,44.48
2007-07-20,44.24
2007-07-23,44.26
2007-07-24,43.6
2007-07-25,43.66
2007-07-26,43.29
2007-07-27,42.42
2007-07-30,42.91
2007-07-31,42.01
2007-08-01,42.34
2007-08-02,42.73
2007-08-03,41.91
2007-08-06,42.4
2007-08-07,42.7
2007-08-08,43.17
2007-08-09,42.17
2007-08-10,41.79
2007-08-13,42.07
2007-08-14,41.36
2007-08-15,40.57
2007-08-16,40.17
2007-08-17,40.93
2007-08-20,41.13
2007-08-21,41.56
2007-08-22,42.13
2007-08-23,42.01
2007-08-24,42.6
2007-08-27,42.32
2007-08-28,41.31
2007-08-29,42.5
2007-08-30,42.72
2007-08-31,43.2
2007-09-04,43.91
2007-09-05,43.47
2007-09-06,43.43
2007-09-07,42.63
2007-09-10,42.6
2007-09-11,43.25
2007-09-12,43.26
2007-09-13,43.47
2007-09-14,43.5
2007-09-17,43.14
2007-09-18,44.23
2007-09-19,44.34
2007-09-20,44.22
2007-09-21,44.54
2007-09-24,44.74
2007-09-25,45.16
2007-09-26,45.38
2007-09-27,45.61
2007-09-28,45.46
2007-10-01,45.99
2007-10-02,45.99
2007-10-03,45.68
2007-10-04,45.78
2007-10-05,46.71
2007-10-08,47.0
2007-10-09,47.21
2007-10-10,47.32
2007-10-11,46.57
2007-10-12,47.34
2007-10-15,46.98
2007-10-16,46.76
2007-10-17,47.36
2007-10-18,47.56
2007-10-19,46.37
2007-10-22,46.93
2007-10-23,47.91
2007-10-24,47.55
2007-10-25,46.91
2007-10-26,47.69
2007-10-29,47.89
2007-10-30,47.98
2007-10-31,48.67
2007-11-01,47.75
2007-11-02,48.13
2007-11-05,47.82
2007-11-06,48.36
2007-11-07,47.18
2007-11-08,45.75
2007-11-09,44.22
2007-11-12,43.09
2007-11-13,44.87
2007-11-14,44.3
2007-11-15,44.06
2007-11-16,44.46
2007-11-19,43.95
2007-11-20,44.13
2007-11-21,43.61
2007-11-23,44.08
2007-11-26,43.32
2007-11-27,44.18
2007-11-28,45.53
2007-11-29,45.72
2007-11-30,45.38
2007-12-03,45.0
2007-12-04,44.81
2007-12-05,45.61
2007-12-06,46.27
2007-12-07,46.28
2007-12-10,46.46
2007-12-11,45.38
2007-12-12,45.79
2007-12-13,45.54
2007-12-14,45.07
2007-12-17,43.98
2007-12-18,44.12
2007-12-19,44.11
2007-12-20,45.01
2007-12-21,45.9
2007-12-24,46.25
2007-12-26,46.48
2007-12-27,45.92
2007-12-28,45.87
2007-12-31,45.34
2008-01-02,44.63
2008-01-03,44.81
2008-01-04,42.85
2008-01-07,42.64
2008-01-08,41.54
2008-01-09,42.42
2008-01-10,42.48
2008-01-11,41.65
2008-01-14,42.38
2008-01-15,41.21
2008-01-16,40.77
2008-01-17,40.2
2008-01-18,40.15
2008-01-22,39.11
2008-01-23,38.96
2008-01-24,39.76
2008-01-25,38.94
2008-01-28,39.24
2008-01-29,39.31
2008-01-30,39.28
2008-01-31,39.95
2008-02-01,40.36
2008-02-04,39.79
2008-02-05,38.66
2008-02-06,37.9
2008-02-07,38.16
2008-02-08,38.6
2008-02-11,39.01
2008-02-12,38.79
2008-02-13,39.64
2008-02-14,38.93
2008-02-15,38.79
2008-02-19,38.72
2008-02-20,38.9
2008-02-21,38.53
2008-02-22,38.67
2008-02-25,38.86
2008-02-26,39.01
2008-02-27,39.21
2008-02-28,39.06
2008-02-29,38.02
2008-03-03,37.77
2008-03-04,37.99
2008-03-05,38.17
2008-03-06,37.33
2008-03-07,37.24
2008-03-10,36.53
2008-03-11,37.92
2008-03-12,37.81
2008-03-13,38.1
2008-03-14,37.4
2008-03-17,36.72
2008-03-18,38.36
2008-03-19,37.41
2008-03-20,38.18
2008-03-24,39.5
2008-03-25,39.72
2008-03-26,39.6
2008-03-27,38.73
2008-03-28,38.53
2008-03-31,38.73
2008-04-01,40.39
2008-04-02,40.3
2008-04-03,40.39
2008-04-04,40.63
2008-04-07,40.54
2008-04-08,40.23
2008-04-09,39.78
2008-04-10,40.35
2008-04-11,39.23
2008-04-14,39.05
2008-04-15,39.11
2008-04-16,40.2
2008-04-17,40.11
2008-04-18,41.38
2008-04-21,41.68
2008-04-22,41.06
2008-04-23,41.51
2008-04-24,41.88
2008-04-25,41.77
2008-04-28,41.85
2008-04-29,42.17
2008-04-30,41.83
2008-05-01,43.15
2008-05-02,43.21
2008-05-05,43.08
2008-05-06,43.35
2008-05-07,42.56
2008-05-08,42.88
2008-05-09,42.71
2008-05-12,43.49
2008-05-13,43.61
2008-05-14,43.51
2008-05-15,44.27
2008-05-16,44.31
2008-05-19,43.99
2008-05-20,43.65
2008-05-21,42.69
2008-05-22,42.84
2008-05-23,42.7
2008-05-27,43.46
2008-05-28,43.63
2008-05-29,44.02
2008-05-30,44.31
2008-06-02,43.77
2008-06-03,43.53
2008-06-04,44.09
2008-06-05,44.79
2008-06-06,43.44
2008-06-09,43.21
2008-06-10,43.0
2008-06-11,41.97
2008-06-12,42.01
2008-06-13,42.85
2008-06-16,43.23
2008-06-17,43.0
2008-06-18,42.54
2008-06-19,43.21
2008-06-20,42.04
2008-06-23,41.71
2008-06-24,41.5
2008-06-25,42.17
2008-06-26,40.47
2008-06-27,40.47
2008-06-30,40.05
2008-07-01,40.61
2008-07-02,39.64
2008-07-03,39.57
2008-07-07,39.81
2008-07-08,40.76
2008-07-09,39.67
2008-07-10,40.14
2008-07-11,39.51
2008-07-14,39.21
2008-07-15,39.22
2008-07-16,40.2
2008-07-17,40.46
2008-07-18,39.53
2008-07-21,39.7
2008-07-22,39.7
2008-07-23,40.22
2008-07-24,39.62
2008-07-25,40.14
2008-07-28,39.38
2008-07-29,40.2
2008-07-30,40.4
2008-07-31,40.3
2008-08-01,39.79
2008-08-04,39.39
2008-08-05,40.72
2008-08-06,41.34
2008-08-07,41.02
2008-08-08,41.95
2008-08-11,42.33
2008-08-12,42.38
2008-08-13,42.29
2008-08-14,42.78
2008-08-15,42.7
2008-08-18,42.2
2008-08-19,41.68
2008-08-20,41.75
2008-08-21,41.55
2008-08-22,42.1
2008-08-25,41.22
2008-08-26,41.16
2008-08-27,41.43
2008-08-28,41.77
2008-08-29,40.89
2008-09-02,40.38
2008-09-03,40.0
2008-09-04,38.71
2008-09-05,38.52
2008-09-08,38.45
2008-09-09,37.64
2008-09-10,37.95
2008-09-11,38.65
2008-09-12,38.5
2008-09-15,37.31
2008-09-16,37.6
2008-09-17,35.65
2008-09-18,36.85
2008-09-19,38.06
2008-09-22,36.27
2008-09-23,35.99
2008-09-24,36.24
2008-09-25,36.82
2008-09-26,36.44
2008-09-29,33.55
2008-09-30,34.52
2008-10-01,34.16
2008-10-02,32.6
2008-10-03,32.1
2008-10-06,30.93
2008-10-07,28.97
2008-10-08,28.74
2008-10-09,27.96
2008-10-10,27.79
2008-10-13,31.17
2008-10-14,29.82
2008-10-15,27.15
2008-10-16,28.62
2008-10-17,28.66
2008-10-20,29.45
2008-10-21,27.93
2008-10-22,27.16
2008-10-23,27.05
2008-10-24,26.18
2008-10-27,25.45
2008-10-28,28.27
2008-10-29,28.19
2008-10-30,29.13
2008-10-31,29.18
2008-11-03,29.12
2008-11-04,29.94
2008-11-05,28.38
2008-11-06,27.11
2008-11-07,27.67
2008-11-10,27.3
2008-11-11,26.7
2008-11-12,25.47
2008-11-13,27.02
2008-11-14,25.71
2008-11-17,25.17
2008-11-18,25.14
2008-11-19,23.83
2008-11-20,22.68
2008-11-21,23.66
2008-11-24,25.11
2008-11-25,24.99
2008-11-26,26.04
2008-11-28,25.83
2008-12-01,23.89
2008-12-02,24.69
2008-12-03,25.39
2008-12-04,24.67
2008-12-05,25.67
2008-12-08,26.69
2008-12-09,26.62
2008-12-10,26.54
2008-12-11,25.81
2008-12-12,26.33
2008-12-15,25.87
2008-12-16,27.11
2008-12-17,26.78
2008-12-18,26.31
2008-12-19,26.53
2008-12-22,25.95
2008-12-23,25.82
2008-12-24,25.89
2008-12-26,25.88
2008-12-29,25.67
2008-12-30,26.2
2008-12-31,26.42
2009-01-02,27.57
2009-01-05,27.56
2009-01-06,27.84
2009-01-07,27.04
2009-01-08,27.33
2009-01-09,26.72
2009-01-12,26.23
2009-01-13,26.24
2009-01-14,25.44
2009-01-15,25.85
2009-01-16,26.14
2009-01-20,24.84
2009-01-21,25.9
2009-01-22,25.55
2009-01-23,25.68
2009-01-26,25.86
2009-01-27,26.05
2009-01-28,26.96
2009-01-29,26.28
2009-01-30,25.82
2009-02-02,26.13
2009-02-03,26.54
2009-02-04,26.57
2009-02-05,27.16
2009-02-06,27.87
2009-02-09,27.99
2009-02-10,26.96
2009-02-11,26.83
2009-02-12,27.16
2009-02-13,27.04
2009-02-17,25.96
2009-02-18,25.98
2009-02-19,25.58
2009-02-20,25.65
2009-02-23,24.75
2009-02-24,25.57
2009-02-25,25.4
2009-02-26,24.69
2009-02-27,24.46
2009-03-02,23.67
2009-03-03,23.65
2009-03-04,24.28
2009-03-05,23.55
2009-03-06,23.37
2009-03-09,22.87
2009-03-10,24.28
2009-03-11,24.65
2009-03-12,25.47
2009-03-13,25.53
2009-03-16,25.11
2009-03-17,26.06
2009-03-18,26.39
2009-03-19,26.37
2009-03-20,25.97
2009-03-23,27.5
2009-03-24,26.99
2009-03-25,27.12
2009-03-26,27.95
2009-03-27,27.43
2009-03-30,26.75
2009-03-31,26.98
2009-04-01,27.38
2009-04-02,28.26
2009-04-03,28.79
2009-04-06,28.72
2009-04-07,27.96
2009-04-08,28.43
2009-04-09,29.31
2009-04-13,29.27
2009-04-14,28.91
2009-04-15,28.83
2009-04-16,29.58
2009-04-17,29.64
2009-04-20,28.69
2009-04-21,29.09
2009-04-22,29.18
2009-04-23,29.47
2009-04-24,29.98
2009-04-27,30.02
2009-04-28,29.79
2009-04-29,30.2
2009-04-30,30.51
2009-05-01,30.59
2009-05-04,31.19
2009-05-05,31.17
2009-05-06,31.17
2009-05-07,30.44
2009-05-08,30.46
2009-05-11,30.57
2009-05-12,30.2
2009-05-13,29.39
2009-05-14,29.71
2009-05-15,29.7
2009-05-18,30.47
2009-05-19,30.61
2009-05-20,30.51
2009-05-21,29.95
2009-05-22,29.85
2009-05-26,30.96
2009-05-27,30.75
2009-05-28,31.1
2009-05-29,31.49
2009-06-01,32.38
2009-06-02,32.43
2009-06-03,32.33
2009-06-04,32.7
2009-06-05,32.73
2009-06-08,32.63
2009-06-09,32.88
2009-06-10,32.77
2009-06-11,32.77
2009-06-12,32.62
2009-06-15,31.95
2009-06-16,31.64
2009-06-17,31.94
2009-06-18,31.88
2009-06-19,32.22
2009-06-22,31.26
2009-06-23,31.19
2009-06-24,31.71
2009-06-25,32.34
2009-06-26,32.41
2009-06-29,32.48
2009-06-30,32.42
2009-07-01,32.43
2009-07-02,31.72
2009-07-06,31.55
2009-07-07,30.77
2009-07-08,30.93
2009-07-09,30.98
2009-07-10,31.11
2009-07-13,31.71
2009-07-14,31.83
2009-07-15,32.9
2009-07-16,33.29
2009-07-17,33.47
2009-07-20,33.79
2009-07-21,34.02
2009-07-22,34.3
2009-07-23,35.06
2009-07-24,34.79
2009-07-27,35.06
2009-07-28,34.82
2009-07-29,35.05
2009-07-30,35.26
2009-07-31,35.15
2009-08-03,35.68
2009-08-04,35.68
2009-08-05,35.4
2009-08-06,35.09
2009-08-07,35.53
2009-08-10,35.28
2009-08-11,34.98
2009-08-12,35.53
2009-08-13,35.72
2009-08-14,35.31
2009-08-17,34.29
2009-08-18,34.78
2009-08-19,35.02
2009-08-20,35.43
2009-08-21,35.9
2009-08-24,35.86
2009-08-25,35.97
2009-08-26,35.91
2009-08-27,36.0
2009-08-28,36.03
2009-08-31,35.67
2009-09-01,35.0
2009-09-02,34.97
2009-09-03,35.2
2009-09-04,35.96
2009-09-08,36.3
2009-09-09,36.61
2009-09-10,36.96
2009-09-11,37.0
2009-09-14,37.14
2009-09-15,37.25
2009-09-16,37.8
2009-09-17,37.79
2009-09-18,37.85
2009-09-21,37.97
2009-09-22,38.04
2009-09-23,37.86
2009-09-24,37.52
2009-09-25,37.19
2009-09-28,37.82
2009-09-29,37.66
2009-09-30,37.68
2009-10-01,36.57
2009-10-02,36.46
2009-10-05,36.75
2009-10-06,37.41
2009-10-07,37.51
2009-10-08,37.67
2009-10-09,37.89
2009-10-12,37.97
2009-10-13,37.98
2009-10-14,38.49
2009-10-15,38.4
2009-10-16,38.15
2009-10-19,38.54
2009-10-20,38.55
2009-10-21,38.48
2009-10-22,38.63
2009-10-23,38.47
2009-10-26,38.34
2009-10-27,37.76
2009-10-28,36.92
2009-10-29,37.54
2009-10-30,36.53
2009-11-02,36.68
2009-11-03,36.8
2009-11-04,36.86
2009-11-05,37.77
2009-11-06,37.99
2009-11-09,38.81
2009-11-10,38.9
2009-11-11,39.15
2009-11-12,38.93
2009-11-13,39.25
2009-11-16,39.65
2009-11-17,39.78
2009-11-18,39.56
2009-11-19,38.94
2009-11-20,38.74
2009-11-23,39.37
2009-11-24,39.23
2009-11-25,39.4
2009-11-27,38.81
2009-11-30,38.85
2009-12-01,39.25
2009-12-02,39.31
2009-12-03,39.14
2009-12-04,39.35
2009-12-07,39.16
2009-12-08,38.92
2009-12-09,39.31
2009-12-10,39.51
2009-12-11,39.36
2009-12-14,39.73
2009-12-15,39.51
2009-12-16,39.56
2009-12-17,39.08
2009-12-18,39.72
2009-12-21,40.17
2009-12-22,40.41
2009-12-23,40.7
2009-12-24,41.08
2009-12-28,41.29
2009-12-29,41.12
2009-12-30,41.25
2009-12-31,40.87
2010-01-04,41.47
2010-01-05,41.47
2010-01-06,41.22
2010-01-07,41.25
2010-01-08,41.59
2010-01-11,41.42
2010-01-12,40.9
2010-01-13,41.41
2010-01-14,41.44
2010-01-15,40.96
2010-01-19,41.62
2010-01-20,41.02
2010-01-21,40.64
2010-01-22,39.45
2010-01-25,39.59
2010-01-26,39.62
2010-01-27,39.93
2010-01-28,38.91
2010-01-29,38.23
2010-02-01,38.65
2010-02-02,39.0
2010-02-03,39.21
2010-02-04,38.08
2010-02-05,38.4
2010-02-08,38.12
2010-02-09,38.51
2010-02-10,38.43
2010-02-11,39.01
2010-02-12,39.09
2010-02-16,39.59
2010-02-17,39.82
2010-02-18,40.07
2010-02-19,40.05
2010-02-22,39.97
2010-02-23,39.45
2010-02-24,39.85
2010-02-25,39.84
2010-02-26,39.99
2010-03-01,40.57
2010-03-02,40.69
2010-03-03,40.74
2010-03-04,40.87
2010-03-05,41.49
2010-03-08,41.57
2010-03-09,41.8
2010-03-10,42.14
2010-03-11,42.3
2010-03-12,42.31
2010-03-15,42.2
2010-03-16,42.47
2010-03-17,42.59
2010-03-18,42.73
2010-03-19,42.47
2010-03-22,42.86
2010-03-23,43.15
2010-03-24,42.95
2010-03-25,42.88
2010-03-26,42.93
2010-03-29,43.13
2010-03-30,43.28
2010-03-31,43.07
2010-04-01,43.07
2010-04-05,43.47
2010-04-06,43.6
2010-04-07,43.49
2010-04-08,43.59
2010-04-09,43.85
2010-04-12,43.88
2010-04-13,44.11
2010-04-14,44.64
2010-04-15,44.83
2010-04-16,44.3
2010-04-19,44.27
2010-04-20,44.49
2010-04-21,44.74
2010-04-22,44.99
2010-04-23,45.18
2010-04-26,45.08
2010-04-27,44.13
2010-04-28,44.15
2010-04-29,44.92
2010-04-30,44.04
2010-05-03,44.65
2010-05-04,43.31
2010-05-05,43.09
2010-05-06,41.65
2010-05-07,40.61
2010-05-10,42.72
2010-05-11,42.68
2010-05-12,43.48
2010-05-13,42.79
2010-05-14,41.97
2010-05-17,42.1
2010-05-18,41.52
2010-05-19,41.19
2010-05-20,39.66
2010-05-21,40.1
2010-05-24,39.94
2010-05-25,39.98
2010-05-26,39.53
2010-05-27,41.02
2010-05-28,40.78
2010-06-01,40.41
2010-06-02,41.36
2010-06-03,41.76
2010-06-04,40.33
2010-06-07,39.59
2010-06-08,39.52
2010-06-09,39.19
2010-06-10,40.31
2010-06-11,40.69
2010-06-14,40.68
2010-06-15,41.77
2010-06-16,41.94
2010-06-17,42.08
2010-06-18,42.11
2010-06-21,41.75
2010-06-22,41.43
2010-06-23,41.26
2010-06-24,40.63
2010-06-25,40.64
2010-06-28,40.5
2010-06-29,38.94
2010-06-30,38.34
2010-07-01,38.24
2010-07-02,38.13
2010-07-06,38.25
2010-07-07,39.47
2010-07-08,39.68
2010-07-09,40.06
2010-07-12,40.18
2010-07-13,40.7
2010-07-14,40.9
2010-07-15,40.94
2010-07-16,39.81
2010-07-19,40.15
2010-07-20,40.63
2010-07-21,40.08
2010-07-22,41.09
2010-07-23,41.35
2010-07-26,41.69
2010-07-27,41.68
2010-07-28,41.34
2010-07-29,41.04
2010-07-30,41.13
2010-08-02,41.9
2010-08-03,41.72
2010-08-04,42.14
2010-08-05,42.04
2010-08-06,41.98
2010-08-09,42.27
2010-08-10,41.9
2010-08-11,40.76
2010-08-12,40.44
2010-08-13,40.15
2010-08-16,40.22
2010-08-17,40.73
2010-08-18,40.89
2010-08-19,40.27
2010-08-20,40.33
2010-08-23,39.93
2010-08-24,39.19
2010-08-25,39.57
2010-08-26,39.09
2010-08-27,39.57
2010-08-30,39.15
2010-08-31,39.02
2010-09-01,40.18
2010-09-02,40.63
2010-09-03,41.31
2010-09-07,41.03
2010-09-08,41.52
2010-09-09,41.68
2010-09-10,41.84
2010-09-13,42.42
2010-09-14,42.6
2010-09-15,42.87
2010-09-16,43.04
2010-09-17,43.19
2010-09-20,43.94
2010-09-21,43.93
2010-09-22,43.82
2010-09-23,43.8
2010-09-24,44.69
2010-09-27,44.45
2010-09-28,44.43
2010-09-29,44.36
2010-09-30,44.16
2010-10-01,44.1
2010-10-04,43.63
2010-10-05,44.69
2010-10-06,44.3
2010-10-07,44.46
2010-10-08,44.77
2010-10-11,44.79
2010-10-12,45.09
2010-10-13,45.46
2010-10-14,45.37
2010-10-15,46.34
2010-10-18,46.16
2010-10-19,45.73
2010-10-20,46.07
2010-10-21,46.16
2010-10-22,46.47
2010-10-25,46.7
2010-10-26,46.82
2010-10-27,46.97
2010-10-28,47.06
2010-10-29,46.96
2010-11-01,46.99
2010-11-02,47.5
2010-11-03,47.71
2010-11-04,48.3
2010-11-05,48.3
2010-11-08,48.36
2010-11-09,48.1
2010-11-10,48.34
2010-11-11,48.04
2010-11-12,47.25
2010-11-15,47.07
2010-11-16,46.3
2010-11-17,46.43
2010-11-18,47.18
2010-11-19,47.22
2010-11-22,47.61
2010-11-23,46.86
2010-11-24,47.8
2010-11-26,47.49
2010-11-29,47.45
2010-11-30,46.88
2010-12-01,47.86
2010-12-02,48.35
2010-12-03,48.48
2010-12-06,48.46
2010-12-07,48.49
2010-12-08,48.67
2010-12-09,48.71
2010-12-10,49.03
2010-12-13,48.86
2010-12-14,48.95
2010-12-15,48.74
2010-12-16,49.12
2010-12-17,49.16
2010-12-20,49.2
2010-12-21,49.49
2010-12-22,49.48
2010-12-23,49.36
2010-12-27,49.38
2010-12-28,49.29
2010-12-29,49.4
2010-12-30,49.29
2010-12-31,49.1
2011-01-03,49.87
2011-01-04,49.84
2011-01-05,50.26
2011-01-06,50.42
2011-01-07,50.38
2011-01-10,50.57
2011-01-11,50.64
2011-01-12,51.0
2011-01-13,51.02
2011-01-14,51.4
2011-01-18,51.54
2011-01-19,50.95
2011-01-20,50.59
2011-01-21,50.2
2011-01-24,50.9
2011-01-25,50.97
2011-01-26,51.24
2011-01-27,51.56
2011-01-28,50.25
2011-01-31,50.49
2011-02-01,51.44
2011-02-02,51.36
2011-02-03,51.45
2011-02-04,51.74
2011-02-07,51.98
2011-02-08,52.32
2011-02-09,52.23
2011-02-10,52.31
2011-02-11,52.69
2011-02-14,52.82
2011-02-15,52.75
2011-02-16,53.09
2011-02-17,53.07
2011-02-18,52.96
2011-02-22,51.42
2011-02-23,51.0
2011-02-24,51.27
2011-02-25,51.98
2011-02-28,52.09
2011-03-01,51.25
2011-03-02,51.52
2011-03-03,52.54
2011-03-04,52.27
2011-03-07,51.57
2011-03-08,51.77
2011-03-09,51.42
2011-03-10,50.62
2011-03-11,50.94
2011-03-14,50.76
2011-03-15,50.03
2011-03-16,48.83
2011-03-17,49.28
2011-03-18,49.17
2011-03-21,50.11
2011-03-22,50.02
2011-03-23,50.3
2011-03-24,51.2
2011-03-25,51.32
2011-03-28,51.04
2011-03-29,51.54
2011-03-30,51.78
2011-03-31,51.86
2011-04-01,51.88
2011-04-04,51.71
2011-04-05,51.58
2011-04-06,51.7
2011-04-07,51.67
2011-04-08,51.42
2011-04-11,51.25
2011-04-12,50.9
2011-04-13,51.33
2011-04-14,51.24
2011-04-15,51.15
2011-04-18,50.79
2011-04-19,51.11
2011-04-20,52.26
2011-04-21,52.68
2011-04-25,52.81
2011-04-26,53.11
2011-04-27,53.47
2011-04-28,53.39
2011-04-29,53.35
2011-05-02,53.25
2011-05-03,52.99
2011-05-04,52.91
2011-05-05,52.62
2011-05-06,52.8
2011-05-09,52.99
2011-05-10,53.45
2011-05-11,53.06
2011-05-12,53.37
2011-05-13,52.74
2011-05-16,51.83
2011-05-17,51.97
2011-05-18,52.41
2011-05-19,52.56
2011-05-20,52.16
2011-05-23,51.4
2011-05-24,51.08
2011-05-25,51.28
2011-05-26,51.59
2011-05-27,51.86
2011-05-31,52.7
2011-06-01,51.55
2011-06-02,51.66
2011-06-03,50.88
2011-06-06,50.47
2011-06-07,50.38
2011-06-08,50.01
2011-06-09,50.1
2011-06-10,49.34
2011-06-13,49.34
2011-06-14,49.97
2011-06-15,49.02
2011-06-16,48.83
2011-06-17,48.68
2011-06-20,48.93
2011-06-21,49.98
2011-06-22,49.62
2011-06-23,50.08
2011-06-24,49.21
2011-06-27,50.0
2011-06-28,50.74
2011-06-29,50.95
2011-06-30,51.63
2011-07-01,52.41
2011-07-05,52.67
2011-07-06,52.84
2011-07-07,53.57
2011-07-08,53.42
2011-07-11,52.45
2011-07-12,52.05
2011-07-13,52.27
2011-07-14,51.66
2011-07-15,52.35
2011-07-18,52.07
2011-07-19,53.26
2011-07-20,53.03
2011-07-21,53.38
2011-07-22,53.94
2011-07-25,53.83
2011-07-26,53.96
2011-07-27,52.57
2011-07-28,52.66
2011-07-29,52.49
2011-08-01,52.24
2011-08-02,50.92
2011-08-03,51.41
2011-08-04,49.02
2011-08-05,48.71
2011-08-08,45.78
2011-08-09,47.99
2011-08-10,46.03
2011-08-11,48.05
2011-08-12,48.48
2011-08-15,49.19
2011-08-16,48.78
2011-08-17,48.49
2011-08-18,46.11
2011-08-19,45.28
2011-08-22,45.44
2011-08-23,47.31
2011-08-24,47.68
2011-08-25,46.9
2011-08-26,48.08
2011-08-29,49.42
2011-08-30,49.75
2011-08-31,49.83
2011-09-01,49.38
2011-09-02,48.22
2011-09-06,48.23
2011-09-07,49.45
2011-09-08,49.22
2011-09-09,48.13
2011-09-12,48.74
2011-09-13,49.39
2011-09-14,50.1
2011-09-15,50.84
2011-09-16,51.31
2011-09-19,51.33
2011-09-20,51.1
2011-09-21,50.21
2011-09-22,48.58
2011-09-23,49.09
2011-09-26,49.67
2011-09-27,50.18
2011-09-28,49.44
2011-09-29,48.85
2011-09-30,47.59
2011-10-03,46.37
2011-10-04,47.32
2011-10-05,48.53
2011-10-06,49.35
2011-10-07,49.02
2011-10-10,50.72
2011-10-11,51.06
2011-10-12,51.32
2011-10-13,51.79
2011-10-14,52.75
2011-10-17,51.93
2011-10-18,52.58
2011-10-19,51.56
2011-10-20,51.31
2011-10-21,51.95
2011-10-24,53.03
2011-10-25,51.99
2011-10-26,51.92
2011-10-27,53.36
2011-10-28,53.44
2011-10-31,52.54
2011-11-01,51.17
2011-11-02,51.61
2011-11-03,52.68
2011-11-04,52.4
2011-11-07,52.78
2011-11-08,53.38
2011-11-09,51.51
2011-11-10,51.48
2011-11-11,52.45
2011-11-14,52.12
2011-11-15,52.7
2011-11-16,51.83
2011-11-17,50.62
2011-11-18,50.23
2011-11-21,49.27
2011-11-22,49.43
2011-11-23,48.32
2011-11-25,47.94
2011-11-28,49.61
2011-11-29,49.3
2011-11-30,51.13
2011-12-01,51.48
2011-12-02,51.33
2011-12-05,51.9
2011-12-06,51.75
2011-12-07,51.75
2011-12-08,50.88
2011-12-09,51.7
2011-12-12,51.12
2011-12-13,50.55
2011-12-14,49.77
2011-12-15,49.63
2011-12-16,49.89
2011-12-19,49.39
2011-12-20,50.86
2011-12-21,50.13
2011-12-22,50.56
2011-12-23,50.99
2011-12-27,51.18
2011-12-28,50.59
2011-12-29,50.96
2011-12-30,50.81
2012-01-03,51.79
2012-01-04,52.0
2012-01-05,52.43
2012-01-06,52.61
2012-01-09,52.44
2012-01-10,52.82
2012-01-11,52.93
2012-01-12,53.14
2012-01-13,52.95
2012-01-17,53.43
2012-01-18,54.14
2012-01-19,54.48
2012-01-20,54.4
2012-01-23,54.42
2012-01-24,54.32
2012-01-25,55.0
2012-01-26,54.81
2012-01-27,54.97
2012-01-30,55.02
2012-01-31,55.09
2012-02-01,55.54
2012-02-02,55.71
2012-02-03,56.47
2012-02-06,56.43
2012-02-07,56.55
2012-02-08,56.85
2012-02-09,57.26
2012-02-10,56.85
2012-02-13,57.38
2012-02-14,57.53
2012-02-15,57.13
2012-02-16,57.91
2012-02-17,57.73
2012-02-21,57.89
2012-02-22,57.63
2012-02-23,58.01
2012-02-24,58.21
2012-02-27,58.29
2012-02-28,58.88
2012-02-29,58.62
2012-03-01,59.08
2012-03-02,59.04
2012-03-05,58.43
2012-03-06,57.86
2012-03-07,58.3
2012-03-08,58.93
2012-03-09,59.18
2012-03-12,59.2
2012-03-13,60.3
2012-03-14,60.51
2012-03-15,60.69
2012-03-16,60.64
2012-03-19,61.07
2012-03-20,61.18
2012-03-21,61.19
2012-03-22,61.06
2012-03-23,61.03
2012-03-26,62.09
2012-03-27,62.18
2012-03-28,61.94
2012-03-29,61.7
2012-03-30,61.58
2012-04-02,62.22
2012-04-03,62.2
2012-04-04,61.35
2012-04-05,61.74
2012-04-09,61.27
2012-04-10,60.29
2012-04-11,60.58
2012-04-12,61.27
2012-04-13,60.34
2012-04-16,59.67
2012-04-17,60.88
2012-04-18,60.73
2012-04-19,60.04
2012-04-20,59.88
2012-04-23,59.33
2012-04-24,59.01
2012-04-25,60.58
2012-04-26,60.94
2012-04-27,61.3
2012-04-30,60.86
2012-05-01,60.96
2012-05-02,61.14
2012-05-03,60.49
2012-05-04,58.98
2012-05-07,59.04
2012-05-08,58.82
2012-05-09,58.64
2012-05-10,58.52
2012-05-11,58.51
2012-05-14,57.96
2012-05-15,57.77
2012-05-16,57.38
2012-05-17,56.17
2012-05-18,55.44
2012-05-21,56.99
2012-05-22,56.92
2012-05-23,57.03
2012-05-24,56.66
2012-05-25,56.59
2012-05-29,57.31
2012-05-30,56.82
2012-05-31,56.58
2012-06-01,55.07
2012-06-04,55.49
2012-06-05,55.72
2012-06-06,57.0
2012-06-07,56.77
2012-06-08,57.32
2012-06-11,56.35
2012-06-12,57.03
2012-06-13,56.64
2012-06-14,56.85
2012-06-15,57.56
2012-06-18,58.1
2012-06-19,58.7
2012-06-20,58.75
2012-06-21,57.28
2012-06-22,57.89
2012-06-25,56.77
2012-06-26,57.13
2012-06-27,57.48
2012-06-28,56.84
2012-06-29,58.63
2012-07-02,58.8
2012-07-03,59.29
2012-07-05,59.33
2012-07-06,58.59
2012-07-09,58.48
2012-07-10,57.9
2012-07-11,57.58
2012-07-12,57.05
2012-07-13,57.91
2012-07-16,57.75
2012-07-17,58.05
2012-07-18,58.84
2012-07-19,59.49
2012-07-20,58.7
2012-07-23,57.99
2012-07-24,57.53
2012-07-25,57.15
2012-07-26,57.9
2012-07-27,59.28
2012-07-30,59.23
2012-07-31,59.21
2012-08-01,59.04
2012-08-02,58.83
2012-08-03,59.94
2012-08-06,60.4
2012-08-07,60.9
2012-08-08,60.87
2012-08-09,61.06
2012-08-10,61.09
2012-08-13,61.24
2012-08-14,61.27
2012-08-15,61.42
2012-08-16,62.15
2012-08-17,62.43
2012-08-20,62.52
2012-08-21,62.27
2012-08-22,62.53
2012-08-23,62.02
2012-08-24,62.4
2012-08-27,62.5
2012-08-28,62.5
2012-08-29,62.5
2012-08-30,61.87
2012-08-31,62.28
2012-09-04,62.22
2012-09-05,62.15
2012-09-06,63.53
2012-09-07,63.44
2012-09-10,62.63
2012-09-11,62.53
2012-09-12,62.71
2012-09-13,63.56
2012-09-14,64.13
2012-09-17,64.15
2012-09-18,64.21
2012-09-19,64.33
2012-09-20,64.26
2012-09-21,64.28
2012-09-24,63.91
2012-09-25,63.01
2012-09-26,62.5
2012-09-27,63.36
2012-09-28,62.83
2012-10-01,62.74
2012-10-02,62.93
2012-10-03,63.33
2012-10-04,63.55
2012-10-05,63.21
2012-10-08,62.63
2012-10-09,61.63
2012-10-10,61.32
2012-10-11,61.13
2012-10-12,61.1
2012-10-15,61.55
2012-10-16,62.42
2012-10-17,62.39
2012-10-18,61.66
2012-10-19,60.19
2012-10-22,60.5
2012-10-23,59.92
2012-10-24,59.71
2012-10-25,59.71
2012-10-26,59.88
2012-10-31,59.52
2012-11-01,60.36
2012-11-02,59.72
2012-11-05,60.11
2012-11-06,60.22
2012-11-07,58.8
2012-11-08,57.88
2012-11-09,58.12
2012-11-12,58.12
2012-11-13,57.71
2012-11-14,57.03
2012-11-15,56.84
2012-11-16,57.09
2012-11-19,58.45
2012-11-20,58.46
2012-11-21,58.58
2012-11-23,59.47
2012-11-26,59.73
2012-11-27,59.53
2012-11-28,60.04
2012-11-29,60.4
2012-11-30,60.3
2012-12-03,60.18
2012-12-04,60.14
2012-12-05,59.47
2012-12-06,59.86
2012-12-07,59.5
2012-12-10,59.67
2012-12-11,60.45
2012-12-12,60.32
2012-12-13,59.85
2012-12-14,59.28
2012-12-17,60.07
2012-12-18,60.98
2012-12-19,60.72
2012-12-20,60.72
2012-12-21,60.08
2012-12-24,59.96
2012-12-26,59.43
2012-12-27,59.34
2012-12-28,58.77
2012-12-31,60.02
2013-01-02,61.92
2013-01-03,61.6
2013-01-04,61.4
2013-01-07,61.42
2013-01-08,61.3
2013-01-09,61.53
2013-01-10,61.89
2013-01-11,61.98
2013-01-14,61.7
2013-01-15,61.4
2013-01-16,61.65
2013-01-17,61.94
2013-01-18,61.8
2013-01-22,61.9
2013-01-23,62.28
2013-01-24,61.42
2013-01-25,61.74
2013-01-28,61.88
2013-01-29,61.89
2013-01-30,61.76
2013-01-31,61.62
2013-02-01,62.35
2013-02-04,61.26
2013-02-05,62.16
2013-02-06,61.96
2013-02-07,62.01
2013-02-08,62.65
2013-02-11,62.67
2013-02-12,62.41
2013-02-13,62.63
2013-02-14,62.61
2013-02-15,62.43
2013-02-19,62.88
2013-02-20,61.91
2013-02-21,61.25
2013-02-22,61.87
2013-02-25,61.1
2013-02-26,61.33
2013-02-27,61.96
2013-02-28,61.83
2013-03-01,62.09
2013-03-04,62.36
2013-03-05,63.29
2013-03-06,63.13
2013-03-07,63.3
2013-03-08,63.37
2013-03-11,63.55
2013-03-12,63.32
2013-03-13,63.24
2013-03-14,63.45
2013-03-15,63.28
2013-03-18,63.14
2013-03-19,63.02
2013-03-20,63.46
2013-03-21,62.74
2013-03-22,63.35
2013-03-25,63.12
2013-03-26,63.46
2013-03-27,63.54
2013-03-28,63.7
2013-04-01,63.27
2013-04-02,63.77
2013-04-03,63.18
2013-04-04,63.2
2013-04-05,62.68
2013-04-08,63.01
2013-04-09,63.43
2013-04-10,64.67
2013-04-11,64.64
2013-04-12,64.6
2013-04-15,63.32
2013-04-16,64.16
2013-04-17,62.91
2013-04-18,62.04
2013-04-19,62.89
2013-04-22,63.53
2013-04-23,64.14
2013-04-24,64.12
2013-04-25,64.46
2013-04-26,64.25
2013-04-29,64.85
2013-04-30,65.32
2013-05-01,65.01
2013-05-02,65.83
2013-05-03,66.61
2013-05-06,66.87
2013-05-07,66.83
2013-05-08,67.15
2013-05-09,67.06
2013-05-10,67.47
2013-05-13,67.55
2013-05-14,67.9
2013-05-15,68.04
2013-05-16,67.97
2013-05-17,68.62
2013-05-20,68.52
2013-05-21,68.6
2013-05-22,68.0
2013-05-23,67.84
2013-05-24,67.8
2013-05-28,68.24
2013-05-29,67.92
2013-05-30,68.28
2013-05-31,67.65
2013-06-03,67.77
2013-06-04,67.42
2013-06-05,66.55
2013-06-06,66.87
2013-06-07,67.78
2013-06-10,67.81
2013-06-11,67.14
2013-06-12,66.36
2013-06-13,67.2
2013-06-14,66.76
2013-06-17,67.4
2013-06-18,67.96
2013-06-19,67.2
2013-06-20,65.6
2013-06-21,65.25
2013-06-24,64.61
2013-06-25,65.08
2013-06-26,65.66
2013-06-27,65.94
2013-06-28,66.03
2013-07-01,66.44
2013-07-02,66.47
2013-07-03,66.74
2013-07-05,67.25
2013-07-08,67.31
2013-07-09,67.72
2013-07-10,68.11
2013-07-11,69.46
2013-07-12,69.77
2013-07-15,69.92
2013-07-16,69.83
2013-07-17,70.01
2013-07-18,69.83
2013-07-19,69.11
2013-07-22,69.31
2013-07-23,68.8
2013-07-24,69.03
2013-07-25,69.46
2013-07-26,69.83
2013-07-29,69.7
2013-07-30,70.07
2013-07-31,70.2
2013-08-01,70.92
2013-08-02,71.31
2013-08-05,71.36
2013-08-06,70.93
2013-08-07,70.8
2013-08-08,71.16
2013-08-09,70.87
2013-08-12,71.04
2013-08-13,71.43
2013-08-14,71.17
2013-08-15,69.96
2013-08-16,69.93
2013-08-19,69.81
2013-08-20,70.12
2013-08-21,69.88
2013-08-22,70.56
2013-08-23,71.04
2013-08-26,71.07
2013-08-27,69.62
2013-08-28,69.89
2013-08-29,70.38
2013-08-30,69.92
2013-09-03,70.32
2013-09-04,71.07
2013-09-05,71.19
2013-09-06,71.28
2013-09-09,72.11
2013-09-10,72.46
2013-09-11,72.32
2013-09-12,72.28
2013-09-13,72.32
2013-09-16,72.13
2013-09-17,72.61
2013-09-18,73.48
2013-09-19,73.66
2013-09-20,73.41
2013-09-23,73.26
2013-09-24,73.26
2013-09-25,73.01
2013-09-26,73.57
2013-09-27,73.48
2013-09-30,73.3
2013-10-01,74.05
2013-10-02,74.02
2013-10-03,73.15
2013-10-04,73.79
2013-10-07,73.17
2013-10-08,71.76
2013-10-09,71.54
2013-10-10,73.05
2013-10-11,73.63
2013-10-14,74.15
2013-10-15,73.86
2013-10-16,74.7
2013-10-17,75.12
2013-10-18,76.34
2013-10-21,76.51
2013-10-22,76.62
2013-10-23,76.16
2013-10-24,76.49
2013-10-25,77.04
2013-10-28,77.06
2013-10-29,77.19
2013-10-30,77.11
2013-10-31,76.94
2013-11-01,76.96
2013-11-04,77.07
2013-11-05,77.15
2013-11-06,77.13
2013-11-07,75.68
2013-11-08,76.7
2013-11-11,76.58
2013-11-12,76.7
2013-11-13,77.63
2013-11-14,77.88
2013-11-15,78.02
2013-11-18,77.26
2013-11-19,77.04
2013-11-20,76.85
2013-11-21,77.63
2013-11-22,78.05
2013-11-25,78.24
2013-11-26,78.65
2013-11-27,79.2
2013-11-29,79.67
2013-12-02,79.44
2013-12-03,79.37
2013-12-04,79.45
2013-12-05,79.34
2013-12-06,79.92
2013-12-09,80.25
2013-12-10,80.19
2013-12-11,79.16
2013-12-12,78.95
2013-12-13,78.85
2013-12-16,79.29
2013-12-17,79.13
2013-12-18,80.05
2013-12-19,79.83
2013-12-20,80.64
2013-12-23,81.49
2013-12-24,81.53
2013-12-26,81.8
2013-12-27,81.59
2013-12-30,81.47
2013-12-31,82.0
2014-01-02,81.36
2014-01-03,80.77
2014-01-06,80.47
2014-01-07,81.22
2014-01-08,81.4
2014-01-09,81.12
2014-01-10,81.39
2014-01-13,80.18
2014-01-14,81.71
2014-01-15,82.38
2014-01-16,82.39
2014-01-17,81.93
2014-01-21,82.55
2014-01-22,82.77
2014-01-23,82.49
2014-01-24,80.86
2014-01-27,80.08
2014-01-28,80.03
2014-01-29,79.18
2014-01-30,80.64
2014-01-31,80.43
2014-02-03,78.58
2014-02-04,79.16
2014-02-05,78.95
2014-02-06,79.96
2014-02-07,81.39
2014-02-10,81.85
2014-02-11,82.78
2014-02-12,82.94
2014-02-13,83.56
2014-02-14,83.73
2014-02-18,84.14
2014-02-19,83.56
2014-02-20,83.95
2014-02-21,83.84
2014-02-24,84.29
2014-02-25,84.19
2014-02-26,84.12
2014-02-27,84.66
2014-02-28,84.57
2014-03-03,83.94
2014-03-04,85.01
2014-03-05,85.24
2014-03-06,85.17
2014-03-07,84.75
2014-03-10,84.82
2014-03-11,84.46
2014-03-12,84.78
2014-03-13,83.58
2014-03-14,83.01
2014-03-17,83.74
2014-03-18,84.75
2014-03-19,84.29
2014-03-20,84.52
2014-03-21,83.51
2014-03-24,82.77
2014-03-25,83.05
2014-03-26,81.98
2014-03-27,81.52
2014-03-28,81.68
2014-03-31,82.26
2014-04-01,83.7
2014-04-02,83.92
2014-04-03,83.25
2014-04-04,81.04
2014-04-07,80.27
2014-04-08,81.01
2014-04-09,82.4
2014-04-10,79.85
2014-04-11,78.92
2014-04-14,79.54
2014-04-15,79.8
2014-04-16,80.86
2014-04-17,80.88
2014-04-21,81.48
2014-04-22,82.13
2014-04-23,81.4
2014-04-24,82.18
2014-04-25,80.87
2014-04-28,81.13
2014-04-29,81.78
2014-04-30,81.99
2014-05-01,82.24
2014-05-02,82.09
2014-05-05,82.52
2014-05-06,81.45
2014-05-07,81.22
2014-05-08,81.14
2014-05-09,81.44
2014-05-12,82.78
2014-05-13,82.84
2014-05-14,82.41
2014-05-15,81.76
2014-05-16,82.3
2014-05-19,82.87
2014-05-20,82.57
2014-05-21,83.36
2014-05-22,83.72
2014-05-23,84.33
2014-05-27,85.38
2014-05-28,85.12
2014-05-29,85.66
2014-05-30,85.67
2014-06-02,85.59
2014-06-03,85.55
2014-06-04,85.87
2014-06-05,86.59
2014-06-06,87.09
2014-06-09,87.02
2014-06-10,87.17
2014-06-11,87.16
2014-06-12,86.37
2014-06-13,86.62
2014-06-16,86.7
2014-06-17,86.74
2014-06-18,87.23
2014-06-19,87.17
2014-06-20,87.28
2014-06-23,87.3
2014-06-24,87.21
2014-06-25,87.77
2014-06-26,87.81
2014-06-27,88.2
2014-06-30,88.35
2014-07-01,89.32
2014-07-02,89.47
2014-07-03,90.03
2014-07-07,89.76
2014-07-08,88.68
2014-07-09,89.34
2014-07-10,89.05
2014-07-11,89.63
2014-07-14,90.16
2014-07-15,89.85
2014-07-16,90.21
2014-07-17,89.02
2014-07-18,90.43
2014-07-21,90.32
2014-07-22,90.89
2014-07-23,91.47
2014-07-24,91.37
2014-07-25,91.01
2014-07-28,91.04
2014-07-29,90.88
2014-07-30,91.24
2014-07-31,89.39
2014-08-01,89.06
2014-08-04,89.68
2014-08-05,88.99
2014-08-06,88.92
2014-08-07,88.64
2014-08-08,89.28
2014-08-11,89.81
2014-08-12,89.77
2014-08-13,90.72
2014-08-14,91.19
2014-08-15,91.63
2014-08-18,92.34
2014-08-19,92.86
2014-08-20,92.86
2014-08-21,93.04
2014-08-22,93.18
2014-08-25,93.51
2014-08-26,93.61
2014-08-27,93.63
2014-08-28,93.52
2014-08-29,93.87
2014-09-02,94.14
2014-09-03,93.59
2014-09-04,93.5
2014-09-05,93.98
2014-09-08,94.15
2014-09-09,93.37
2014-09-10,94.14
2014-09-11,94.07
2014-09-12,93.59
2014-09-15,92.69
2014-09-16,93.5
2014-09-17,93.64
2014-09-18,94.34
2014-09-19,94.28
2014-09-22,93.41
2014-09-23,93.15
2014-09-24,94.15
2014-09-25,92.17
2014-09-26,93.15
2014-09-29,93.03
2014-09-30,93.16
2014-10-01,91.67
2014-10-02,91.67
2014-10-03,92.58
2014-10-06,92.38
2014-10-07,91.07
2014-10-08,92.84
2014-10-09,91.34
2014-10-10,89.06
2014-10-13,87.66
2014-10-14,87.67
2014-10-15,87.11
2014-10-16,86.56
2014-10-17,87.7
2014-10-20,89.01
2014-10-21,91.35
2014-10-22,90.88
2014-10-23,92.25
2014-10-24,93.0
2014-10-27,93.07
2014-10-28,94.47
2014-10-29,94.12
2014-10-30,94.32
2014-10-31,95.62
2014-11-03,95.91
2014-11-04,95.58
2014-11-05,95.59
2014-11-06,95.9
2014-11-07,95.81
2014-11-10,96.15
2014-11-11,96.45
2014-11-12,96.62
2014-11-13,97.04
2014-11-14,97.34
2014-11-17,97.05
2014-11-18,97.77
2014-11-19,97.33
2014-11-20,97.76
2014-11-21,97.95
2014-11-24,98.72
2014-11-25,98.87
2014-11-26,99.51
2014-11-28,99.97
2014-12-01,98.84
2014-12-02,99.23
2014-12-03,99.41
2014-12-04,99.37
2014-12-05,99.38
2014-12-08,98.67
2014-12-09,98.98
2014-12-10,97.42
2014-12-11,97.89
2014-12-12,96.82
2014-12-15,95.82
2014-12-16,94.28
2014-12-17,96.0
2014-12-18,98.31
2014-12-19,98.74
2014-12-22,98.99
2014-12-23,98.64
2014-12-24,98.72
2014-12-26,99.42
2014-12-29,99.41
2014-12-30,98.74
2014-12-31,97.73
2015-01-02,97.44
2015-01-05,96.01
2015-01-06,94.72
2015-01-07,95.94
2015-01-08,97.78
2015-01-09,97.13
2015-01-12,96.12
2015-01-13,96.09
2015-01-14,95.56
2015-01-15,94.32
2015-01-16,95.43
2015-01-20,96.19
2015-01-21,96.68
2015-01-22,98.47
2015-01-23,98.69
2015-01-26,98.57
2015-01-27,96.02
2015-01-28,95.52
2015-01-29,96.44
2015-01-30,95.69
2015-02-02,96.53
2015-02-03,97.46
2015-02-04,97.37
2015-02-05,98.21
2015-02-06,97.62
2015-02-09,97.3
2015-02-10,98.82
2015-02-11,99.18
2015-02-12,100.33
2015-02-13,101.19
2015-02-17,101.29
2015-02-18,101.43
2015-02-19,101.93
2015-02-20,102.61
2015-02-23,102.72
2015-02-24,102.79
2015-02-25,102.54
2015-02-26,103.06
2015-02-27,102.6
2015-03-02,103.53
2015-03-03,103.05
2015-03-04,102.65
2015-03-05,102.83
2015-03-06,101.67
2015-03-09,101.96
2015-03-10,100.07
2015-03-11,99.49
2015-03-12,100.14
2015-03-13,99.71
2015-03-16,101.0
2015-03-17,101.16
2015-03-18,102.15
2015-03-19,102.3
2015-03-20,102.96
2015-03-23,102.76
2015-03-24,102.39
2015-03-25,100.05
2015-03-26,99.71
2015-03-27,100.11
2015-03-30,101.26
2015-03-31,100.18
2015-04-01,99.66
2015-04-02,99.73
2015-04-06,100.54
2015-04-07,100.37
2015-04-08,101.17
2015-04-09,101.81
2015-04-10,102.22
2015-04-13,101.97
2015-04-14,101.67
2015-04-15,102.31
2015-04-16,102.17
2015-04-17,100.57
2015-04-20,102.08
2015-04-21,102.52
2015-04-22,103.08
2015-04-23,103.47
2015-04-24,104.87
2015-04-27,104.61
2015-04-28,104.4
2015-04-29,103.74
2015-04-30,102.11
2015-05-01,103.46
2015-05-04,103.63
2015-05-05,101.94
2015-05-06,101.24
2015-05-07,101.84
2015-05-08,103.12
2015-05-11,102.72
2015-05-12,102.25
2015-05-13,102.46
2015-05-14,103.96
2015-05-15,103.96
2015-05-18,104.42
2015-05-19,104.3
2015-05-20,104.37
2015-05-21,104.91
2015-05-22,104.8
2015-05-26,103.6
2015-05-27,105.27
2015-05-28,105.03
2015-05-29,104.41
2015-06-01,104.76
2015-06-02,104.42
2015-06-03,104.74
2015-06-04,103.94
2015-06-05,103.69
2015-06-08,102.64
2015-06-09,102.47
2015-06-10,103.87
2015-06-11,104.03
2015-06-12,103.17
2015-06-15,102.66
2015-06-16,103.22
2015-06-17,103.5
2015-06-18,105.01
2015-06-19,104.49
2015-06-22,105.26
2015-06-23,105.35
2015-06-24,104.81
2015-06-25,104.6
2015-06-26,103.9
2015-06-29,101.45
2015-06-30,101.81
2015-07-01,102.62
2015-07-02,102.65
2015-07-06,102.41
2015-07-07,102.67
2015-07-08,100.88
2015-07-09,100.82
2015-07-10,102.36
2015-07-13,104.16
2015-07-14,104.85
2015-07-15,104.96
2015-07-16,106.44
2015-07-17,108.01
2015-07-20,108.38
2015-07-21,108.32
2015-07-22,107.09
2015-07-23,106.69
2015-07-24,105.64
2015-07-27,104.77
2015-07-28,105.67
2015-07-29,106.07
2015-07-30,106.58
2015-07-31,106.45
2015-08-03,106.12
2015-08-04,105.92
2015-08-05,106.74
2015-08-06,105.03
2015-08-07,104.89
2015-08-10,106.09
2015-08-11,104.73
2015-08-12,105.09
2015-08-13,104.92
2015-08-14,105.08
2015-08-17,105.96
2015-08-18,105.42
2015-08-19,104.72
2015-08-20,101.82
2015-08-21,97.37
2015-08-24,93.63
2015-08-25,93.27
2015-08-26,97.97
2015-08-27,100.45
2015-08-28,100.43
2015-08-31,99.19
2015-09-01,96.09
2015-09-02,98.8
2015-09-03,98.31
2015-09-04,97.14
2015-09-08,99.88
2015-09-09,98.76
2015-09-10,99.83
2015-09-11,100.39
2015-09-14,100.08
2015-09-15,101.26
2015-09-16,101.83
2015-09-17,101.87
2015-09-18,100.42
2015-09-21,100.74
2015-09-22,99.23
2015-09-23,99.31
2015-09-24,98.94
2015-09-25,98.1
2015-09-28,95.31
2015-09-29,94.82
2015-09-30,97.0
2015-10-01,97.44
2015-10-02,99.14
2015-10-05,100.56
2015-10-06,100.09
2015-10-07,100.69
2015-10-08,101.09
2015-10-09,101.55
2015-10-12,101.79
2015-10-13,101.14
2015-10-14,100.97
2015-10-15,102.63
2015-10-16,103.06
2015-10-19,103.65
2015-10-20,103.12
2015-10-21,102.49
2015-10-22,104.58
2015-10-23,107.5
2015-10-26,107.57
2015-10-27,107.79
2015-10-28,108.68
2015-10-29,108.51
2015-10-30,108.03
2015-11-02,109.25
2015-11-03,109.63
2015-11-04,109.64
2015-11-05,109.34
2015-11-06,109.42
2015-11-09,108.26
2015-11-10,107.98
2015-11-11,107.85
2015-11-12,106.8
2015-11-13,104.7
2015-11-16,106.21
2015-11-17,106.27
2015-11-18,108.31
2015-11-19,108.39
2015-11-20,109.12
2015-11-23,108.81
2015-11-24,108.71
2015-11-25,108.81
2015-11-27,108.96
2015-11-30,108.68
2015-12-01,109.77
2015-12-02,109.09
2015-12-03,107.25
2015-12-04,109.75
2015-12-07,109.26
2015-12-08,109.27
2015-12-09,107.61
2015-12-10,108.09
2015-12-11,105.61
2015-12-14,106.41
2015-12-15,107.06
2015-12-16,108.65
2015-12-17,107.06
2015-12-18,105.01
2015-12-21,106.18
2015-12-22,106.88
2015-12-23,107.67
2015-12-24,107.65
2015-12-28,107.59
2015-12-29,109.28
2015-12-30,108.3
2015-12-31,106.95
2016-01-04,104.7
2016-01-05,104.51
2016-01-06,103.51
2016-01-07,100.27
2016-01-08,99.45
2016-01-11,99.75
2016-01-12,100.91
2016-01-13,97.43
2016-01-14,99.5
2016-01-15,96.42
2016-01-19,96.63
2016-01-20,96.33
2016-01-21,96.42
2016-01-22,99.22
2016-01-25,97.74
2016-01-26,98.62
2016-01-27,96.17
2016-01-28,97.52
2016-01-29,99.56
2016-02-01,99.83
2016-02-02,97.67
2016-02-03,97.2
2016-02-04,97.19
2016-02-05,93.81
2016-02-08,92.38
2016-02-09,92.09
2016-02-10,92.45
2016-02-11,92.31
2016-02-12,93.72
2016-02-16,95.83
2016-02-17,98.0
2016-02-18,96.88
2016-02-19,97.17
2016-02-22,98.75
2016-02-23,97.12
2016-02-24,98.05
2016-02-25,99.02
2016-02-26,98.89
2016-02-29,98.0
2016-03-01,101.15
2016-03-02,101.19
2016-03-03,101.0
2016-03-04,101.03
2016-03-07,100.41
2016-03-08,99.58
2016-03-09,100.22
2016-03-10,100.07
2016-03-11,101.82
2016-03-14,101.99
2016-03-15,101.95
2016-03-16,102.86
2016-03-17,102.8
2016-03-18,102.96
2016-03-21,103.37
2016-03-22,103.68
2016-03-23,102.83
2016-03-24,102.86
2016-03-28,102.71
2016-03-29,104.36
2016-03-30,104.87
2016-03-31,104.72
2016-04-01,105.83
2016-04-04,105.43
2016-04-05,104.41
2016-04-06,106.13
2016-04-07,104.6
2016-04-08,104.53
2016-04-11,104.14
2016-04-12,105.02
2016-04-13,106.36
2016-04-14,106.37
2016-04-15,106.1
2016-04-18,106.66
2016-04-19,106.01
2016-04-20,106.1
2016-04-21,106.11
2016-04-22,104.51
2016-04-25,104.51
2016-04-26,104.0
2016-04-27,103.16
2016-04-28,101.92
2016-04-29,101.38
2016-05-02,102.34
2016-05-03,101.39
2016-05-04,100.74
2016-05-05,100.71
2016-05-06,101.25
2016-05-09,101.53
2016-05-10,102.92
2016-05-11,101.99
2016-05-12,101.54
2016-05-13,101.17
2016-05-16,102.44
2016-05-17,101.15
2016-05-18,101.52
2016-05-19,100.99
2016-05-20,102.1
2016-05-23,101.97
2016-05-24,104.01
2016-05-25,104.76
2016-05-26,105.06
2016-05-27,105.61
2016-05-31,105.81
2016-06-01,105.82
2016-06-02,106.04
2016-06-03,105.54
2016-06-06,105.93
2016-06-07,105.66
2016-06-08,105.84
2016-06-09,105.67
2016-06-10,104.47
2016-06-13,103.6
2016-06-14,103.6
2016-06-15,103.3
2016-06-16,103.61
2016-06-17,102.39
2016-06-20,103.04
2016-06-21,103.36
2016-06-22,103.11
2016-06-23,104.58
2016-06-24,100.28
2016-06-27,98.29
2016-06-28,100.44
2016-06-29,102.22
2016-06-30,103.4
2016-07-01,103.92
2016-07-05,103.29
2016-07-06,104.13
2016-07-07,104.44
2016-07-08,106.05
2016-07-11,106.66
2016-07-12,107.2
2016-07-13,106.94
2016-07-14,107.67
2016-07-15,107.5
2016-07-18,108.21
2016-07-19,107.81
2016-07-20,109.07
2016-07-21,108.82
2016-07-22,109.28
2016-07-25,109.29
2016-07-26,109.41
2016-07-27,110.17
2016-07-28,110.55
2016-07-29,110.79
2016-08-01,111.38
2016-08-02,110.54
2016-08-03,110.9
2016-08-04,111.22
2016-08-05,112.29
2016-08-08,112.16
2016-08-09,112.42
2016-08-10,112.13
2016-08-11,112.61
2016-08-12,112.69
2016-08-15,113.17
2016-08-16,112.54
2016-08-17,112.75
2016-08-18,112.78
2016-08-19,112.75
2016-08-22,112.83
2016-08-23,113.04
2016-08-24,112.3
2016-08-25,112.12
2016-08-26,112.29
2016-08-29,112.44
2016-08-30,112.07
2016-08-31,111.96
2016-09-01,112.25
2016-09-02,112.61
2016-09-06,113.31
2016-09-07,113.38
2016-09-08,112.72
2016-09-09,109.88
2016-09-12,111.85
2016-09-13,110.85
2016-09-14,111.38
2016-09-15,113.11
2016-09-16,113.06
2016-09-19,112.57
2016-09-20,112.78
2016-09-21,113.89
2016-09-22,114.79
2016-09-23,114.06
2016-09-26,113.11
2016-09-27,114.22
2016-09-28,114.42
2016-09-29,113.59
2016-09-30,114.44
2016-10-03,114.27
2016-10-04,114.1
2016-10-05,114.5
2016-10-06,114.45
2016-10-07,114.2
2016-10-10,114.92
2016-10-11,113.28
2016-10-12,113.18
2016-10-13,112.78
2016-10-14,112.91
2016-10-17,112.61
2016-10-18,113.61
2016-10-19,113.6
2016-10-20,113.46
2016-10-21,113.89
2016-10-24,115.26
2016-10-25,114.89
2016-10-26,114.11
2016-10-27,113.59
2016-10-28,112.88
2016-10-31,112.77
2016-11-01,111.92
2016-11-02,111.02
2016-11-03,109.94
2016-11-04,109.55
2016-11-07,112.15
2016-11-08,112.88
2016-11-09,113.41
2016-11-10,111.57
2016-11-11,111.62
2016-11-14,110.49
2016-11-15,112.03
2016-11-16,112.69
2016-11-17,113.51
2016-11-18,113.09
2016-11-21,114.26
2016-11-22,114.61
2016-11-23,114.15
2016-11-25,114.51
2016-11-28,114.25
2016-11-29,114.65
2016-11-30,113.26
2016-12-01,111.3
2016-12-02,111.53
2016-12-05,112.39
2016-12-06,112.66
2016-12-07,114.09
2016-12-08,114.29
2016-12-09,115.19
2016-12-12,114.67
2016-12-13,116.11
2016-12-14,115.87
2016-12-15,116.06
2016-12-16,115.63
2016-12-19,116.1
2016-12-20,116.54
2016-12-21,116.46
2016-12-22,116.13
2016-12-23,116.21
2016-12-27,116.81
2016-12-28,115.9
2016-12-29,115.73
2016-12-30,114.54
2017-01-03,115.57
2017-01-04,116.2
2017-01-05,116.85
2017-01-06,117.88
2017-01-09,118.27
2017-01-10,118.53
2017-01-11,118.85
2017-01-12,118.66
2017-01-13,119.07
2017-01-17,118.71
2017-01-18,118.95
2017-01-19,118.89
2017-01-20,119.15
2017-01-23,119.25
2017-01-24,120.05
2017-01-25,121.26
2017-01-26,121.39
2017-01-27,121.62
2017-01-30,120.67
2017-01-31,120.43
2017-02-01,121.26
2017-02-02,121.16
2017-02-03,121.5
2017-02-06,121.65
2017-02-07,122.09
2017-02-08,122.3
2017-02-09,122.74
2017-02-10,123.15
2017-02-13,123.84
2017-02-14,124.26
2017-02-15,124.99
2017-02-16,124.96
2017-02-17,125.5
2017-02-21,126.12
2017-02-22,126.16
2017-02-23,125.69
2017-02-24,125.93
2017-02-27,126.09
2017-02-28,125.7
2017-03-01,127.07
2017-03-02,126.43
2017-03-03,126.67
2017-03-06,126.39
2017-03-07,126.17
2017-03-08,126.4
2017-03-09,126.49
2017-03-10,127.02
2017-03-13,127.24
2017-03-14,126.93
2017-03-15,127.71
2017-03-16,127.62
2017-03-17,127.58
2017-03-20,127.7
2017-03-21,125.76
2017-03-22,126.61
2017-03-23,126.29
2017-03-24,126.55
2017-03-27,126.76
2017-03-28,127.53
2017-03-29,128.12
2017-03-30,128.33
2017-03-31,128.25
2017-04-03,128.17
2017-04-04,128.37
2017-04-05,127.85
2017-04-06,127.92
2017-04-07,127.85
2017-04-10,127.9
2017-04-11,127.35
2017-04-12,126.83
2017-04-13,126.33
2017-04-17,127.38
2017-04-18,127.18
2017-04-19,127.39
2017-04-20,128.45
2017-04-21,128.42
2017-04-24,129.97
2017-04-25,130.91
2017-04-26,130.73
2017-04-27,131.51
2017-04-28,131.74
2017-05-01,132.92
2017-05-02,133.14
2017-05-03,132.71
2017-05-04,132.76
2017-05-05,133.25
2017-05-08,133.54
2017-05-09,134.0
2017-05-10,134.08
2017-05-11,133.97
2017-05-12,134.27
2017-05-15,134.7
2017-05-16,135.26
2017-05-17,131.82
2017-05-18,132.97
2017-05-19,133.54
2017-05-22,134.66
2017-05-23,134.8
2017-05-24,135.42
2017-05-25,136.57
2017-05-26,136.81
2017-05-30,136.93
2017-05-31,136.88
2017-06-01,137.41
2017-06-02,138.98
2017-06-05,138.95
2017-06-06,138.4
2017-06-07,138.94
2017-06-08,139.09
2017-06-09,135.61
2017-06-12,134.88
2017-06-13,135.98
2017-06-14,135.39
2017-06-15,134.79
2017-06-16,134.2
2017-06-19,136.45
2017-06-20,135.38
2017-06-21,136.72
2017-06-22,136.68
2017-06-23,137.2
2017-06-26,136.56
2017-06-27,134.09
2017-06-28,136.02
2017-06-29,133.66
2017-06-30,133.71
2017-07-03,132.3
2017-07-05,133.6
2017-07-06,132.39
2017-07-07,133.82
2017-07-10,134.7
2017-07-11,135.08
2017-07-12,136.68
2017-07-13,136.98
2017-07-14,138.06
2017-07-17,138.13
2017-07-18,139.05
2017-07-19,139.87
2017-07-20,140.05
2017-07-21,139.99
2017-07-24,140.63
2017-07-25,140.27
2017-07-26,140.73
2017-07-27,139.85
2017-07-28,139.73
2017-07-31,139.14
2017-08-01,139.46
2017-08-02,139.84
2017-08-03,139.29
2017-08-04,139.54
2017-08-07,140.43
2017-08-08,140.19
2017-08-09,140.0
2017-08-10,137.0
2017-08-11,138.04
2017-08-14,139.82
2017-08-15,139.91
2017-08-16,140.16
2017-08-17,137.29
2017-08-18,137.19
2017-08-21,137.02
2017-08-22,139.11
2017-08-23,138.61
2017-08-24,138.2
2017-08-25,137.91
2017-08-28,138.34
2017-08-29,138.88
2017-08-30,140.52
2017-08-31,142.02
2017-09-01,141.83
2017-09-05,140.55
2017-09-06,140.98
2017-09-07,141.31
2017-09-08,140.09
2017-09-11,141.7
2017-09-12,142.04
2017-09-13,142.24
2017-09-14,141.4
2017-09-15,141.89
2017-09-18,141.7
2017-09-19,141.94
2017-09-20,141.51
2017-09-21,140.64
2017-09-22,140.5
2017-09-25,139.02
2017-09-26,139.38
2017-09-27,140.64
2017-09-28,140.59
2017-09-29,141.6
2017-10-02,141.73
2017-10-03,142.03
2017-10-04,142.17
2017-10-05,143.56
2017-10-06,143.75
2017-10-09,143.59
2017-10-10,143.7
2017-10-11,144.12
2017-10-12,143.86
2017-10-13,144.42
2017-10-16,144.91
2017-10-17,145.1
2017-10-18,144.92
2017-10-19,144.39
2017-10-20,144.78
2017-10-23,143.83
2017-10-24,144.08
2017-10-25,143.53
2017-10-26,143.07
2017-10-27,147.24
2017-10-30,147.57
2017-10-31,148.13
2017-11-01,148.08
2017-11-02,147.79
2017-11-03,149.22
2017-11-06,149.72
2017-11-07,149.81
2017-11-08,150.41
2017-11-09,149.62
2017-11-10,149.61
2017-11-13,149.8
2017-11-14,149.25
2017-11-15,148.55
2017-11-16,150.45
2017-11-17,149.88
2017-11-20,149.76
2017-11-21,151.39
2017-11-22,151.57
2017-11-24,152.13
2017-11-27,152.06
2017-11-28,152.45
2017-11-29,149.79
2017-11-30,151.05
2017-12-01,150.4
2017-12-04,148.67
2017-12-05,148.77
2017-12-06,149.44
2017-12-07,149.95
2017-12-08,150.61
2017-12-11,151.78
2017-12-12,151.57
2017-12-13,151.86
2017-12-14,151.76
2017-12-15,153.48
2017-12-18,154.77
2017-12-19,153.85
2017-12-20,153.68
2017-12-21,153.7
2017-12-22,153.53
2017-12-26,152.7
2017-12-27,152.72
2017-12-28,152.9
2017-12-29,151.96
2018-01-02,154.62
2018-01-03,156.12
2018-01-04,156.4
2018-01-05,157.97
2018-01-08,158.58
2018-01-09,158.59
2018-01-10,158.22
2018-01-11,159.3
2018-01-12,160.47
2018-01-16,160.02
2018-01-17,161.74
2018-01-18,161.77
2018-01-19,162.28
2018-01-22,164.02
2018-01-23,165.37
2018-01-24,164.3
2018-01-25,164.24
2018-01-26,166.76
2018-01-29,165.95
2018-01-30,164.58
2018-01-31,165.26
2018-02-01,163.86
2018-02-02,160.59
2018-02-05,154.26
2018-02-06,158.35
2018-02-07,156.3
2018-02-08,149.7
2018-02-09,152.29
2018-02-12,154.99
2018-02-13,155.79
2018-02-14,158.71
2018-02-15,161.65
2018-02-16,160.93
2018-02-20,161.25
2018-02-21,160.8
2018-02-22,160.78
2018-02-23,164.06
2018-02-26,166.24
2018-02-27,164.18
2018-02-28,163.13
2018-03-01,160.46
2018-03-02,161.94
2018-03-05,163.73
2018-03-06,164.42
2018-03-07,164.81
2018-03-08,165.71
2018-03-09,168.93
2018-03-12,169.83
2018-03-13,167.52
2018-03-14,167.49
2018-03-15,167.34
2018-03-16,166.84
2018-03-19,163.28
2018-03-20,163.82
2018-03-21,163.11
2018-03-22,159.08
2018-03-23,154.89
2018-03-26,160.65
2018-03-27,155.45
2018-03-28,153.66
2018-03-29,156.47
2018-04-02,151.96
2018-04-03,153.67
2018-04-04,156.09
2018-04-05,156.98
2018-04-06,153.05
2018-04-09,154.13
2018-04-10,157.53
2018-04-11,156.62
2018-04-12,158.51
2018-04-13,157.69
2018-04-16,158.89
2018-04-17,162.31
2018-04-18,162.64
2018-04-19,161.14
2018-04-20,158.59
2018-04-23,158.19
2018-04-24,154.84
2018-04-25,155.03
2018-04-26,158.29
2018-04-27,158.39
2018-04-30,157.27
2018-05-01,159.06
2018-05-02,158.13
2018-05-03,158.11
2018-05-04,161.11
2018-05-07,162.44
2018-05-08,162.28
2018-05-09,164.05
2018-05-10,165.75
2018-05-11,165.59
2018-05-14,165.87
2018-05-15,164.04
2018-05-16,165.12
2018-05-17,164.49
2018-05-18,163.64
2018-05-21,164.55
2018-05-22,164.34
2018-05-23,165.73
2018-05-24,165.68
2018-05-25,165.84
2018-05-29,165.11
2018-05-30,166.29
2018-05-31,166.19
2018-06-01,168.8
2018-06-04,170.32
2018-06-05,170.85
2018-06-06,171.84
2018-06-07,170.45
2018-06-08,170.46
2018-06-11,170.92
2018-06-12,171.82
2018-06-13,171.81
2018-06-14,173.54
2018-06-15,172.94
2018-06-18,172.84
2018-06-19,172.35
2018-06-20,173.57
2018-06-21,172.07
2018-06-22,171.68
2018-06-25,167.82
2018-06-26,168.5
2018-06-27,166.21
2018-06-28,167.64
2018-06-29,168.09
2018-07-02,169.22
2018-07-03,167.26
2018-07-05,169.33
2018-07-06,171.97
2018-07-09,173.51
2018-07-10,173.64
2018-07-11,172.76
2018-07-12,175.74
2018-07-13,175.88
2018-07-16,175.46
2018-07-17,176.53
2018-07-18,176.2
2018-07-19,175.32
2018-07-20,175.28
2018-07-23,175.84
2018-07-24,176.56
2018-07-25,179.03
2018-07-26,176.32
2018-07-27,173.94
2018-07-30,171.48
2018-07-31,172.79
2018-08-01,173.45
2018-08-02,175.81
2018-08-03,176.34
2018-08-06,177.38
2018-08-07,178.03
2018-08-08,178.24
2018-08-09,178.14
2018-08-10,176.78
2018-08-13,176.58
2018-08-14,177.69
2018-08-15,175.51
2018-08-16,176.09
2018-08-17,176.13
2018-08-20,175.97
2018-08-21,176.62
2018-08-22,177.3
2018-08-23,177.05
2018-08-24,178.69
2018-08-27,180.52
2018-08-28,180.78
2018-08-29,182.87
2018-08-30,182.54
2018-08-31,182.78
2018-09-04,182.0
2018-09-05,179.64
2018-09-06,178.04
2018-09-07,177.35
2018-09-10,177.95
2018-09-11,179.32
2018-09-12,178.79
2018-09-13,180.7
2018-09-14,180.17
2018-09-17,177.58
2018-09-18,179.05
2018-09-19,178.91
2018-09-20,180.89
2018-09-21,179.9
2018-09-24,180.4
2018-09-25,180.64
2018-09-26,180.77
2018-09-27,182.3
2018-09-28,182.26
2018-10-01,182.64
2018-10-02,182.22
2018-10-03,182.42
2018-10-04,178.92
2018-10-05,176.73
2018-10-08,175.65
2018-10-09,176.22
2018-10-10,168.47
2018-10-11,166.38
2018-10-12,171.01
2018-10-15,168.94
2018-10-16,173.86
2018-10-17,173.92
2018-10-18,169.89
2018-10-19,169.74
2018-10-22,170.61
2018-10-23,169.98
2018-10-24,162.2
2018-10-25,167.81
2018-10-26,163.5
2018-10-29,160.13
2018-10-30,162.77
2018-10-31,166.6
2018-11-01,168.79
2018-11-02,166.17
2018-11-05,165.75
2018-11-06,167.01
2018-11-07,172.25
2018-11-08,171.15
2018-11-09,168.26
2018-11-12,163.17
2018-11-13,163.31
2018-11-14,162.06
2018-11-15,164.9
2018-11-16,164.32
2018-11-19,158.98
2018-11-20,156.14
2018-11-21,157.33
2018-11-23,156.19
2018-11-26,159.8
2018-11-27,160.34
2018-11-28,165.5
2018-11-29,164.96
2018-11-30,166.16
2018-12-03,169.06
2018-12-04,162.57
2018-12-06,163.72
2018-12-07,158.32
2018-12-10,159.97
2018-12-11,160.5
2018-12-12,161.92
2018-12-13,161.97
2018-12-14,158.02
2018-12-17,154.44
2018-12-18,155.41
2018-12-19,151.6
2018-12-20,149.4
2018-12-21,144.77
2018-12-24,141.18
2018-12-26,149.99
2018-12-27,150.57
2018-12-28,150.5
2018-12-31,151.77
2019-01-02,152.38
2019-01-03,147.4
2019-01-04,153.7
2019-01-07,155.53
2019-01-08,156.94
2019-01-09,158.22
2019-01-10,158.67
2019-01-11,158.09
2019-01-14,156.69
2019-01-15,159.75
2019-01-16,159.72
2019-01-17,160.98
2019-01-18,162.58
2019-01-22,159.32
2019-01-23,159.53
2019-01-24,160.56
2019-01-25,162.48
2019-01-28,160.47
2019-01-29,158.96
2019-01-30,163.0
2019-01-31,165.44
2019-02-01,164.74
2019-02-04,166.79
2019-02-05,168.26
2019-02-06,167.76
2019-02-07,165.51
2019-02-08,165.83
2019-02-11,165.68
2019-02-12,168.13
2019-02-13,168.24
2019-02-14,168.45
2019-02-15,169.16
2019-02-19,169.49
2019-02-20,169.46
2019-02-21,168.84
2019-02-22,170.09
2019-02-25,170.71
2019-02-26,170.89
2019-02-27,170.78
2019-02-28,170.39
2019-03-01,171.57
2019-03-04,171.6
2019-03-05,171.73
2019-03-06,170.75
2019-03-07,168.66
2019-03-08,168.4
2019-03-11,171.9
2019-03-12,172.85
2019-03-13,174.15
2019-03-14,173.85
2019-03-15,175.47
2019-03-18,175.88
2019-03-19,176.47
2019-03-20,177.17
2019-03-21,179.94
2019-03-22,175.99
2019-03-25,175.66
2019-03-26,176.47
2019-03-27,175.34
2019-03-28,175.75
2019-03-29,177.08
2019-04-01,179.42
2019-04-02,180.1
2019-04-03,181.14
2019-04-04,181.07
2019-04-05,182.0
2019-04-08,182.47
2019-04-09,181.83
2019-04-10,182.8
2019-04-11,182.37
2019-04-12,183.16
2019-04-15,183.19
2019-04-16,183.82
2019-04-17,184.46
2019-04-18,184.69
2019-04-22,185.22
2019-04-23,187.57
2019-04-24,186.98
2019-04-25,187.74
2019-04-26,187.91
2019-04-29,188.27
2019-04-30,186.81
2019-05-01,186.21
2019-05-02,185.4
2019-05-03,188.36
2019-05-06,187.21
2019-05-07,183.56
2019-05-08,183.1
2019-05-09,182.11
2019-05-10,182.34
2019-05-13,176.01
2019-05-14,177.94
2019-05-15,180.46
2019-05-16,182.27
2019-05-17,180.41
2019-05-20,177.36
2019-05-21,179.21
2019-05-22,178.42
2019-05-23,175.69
2019-05-24,175.6
2019-05-28,174.94
2019-05-29,173.5
2019-05-30,174.23
2019-05-31,171.45
2019-06-03,167.67
2019-06-04,172.39
2019-06-05,173.68
2019-06-06,175.06
2019-06-07,178.44
2019-06-10,180.52
2019-06-11,180.76
2019-06-12,179.72
2019-06-13,180.78
2019-06-14,180.01
2019-06-17,181.1
2019-06-18,183.73
2019-06-19,184.42
2019-06-20,186.13
2019-06-21,185.86
2019-06-24,185.86
2019-06-25,182.67
2019-06-26,183.52
2019-06-27,184.22
2019-06-28,184.46
2019-07-01,186.95
2019-07-02,187.69
2019-07-03,189.1
2019-07-05,188.72
2019-07-08,187.39
2019-07-09,188.33
2019-07-10,190.21
2019-07-11,190.07
2019-07-12,191.17
2019-07-15,191.78
2019-07-16,190.79
2019-07-17,189.85
2019-07-18,190.07
2019-07-19,188.68
2019-07-22,190.18
2019-07-23,191.43
2019-07-24,192.77
2019-07-25,190.94
2019-07-26,192.91
2019-07-29,192.24
2019-07-30,191.42
2019-07-31,188.77
2019-08-01,187.83
2019-08-02,185.06
2019-08-05,178.52
2019-08-06,181.02
2019-08-07,182.0
2019-08-08,185.96
2019-08-09,184.21
2019-08-12,182.1
2019-08-13,186.09
2019-08-14,180.53
2019-08-15,180.32
2019-08-16,183.22
2019-08-19,186.13
2019-08-20,184.69
2019-08-21,186.33
2019-08-22,185.73
2019-08-23,179.85
2019-08-26,182.56
2019-08-27,182.18
2019-08-28,182.83
2019-08-29,185.63
2019-08-30,185.18
2019-09-03,183.38
2019-09-04,186.03
2019-09-05,189.44
2019-09-06,189.25
2019-09-09,188.86
2019-09-10,188.31
2019-09-11,190.08
2019-09-12,190.87
2019-09-13,190.19
2019-09-16,189.34
2019-09-17,190.25
2019-09-18,190.17
2019-09-19,190.49
2019-09-20,188.47
2019-09-23,188.55
2019-09-24,186.05
2019-09-25,188.14
2019-09-26,187.45
2019-09-27,185.12
2019-09-30,186.88
2019-10-01,185.36
2019-10-02,182.17
2019-10-03,184.17
2019-10-04,186.88
2019-10-07,186.32
2019-10-08,183.53
2019-10-09,185.32
2019-10-10,186.75
2019-10-11,189.16
2019-10-14,189.14
2019-10-15,191.54
2019-10-16,191.07
2019-10-17,191.57
2019-10-18,189.73
2019-10-21,191.42
2019-10-22,189.89
2019-10-23,190.26
2019-10-24,192.11
2019-10-25,193.64
2019-10-28,195.55
2019-10-29,194.04
2019-10-30,194.98
2019-10-31,195.07
2019-11-01,196.84
2019-11-04,198.06
2019-11-05,198.17
2019-11-06,197.72
2019-11-07,198.38
2019-11-08,199.18
2019-11-11,198.91
2019-11-12,199.48
2019-11-13,199.53
2019-11-14,199.37
2019-11-15,200.84
2019-11-18,201.0
2019-11-19,201.29
2019-11-20,200.09
2019-11-21,199.64
2019-11-22,199.77
2019-11-25,202.13
2019-11-26,202.52
2019-11-27,203.94
2019-11-29,203.01
2019-12-02,200.93
2019-12-03,199.35
2019-12-04,200.36
2019-12-05,200.76
2019-12-06,202.91
2019-12-09,201.99
2019-12-10,201.82
2019-12-11,202.89
2019-12-12,204.4
2019-12-13,205.07
2019-12-16,207.13
2019-12-17,207.25
2019-12-18,207.41
2019-12-19,208.71
2019-12-20,209.55
2019-12-23,210.1
2019-12-24,210.21
2019-12-26,212.07
2019-12-27,211.89
2019-12-30,210.5
2019-12-31,210.9
2020-01-02,214.42
2020-01-03,212.45
2020-01-06,213.82
2020-01-07,213.79
2020-01-08,215.4
2020-01-09,217.22
2020-01-10,216.67
2020-01-13,219.17
2020-01-14,218.3
2020-01-15,218.39
2020-01-16,220.49
2020-01-17,221.58
2020-01-21,221.48
2020-01-22,222.06
2020-01-23,222.78
2020-01-24,220.9
2020-01-27,216.34
2020-01-28,219.66
2020-01-29,220.02
2020-01-30,220.8
2020-01-31,217.3
2020-02-03,220.59
2020-02-04,225.64
2020-02-05,226.38
2020-02-06,228.33
2020-02-07,227.35
2020-02-10,230.1
2020-02-11,230.14
2020-02-12,232.38
2020-02-13,232.08
2020-02-14,232.75
2020-02-18,232.84
2020-02-19,235.07
2020-02-20,232.89
2020-02-21,228.41
2020-02-24,219.6
2020-02-25,213.63
2020-02-26,214.73
2020-02-27,203.98
2020-02-28,204.14
2020-03-02,214.67
2020-03-03,207.79
2020-03-04,216.46
2020-03-05,209.88
2020-03-06,206.34
2020-03-09,192.01
2020-03-10,202.46
2020-03-11,193.65
2020-03-12,175.89
2020-03-13,190.79
2020-03-16,167.93
2020-03-17,180.67
2020-03-18,175.18
2020-03-19,176.23
2020-03-20,169.32
2020-03-23,169.45
2020-03-24,182.57
2020-03-25,181.21
2020-03-26,190.76
2020-03-27,184.2
2020-03-30,190.9
2020-03-31,189.27
2020-04-01,181.22
2020-04-02,184.9
2020-04-03,182.28
2020-04-06,195.31
2020-04-07,195.23
2020-04-08,199.38
2020-04-09,199.66
2020-04-13,201.82
2020-04-14,210.6
2020-04-15,208.18
2020-04-16,211.98
2020-04-17,214.01
2020-04-20,211.47
2020-04-21,203.67
2020-04-22,209.71
2020-04-23,209.27
2020-04-24,212.57
2020-04-27,214.28
2020-04-28,210.24
2020-04-29,217.7
2020-04-30,217.61
2020-05-01,211.47
2020-05-04,213.94
2020-05-05,216.36
2020-05-06,217.7
2020-05-07,220.5
2020-05-08,223.52
2020-05-11,225.52
2020-05-12,220.8
2020-05-13,218.03
2020-05-14,220.51
2020-05-15,221.94
2020-05-18,226.08
2020-05-19,225.51
2020-05-20,230.01
2020-05-21,227.51
2020-05-22,228.29
2020-05-26,227.68
2020-05-27,228.92
2020-05-28,228.62
2020-05-29,231.97
2020-06-01,232.67
2020-06-02,234.23
2020-06-03,235.28
2020-06-04,233.63
2020-06-05,238.26
2020-06-08,240.11
2020-06-09,241.85
2020-06-10,244.75
2020-06-11,232.63
2020-06-12,234.48
2020-06-15,237.33
2020-06-16,241.4
2020-06-17,242.17
2020-06-18,242.83
2020-06-19,242.79
2020-06-22,245.7
2020-06-23,247.79
2020-06-24,242.68
2020-06-25,244.99
2020-06-26,239.21
2020-06-29,241.81
2020-06-30,246.55
2020-07-01,249.43
2020-07-02,251.12
2020-07-06,257.3
2020-07-07,255.53
2020-07-08,258.89
2020-07-09,261.07
2020-07-10,262.86
2020-07-13,257.45
2020-07-14,259.27
2020-07-15,259.8
2020-07-16,258.03
2020-07-17,258.32
2020-07-20,265.65
2020-07-21,262.89
2020-07-22,263.81
2020-07-23,256.92
2020-07-24,254.48
2020-07-27,259.02
2020-07-28,255.73
2020-07-29,258.67
2020-07-30,260.03
2020-07-31,264.67
2020-08-03,268.24
2020-08-04,269.24
2020-08-05,269.91
2020-08-06,273.48
2020-08-07,270.32
2020-08-10,269.17
2020-08-11,264.07
2020-08-12,270.71
2020-08-13,271.33
2020-08-14,271.01
2020-08-17,274.16
2020-08-18,276.8
2020-08-19,274.93
2020-08-20,278.75
2020-08-21,280.68
2020-08-24,282.43
2020-08-25,284.65
2020-08-26,290.73
2020-08-27,289.82
2020-08-28,291.29
2020-08-31,293.63
2020-09-01,298.65
2020-09-02,301.48
2020-09-03,286.2
2020-09-04,282.38
2020-09-08,268.81
2020-09-09,276.71
2020-09-10,271.19
2020-09-11,269.31
2020-09-14,274.0
2020-09-15,277.88
2020-09-16,273.45
2020-09-17,269.18
2020-09-18,265.74
2020-09-21,266.38
2020-09-22,271.33
2020-09-23,263.04
2020-09-24,264.27
2020-09-25,270.41
2020-09-28,276.03
2020-09-29,274.78
2020-09-30,276.67
2020-10-01,281.06
2020-10-02,273.15
2020-10-05,278.98
2020-10-06,274.0
2020-10-07,278.74
2020-10-08,280.22
2020-10-09,284.5
2020-10-12,293.29
2020-10-13,293.28
2020-10-14,290.83
2020-10-15,288.87
2020-10-16,287.29
2020-10-19,282.6
2020-10-20,283.21
2020-10-21,282.99
2020-10-22,282.98
2020-10-23,283.54
2020-10-26,279.29
2020-10-27,281.47
2020-10-28,270.49
2020-10-29,275.22
2020-10-30,268.24
2020-11-02,268.84
2020-11-03,273.49
2020-11-04,285.7
2020-11-05,293.15
2020-11-06,293.37
2020-11-09,287.37
2020-11-10,282.22
2020-11-11,288.54
2020-11-12,287.18
2020-11-13,289.7
2020-11-16,291.96
2020-11-17,291.04
2020-11-18,288.88
2020-11-19,291.15
2020-11-20,289.15
2020-11-23,289.16
2020-11-24,293.23
2020-11-25,295.03
2020-11-27,297.75
2020-11-30,298.35
2020-12-01,302.18
2020-12-02,302.57
2020-12-03,302.99
2020-12-04,304.23
2020-12-07,305.95
2020-12-08,306.99
2020-12-09,300.04
2020-12-10,301.24
2020-12-11,300.58
2020-12-14,302.76
2020-12-15,305.99
2020-12-16,307.68
2020-12-17,309.69
2020-12-18,308.75
2020-12-21,308.17
2020-12-22,309.01
2020-12-23,307.45
2020-12-24,308.81
2020-12-28,311.92
2020-12-29,312.2
2020-12-30,312.21
2020-12-31,312.98
2021-01-04,308.56
2021-01-05,311.11
2021-01-06,306.8
2021-01-07,314.22
2021-01-08,318.26
2021-01-11,313.66
2021-01-12,313.16
2021-01-13,315.28
2021-01-14,313.59
2021-01-15,311.11
2021-01-19,315.64
2021-01-20,322.99
2021-01-21,325.57
2021-01-22,324.63
2021-01-25,327.32
2021-01-26,327.8
2021-01-27,318.66
2021-01-28,320.54
2021-01-29,313.8
2021-02-01,321.64
2021-02-02,326.89
2021-02-03,325.59
2021-02-04,329.44
2021-02-05,330.56
2021-02-08,332.77
2021-02-09,332.7
2021-02-10,331.95
2021-02-11,333.77
2021-02-12,335.64
2021-02-16,334.73
2021-02-17,333.12
2021-02-18,331.67
2021-02-19,330.22
2021-02-22,321.66
2021-02-23,320.7
2021-02-24,323.35
2021-02-25,312.07
2021-02-26,313.38
2021-03-01,322.81
2021-03-02,317.63
2021-03-03,308.41
2021-03-04,303.36
2021-03-05,307.93
2021-03-08,299.21
2021-03-09,311.02
2021-03-10,310.13
2021-03-11,317.27
2021-03-12,314.7
2021-03-15,318.06
2021-03-16,319.8
2021-03-17,321.12
2021-03-18,311.29
2021-03-19,312.38
2021-03-22,318.24
2021-03-23,316.85
2021-03-24,311.51
2021-03-25,310.97
2021-03-26,315.63
2021-03-29,315.54
2021-03-30,313.96
2021-03-31,318.76
2021-04-01,324.19
2021-04-05,330.67
2021-04-06,330.44
2021-04-07,331.24
2021-04-08,334.69
2021-04-09,336.72
2021-04-12,336.28
2021-04-13,340.21
2021-04-14,336.12
2021-04-15,341.21
2021-04-16,341.61
2021-04-19,338.49
2021-04-20,336.02
2021-04-21,338.9
2021-04-22,334.81
2021-04-23,339.03
2021-04-26,341.23
2021-04-27,339.76
2021-04-28,338.61
2021-04-29,339.83
2021-04-30,337.6
2021-05-03,335.8
2021-05-04,329.76
2021-05-05,328.65
2021-05-06,331.13
2021-05-07,333.81
2021-05-10,325.38
2021-05-11,324.93
2021-05-12,316.52
2021-05-13,318.97
2021-05-14,326.01
2021-05-17,324.03
2021-05-18,321.85
2021-05-19,322.22
2021-05-20,328.45
2021-05-21,326.63
2021-05-24,332.12
2021-05-25,332.58
2021-05-26,333.74
2021-05-27,332.49
2021-05-28,333.54
2021-06-01,332.43
2021-06-02,333.08
2021-06-03,329.62
2021-06-04,335.21
2021-06-07,336.21
2021-06-08,336.37
2021-06-09,336.45
2021-06-10,339.96
2021-06-11,340.84
2021-06-14,344.11
2021-06-15,341.86
2021-06-16,340.61
2021-06-17,344.94
2021-06-18,342.23
2021-06-21,344.36
2021-06-22,347.57
2021-06-23,347.74
2021-06-24,349.89
2021-06-25,349.46
2021-06-28,353.71
2021-06-29,354.99
2021-06-30,354.43
2021-07-01,354.57
2021-07-02,358.64
2021-07-06,360.19
2021-07-07,360.95
2021-07-08,358.77
2021-07-09,361.01
2021-07-12,362.42
2021-07-13,362.42
2021-07-14,363.07
2021-07-15,360.52
2021-07-16,357.6
2021-07-19,354.67
2021-07-20,358.79
