,,LTC
Date,close,daily_return
2/4/2019,34.11,
2/5/2019,34.26,0.004397537
2/6/2019,32.93,-0.038820782
2/7/2019,33.22,0.008806559
2/8/2019,43.46,0.308248043
2/9/2019,44.79,0.030602853
2/10/2019,46.83,0.045545881
2/11/2019,43.18,-0.07794149
2/12/2019,43.93,0.017369152
2/13/2019,42,-0.043933531
2/14/2019,41.64,-0.008571429
2/15/2019,42.7,0.025456292
2/16/2019,43.59,0.020843091
2/17/2019,43.93,0.007799954
2/18/2019,48.04,0.093557933
2/19/2019,47.86,-0.003746878
2/20/2019,51.79,0.082114501
2/21/2019,49.15,-0.050975092
2/22/2019,49.81,0.013428281
2/23/2019,51.68,0.037542662
2/24/2019,44.68,-0.135448916
2/25/2019,46.21,0.034243509
2/26/2019,45.49,-0.015581043
2/27/2019,45.58,0.001978457
2/28/2019,46.24,0.014480035
3/1/2019,47.49,0.027032872
3/2/2019,49.02,0.032217309
3/3/2019,48.38,-0.013055896
3/4/2019,46.43,-0.040305912
3/5/2019,53.13,0.144303252
3/6/2019,55.78,0.049877659
3/7/2019,57.19,0.025277877
3/8/2019,56.1,-0.019059276
3/9/2019,58.09,0.035472371
3/10/2019,57.18,-0.015665347
3/11/2019,55.42,-0.030779993
3/12/2019,57,0.028509563
3/13/2019,55.93,-0.01877193
3/14/2019,56.58,0.01162167
3/15/2019,58.99,0.042594556
3/16/2019,61.84,0.048313273
3/17/2019,61.24,-0.009702458
3/18/2019,60.26,-0.016002613
3/19/2019,60.62,0.005974112
3/20/2019,60.85,0.003794127
3/21/2019,59.38,-0.024157765
3/22/2019,59.82,0.007409902
3/23/2019,61.35,0.02557673
3/24/2019,60.22,-0.018418908
3/25/2019,59.5,-0.011956161
3/26/2019,59.34,-0.002689076
3/27/2019,62.25,0.049039434
3/28/2019,61.17,-0.017349398
3/29/2019,61.3,0.002125225
3/30/2019,60.62,-0.011092985
3/31/2019,60.76,0.002309469
4/1/2019,60.68,-0.001316656
4/2/2019,76.19,0.255603164
4/3/2019,84.92,0.114581966
4/4/2019,84.98,0.000706547
4/5/2019,88.68,0.043539656
4/6/2019,92.57,0.043865584
4/7/2019,92.31,-0.002808685
4/8/2019,89.49,-0.030549236
4/9/2019,86.79,-0.030170969
4/10/2019,88.38,0.018320083
4/11/2019,79.68,-0.098438561
4/12/2019,78.96,-0.009036145
4/13/2019,78.22,-0.009371834
4/14/2019,82.94,0.060342623
4/15/2019,79.05,-0.046901374
4/16/2019,81.35,0.029095509
4/17/2019,79.33,-0.024830977
4/18/2019,82.07,0.034539266
4/19/2019,82.57,0.00609236
4/20/2019,81.51,-0.012837592
4/21/2019,77.33,-0.051282051
4/22/2019,76.95,-0.004914005
4/23/2019,74.85,-0.027290448
4/24/2019,73.31,-0.020574482
4/25/2019,71.25,-0.02809985
4/26/2019,73.12,0.026245614
4/27/2019,72.12,-0.013676149
4/28/2019,69.73,-0.033139212
4/29/2019,67.96,-0.025383623
4/30/2019,74.28,0.09299588
5/1/2019,73.66,-0.008346796
5/2/2019,73.78,0.001629107
5/3/2019,79.33,0.075223638
5/4/2019,78.06,-0.016009076
5/5/2019,75.98,-0.02664617
5/6/2019,74.98,-0.013161358
5/7/2019,74.69,-0.003867698
5/8/2019,74.62,-0.000937207
5/9/2019,74.18,-0.005896542
5/10/2019,77.17,0.04030736
5/11/2019,89.22,0.156148762
5/12/2019,84.57,-0.052118359
5/13/2019,88.06,0.041267589
5/14/2019,91.62,0.040426982
5/15/2019,101.74,0.110456232
5/16/2019,95.59,-0.060448201
5/17/2019,89,-0.068940266
5/18/2019,86.7,-0.025842697
5/19/2019,95.32,0.099423299
5/20/2019,91.49,-0.040180445
5/21/2019,91.51,0.000218603
5/22/2019,88.21,-0.036061633
5/23/2019,89.18,0.010996486
5/24/2019,99.9,0.120206324
5/25/2019,102.67,0.027727728
5/26/2019,111.42,0.085224506
5/27/2019,118.03,0.059325076
5/28/2019,114.93,-0.026264509
5/29/2019,115.08,0.001305142
5/30/2019,108.8,-0.054570733
5/31/2019,114.54,0.052757353
6/1/2019,112.62,-0.016762703
6/2/2019,114.7,0.018469188
6/3/2019,107.47,-0.063034002
6/4/2019,102.09,-0.050060482
6/5/2019,103.85,0.01723969
6/6/2019,111.11,0.069908522
6/7/2019,117.37,0.056340563
6/8/2019,118.55,0.010053676
6/9/2019,115.13,-0.028848587
6/10/2019,129.07,0.121080518
6/11/2019,136.03,0.053924227
6/12/2019,135.65,-0.002793501
6/13/2019,131.35,-0.031699226
6/14/2019,133.05,0.01294252
6/15/2019,138.13,0.038181135
6/16/2019,137.12,-0.007311953
6/17/2019,134.44,-0.019544924
6/18/2019,135.16,0.005355549
6/19/2019,136.6,0.01065404
6/20/2019,135.48,-0.008199122
6/21/2019,138.88,0.025095955
6/22/2019,141.9,0.021745392
6/23/2019,136.88,-0.035377026
6/24/2019,135.53,-0.009862653
6/25/2019,136.49,0.007083303
6/26/2019,131.27,-0.03824456
6/27/2019,114.4,-0.12851375
6/28/2019,120.15,0.050262238
6/29/2019,133.66,0.11244278
6/30/2019,122.25,-0.085365854
7/1/2019,122.58,0.002699387
7/2/2019,119.24,-0.027247512
7/3/2019,122.56,0.027843006
7/4/2019,119.98,-0.021050914
7/5/2019,118.35,-0.013585598
7/6/2019,117.82,-0.004478243
7/7/2019,120.32,0.021218808
7/8/2019,123.29,0.024684176
7/9/2019,119.43,-0.031308298
7/10/2019,108.5,-0.091518044
7/11/2019,102.64,-0.054009217
7/12/2019,105.3,0.025915822
7/13/2019,101.02,-0.040645774
7/14/2019,89.77,-0.111364086
7/15/2019,90.92,0.012810516
7/16/2019,79.5,-0.125604927
7/17/2019,89.81,0.129685535
7/18/2019,101.09,0.125598486
7/19/2019,98.4,-0.026609952
7/20/2019,100.61,0.02245935
7/21/2019,99.63,-0.009740582
7/22/2019,95.42,-0.042256348
7/23/2019,90.62,-0.05030392
7/24/2019,94.31,0.040719488
7/25/2019,93.45,-0.009118863
7/26/2019,94.31,0.009202782
7/27/2019,88.89,-0.057470046
7/28/2019,89.77,0.009899876
7/29/2019,90.43,0.007352122
7/30/2019,90.57,0.001548159
7/31/2019,98.51,0.087666998
8/1/2019,99.18,0.00680134
8/2/2019,94.94,-0.042750555
8/3/2019,94.58,-0.003791869
8/4/2019,93.2,-0.014590823
8/5/2019,96.83,0.038948498
8/6/2019,93.07,-0.038830941
8/7/2019,90.91,-0.023208338
8/8/2019,90.03,-0.009679903
8/9/2019,84.44,-0.062090414
8/10/2019,85.42,0.011605874
8/11/2019,89.75,0.050690705
8/12/2019,85.75,-0.044568245
8/13/2019,84.41,-0.015626822
8/14/2019,76.06,-0.098921929
8/15/2019,76.39,0.00433868
8/16/2019,74.92,-0.019243356
8/17/2019,72.8,-0.02829685
8/18/2019,76.27,0.047664835
8/19/2019,77.26,0.012980202
8/20/2019,75.2,-0.026663215
8/21/2019,72.96,-0.029787234
8/22/2019,73.6,0.00877193
8/23/2019,75.4,0.024456522
8/24/2019,73.46,-0.025729443
8/25/2019,72.31,-0.015654778
8/26/2019,73.86,0.021435486
8/27/2019,72.84,-0.013809911
8/28/2019,67.43,-0.074272378
8/29/2019,64.1,-0.049384547
8/30/2019,64.33,0.003588144
8/31/2019,64.58,0.003886212
9/1/2019,66.14,0.024156085
9/2/2019,66.94,0.012095555
9/3/2019,69.13,0.032715865
9/4/2019,67.29,-0.02661652
9/5/2019,65.4,-0.028087383
9/6/2019,65.23,-0.002599388
9/7/2019,69.04,0.058408708
9/8/2019,70.55,0.021871379
9/9/2019,70.19,-0.005102764
9/10/2019,70.82,0.008975638
9/11/2019,69.92,-0.012708274
9/12/2019,69.23,-0.009868421
9/13/2019,68.99,-0.003466705
9/14/2019,70.56,0.022756921
9/15/2019,70.32,-0.003401361
9/16/2019,72.57,0.031996587
9/17/2019,74.22,0.022736668
9/18/2019,77.97,0.050525465
9/19/2019,77.06,-0.011671156
9/20/2019,75.15,-0.024785881
9/21/2019,73.52,-0.021689953
9/22/2019,72.62,-0.012241567
9/23/2019,66.85,-0.079454696
9/24/2019,55.82,-0.16499626
9/25/2019,57.66,0.032963096
9/26/2019,55.54,-0.036767256
9/27/2019,56.36,0.014764134
9/28/2019,55.68,-0.012065295
9/29/2019,54.32,-0.024425287
9/30/2019,56.06,0.032032401
10/1/2019,56.06,0
10/2/2019,56.51,0.008027114
10/3/2019,56.55,0.000707839
10/4/2019,56.85,0.00530504
10/5/2019,56.84,-0.000175901
10/6/2019,55.41,-0.025158339
10/7/2019,57.79,0.042952536
10/8/2019,57.4,-0.006748572
10/9/2019,59.43,0.035365854
10/10/2019,57.78,-0.027763756
10/11/2019,56.3,-0.025614399
10/12/2019,55.98,-0.005683837
10/13/2019,56.71,0.013040372
10/14/2019,56.98,0.004761065
10/15/2019,54.94,-0.035802036
10/16/2019,52.92,-0.036767383
10/17/2019,54.88,0.037037037
10/18/2019,53.49,-0.025327988
10/19/2019,54.03,0.010095345
10/20/2019,54.93,0.016657413
10/21/2019,54.94,0.00018205
10/22/2019,53.74,-0.021842009
10/23/2019,49.63,-0.076479345
10/24/2019,50.07,0.008865605
10/25/2019,56.94,0.137207909
10/26/2019,56.78,-0.002809975
10/27/2019,59.91,0.055125044
10/28/2019,58.13,-0.029711234
10/29/2019,59.87,0.029932909
10/30/2019,58.42,-0.024219141
10/31/2019,58.78,0.006162273
11/1/2019,58.58,-0.003402518
11/2/2019,58.6,0.000341413
11/3/2019,58.63,0.000511945
11/4/2019,61.57,0.050144977
11/5/2019,63.3,0.0280981
11/6/2019,64.27,0.015323855
11/7/2019,61.84,-0.037809242
11/8/2019,60.53,-0.0211837
11/9/2019,61.95,0.023459442
11/10/2019,63.84,0.030508475
11/11/2019,61.9,-0.030388471
11/12/2019,61.34,-0.00904685
11/13/2019,61.11,-0.003749592
11/14/2019,59.43,-0.027491409
11/15/2019,57.81,-0.02725896
11/16/2019,58.57,0.013146514
11/17/2019,59.57,0.017073587
11/18/2019,56.8,-0.046499916
11/19/2019,55.62,-0.020774648
11/20/2019,55.29,-0.005933118
11/21/2019,50.88,-0.079761259
11/22/2019,47.62,-0.064072327
11/23/2019,48.71,0.022889542
11/24/2019,44.73,-0.081708068
11/25/2019,45.83,0.024591996
11/26/2019,47.27,0.031420467
11/27/2019,48.01,0.015654749
11/28/2019,47.06,-0.019787544
11/29/2019,48.88,0.038674033
11/30/2019,47.48,-0.028641571
12/1/2019,47.71,0.004844145
12/2/2019,45.82,-0.039614337
12/3/2019,45.38,-0.009602794
12/4/2019,45.19,-0.004186866
12/5/2019,45.3,0.002434167
12/6/2019,45.67,0.00816777
12/7/2019,45.64,-0.000656886
12/8/2019,45.95,0.006792287
12/9/2019,44.94,-0.021980413
12/10/2019,44.64,-0.006675567
12/11/2019,43.95,-0.015456989
12/12/2019,44.08,0.002957907
12/13/2019,44.45,0.008393829
12/14/2019,43.72,-0.016422947
12/15/2019,43.76,0.000914913
12/16/2019,40.37,-0.077468007
12/17/2019,37.08,-0.081496161
12/18/2019,40.78,0.09978425
12/19/2019,39.92,-0.021088769
12/20/2019,40.29,0.009268537
12/21/2019,40,-0.007197816
12/22/2019,41.97,0.04925
12/23/2019,40.85,-0.026685728
12/24/2019,40.68,-0.004161567
12/25/2019,40.63,-0.001229105
12/26/2019,40.27,-0.008860448
12/27/2019,41.18,0.022597467
12/28/2019,42.84,0.040310831
12/29/2019,43.67,0.019374416
12/30/2019,42.75,-0.021067094
12/31/2019,41.34,-0.032982456
1/1/2020,42.02,0.01644896
1/2/2020,39.82,-0.052356021
1/3/2020,42.42,0.065293822
1/4/2020,43.33,0.021452145
1/5/2020,43.55,0.005077314
1/6/2020,45.82,0.052123995
1/7/2020,46.42,0.013094718
1/8/2020,45.65,-0.016587678
1/9/2020,45.22,-0.009419496
1/10/2020,48.73,0.077620522
1/11/2020,49.26,0.010876257
1/12/2020,51.08,0.036946813
1/13/2020,49.73,-0.026429131
1/14/2020,58.48,0.175950131
1/15/2020,58.05,-0.007352941
1/16/2020,57.62,-0.007407407
1/17/2020,61.49,0.067164179
1/18/2020,59.41,-0.033826638
1/19/2020,57.8,-0.027099815
1/20/2020,57.2,-0.010380623
1/21/2020,57.65,0.007867133
1/22/2020,58.35,0.012142238
1/23/2020,54.63,-0.063753213
1/24/2020,54.53,-0.001830496
1/25/2020,53.7,-0.015220979
1/26/2020,56.21,0.046741155
1/27/2020,58.76,0.045365593
1/28/2020,60.67,0.032505106
1/29/2020,60.08,-0.00972474
1/30/2020,68.16,0.13448735
1/31/2020,67.88,-0.004107981
2/1/2020,70.82,0.043311727
2/2/2020,70.23,-0.00833098
2/3/2020,69.78,-0.006407518
2/4/2020,68.2,-0.022642591
2/5/2020,72.49,0.062903226
2/6/2020,73.39,0.012415506
2/7/2020,74.36,0.01321706
2/8/2020,76.47,0.028375471
2/9/2020,77.09,0.008107755
2/10/2020,74.34,-0.03567259
2/11/2020,76.6,0.030400861
2/12/2020,81.3,0.061357702
2/13/2020,80.4,-0.011070111
2/14/2020,82.99,0.03221393
2/15/2020,76.51,-0.078081697
2/16/2020,75.15,-0.017775454
2/17/2020,73.25,-0.025282768
2/18/2020,77.04,0.051740614
2/19/2020,71.14,-0.076583593
2/20/2020,69.62,-0.02136632
2/21/2020,73.45,0.055012927
2/22/2020,75.13,0.022872703
2/23/2020,79.54,0.058698256
2/24/2020,75.54,-0.050289163
2/25/2020,71.18,-0.057717765
2/26/2020,61.01,-0.142877213
2/27/2020,61.51,0.008195378
2/28/2020,59.76,-0.028450658
2/29/2020,58.54,-0.020414993
3/1/2020,57.96,-0.009907755
3/2/2020,61,0.052449965
3/3/2020,61.14,0.002295082
3/4/2020,60.38,-0.012430487
3/5/2020,62.05,0.027658165
3/6/2020,63.03,0.015793715
3/7/2020,60.55,-0.039346343
3/8/2020,51.73,-0.14566474
3/9/2020,50.17,-0.030156582
3/10/2020,50.26,0.001793901
3/11/2020,48.46,-0.035813768
3/12/2020,30.93,-0.361741643
3/13/2020,37.44,0.210475267
3/14/2020,34.4,-0.081196581
3/15/2020,36.44,0.059302326
3/16/2020,32.88,-0.097694841
3/17/2020,33.56,0.020681265
3/18/2020,33.68,0.003575685
3/19/2020,39.07,0.160035629
3/20/2020,38.13,-0.024059381
3/21/2020,38.34,0.005507474
3/22/2020,35.63,-0.070683359
3/23/2020,38.77,0.088127982
3/24/2020,40.49,0.044364199
3/25/2020,39.15,-0.033094591
3/26/2020,40.16,0.025798212
3/27/2020,38.92,-0.030876494
3/28/2020,38.87,-0.001284687
3/29/2020,37.33,-0.039619244
3/30/2020,39.14,0.048486472
3/31/2020,39.3,0.00408789
4/1/2020,39.38,0.002035623
4/2/2020,39.87,0.012442864
4/3/2020,40.36,0.012289942
4/4/2020,40.68,0.007928642
4/5/2020,40.67,-0.000245821
4/6/2020,44.39,0.091467912
4/7/2020,44.67,0.006307727
4/8/2020,46.32,0.036937542
4/9/2020,46.38,0.001295337
4/10/2020,42.27,-0.088615783
4/11/2020,42.32,0.001182872
4/12/2020,42.45,0.003071834
4/13/2020,41.2,-0.029446408
4/14/2020,41.05,-0.003640777
4/15/2020,39.59,-0.035566382
4/16/2020,42.69,0.078302602
4/17/2020,42.75,0.001405481
4/18/2020,44.36,0.037660819
4/19/2020,42.63,-0.038999098
4/20/2020,40.83,-0.042223786
4/21/2020,41.04,0.005143277
4/22/2020,41.89,0.020711501
4/23/2020,42.94,0.025065648
4/24/2020,44.81,0.043549138
4/25/2020,44.71,-0.002231645
4/26/2020,44.69,-0.000447327
4/27/2020,44.71,0.000447527
4/28/2020,46.03,0.029523597
4/29/2020,49.18,0.06843363
4/30/2020,46.71,-0.050223668
5/1/2020,47.79,0.023121387
5/2/2020,49.46,0.034944549
5/3/2020,48.27,-0.024059846
5/4/2020,47.47,-0.016573441
5/5/2020,46.79,-0.014324837
5/6/2020,45.94,-0.018166275
5/7/2020,47.33,0.030256857
5/8/2020,47.88,0.011620537
5/9/2020,47.27,-0.012740184
5/10/2020,42.37,-0.103659827
5/11/2020,41.7,-0.015813075
5/12/2020,42.11,0.009832134
5/13/2020,43.13,0.024222275
5/14/2020,43.95,0.019012288
5/15/2020,42.83,-0.025483504
5/16/2020,43.21,0.008872286
5/17/2020,43.64,0.0099514
5/18/2020,45.2,0.035747021
5/19/2020,45.38,0.003982301
5/20/2020,44.17,-0.026663729
5/21/2020,42.74,-0.032374915
5/22/2020,44.21,0.03439401
5/23/2020,44.03,-0.004071477
5/24/2020,42.45,-0.035884624
5/25/2020,42.95,0.011778563
5/26/2020,42.43,-0.012107101
5/27/2020,43.86,0.033702569
5/28/2020,44.76,0.020519836
5/29/2020,44.65,-0.002457551
5/30/2020,47.54,0.064725644
5/31/2020,45.59,-0.04101809
6/1/2020,48.13,0.055713972
6/2/2020,45.92,-0.045917307
6/3/2020,47.17,0.027221254
6/4/2020,47.64,0.00996396
6/5/2020,47.05,-0.012384551
6/6/2020,46.73,-0.006801275
6/7/2020,46.67,-0.001283972
6/8/2020,46.47,-0.004285408
6/9/2020,46.07,-0.008607704
6/10/2020,46.68,0.013240721
6/11/2020,43.51,-0.067909169
6/12/2020,44.83,0.030337853
6/13/2020,45.09,0.005799688
6/14/2020,44.08,-0.022399645
6/15/2020,43.91,-0.003856624
6/16/2020,43.88,-0.000683216
6/17/2020,44.03,0.003418414
6/18/2020,43.56,-0.01067454
6/19/2020,42.68,-0.02020202
6/20/2020,43.35,0.015698219
6/21/2020,43.09,-0.005997693
6/22/2020,44.19,0.025527965
6/23/2020,44.18,-0.000226296
6/24/2020,42.84,-0.030330466
6/25/2020,42.56,-0.006535948
6/26/2020,43.32,0.017857143
6/27/2020,41.56,-0.040627886
6/28/2020,41.41,-0.00360924
6/29/2020,41.85,0.010625453
6/30/2020,41.47,-0.009080048
7/1/2020,41.7,0.005546178
7/2/2020,41.49,-0.005035971
7/3/2020,41.21,-0.006748614
7/4/2020,42.07,0.020868721
7/5/2020,41.6,-0.011171856
7/6/2020,43.96,0.056730769
7/7/2020,43.32,-0.01455869
7/8/2020,45.2,0.043397969
7/9/2020,44.54,-0.01460177
7/10/2020,44.25,-0.006511001
7/11/2020,44.68,0.009717514
7/12/2020,44.64,-0.000895255
7/13/2020,43.92,-0.016129032
7/14/2020,43.8,-0.00273224
7/15/2020,43.28,-0.011872146
7/16/2020,42.04,-0.028650647
7/17/2020,41.91,-0.003092293
7/18/2020,42.43,0.01240754
7/19/2020,42.55,0.002828188
7/20/2020,41.98,-0.013396005
7/21/2020,43.62,0.039066222
7/22/2020,44.94,0.030261348
7/23/2020,44.85,-0.00200267
7/24/2020,44.18,-0.014938685
7/25/2020,48.8,0.104572205
7/26/2020,47.98,-0.016803279
7/27/2020,52.95,0.103584827
7/28/2020,55.58,0.0496695
7/29/2020,55.17,-0.007376754
7/30/2020,56.64,0.026644916
7/31/2020,58,0.024011299
8/1/2020,61.29,0.056724138
8/2/2020,56.64,-0.07586882
8/3/2020,58.47,0.032309322
8/4/2020,57.53,-0.01607662
8/5/2020,59.01,0.025725708
8/6/2020,59.16,0.002541942
8/7/2020,57.25,-0.032285328
8/8/2020,58.13,0.015371179
8/9/2020,57.14,-0.017030793
8/10/2020,58.29,0.020126006
8/11/2020,54.39,-0.066906845
8/12/2020,54.97,0.010663725
8/13/2020,57.74,0.050391122
8/14/2020,56.75,-0.017145826
8/15/2020,59.93,0.056035242
8/16/2020,63.83,0.065075922
8/17/2020,67.03,0.050133166
8/18/2020,65.53,-0.02237804
8/19/2020,62,-0.053868457
8/20/2020,62.97,0.015645161
8/21/2020,59.38,-0.057011275
8/22/2020,60.31,0.015661839
8/23/2020,60.62,0.005140109
8/24/2020,62.2,0.026064005
8/25/2020,58.58,-0.058199357
8/26/2020,58.36,-0.003755548
8/27/2020,56.04,-0.039753256
8/28/2020,57.35,0.02337616
8/29/2020,57.29,-0.001046207
8/30/2020,62.73,0.09495549
8/31/2020,61.11,-0.025824964
9/1/2020,62.88,0.028964163
9/2/2020,58.1,-0.076017812
9/3/2020,47.77,-0.177796902
9/4/2020,50.61,0.059451539
9/5/2020,47.59,-0.059672002
9/6/2020,48.05,0.009665896
9/7/2020,48.77,0.014984391
9/8/2020,47.38,-0.028501128
9/9/2020,47.9,0.010975095
9/10/2020,48.72,0.017118998
9/11/2020,49.09,0.007594417
9/12/2020,50.82,0.035241393
9/13/2020,48.07,-0.054112554
9/14/2020,49.09,0.021219056
9/15/2020,48.39,-0.014259523
9/16/2020,47.93,-0.009506096
9/17/2020,48.88,0.019820572
9/18/2020,48.46,-0.008592471
9/19/2020,48.68,0.004539827
9/20/2020,47.1,-0.032456861
9/21/2020,43.39,-0.078768577
9/22/2020,44.55,0.026734271
9/23/2020,43.06,-0.033445567
9/24/2020,45.04,0.04598235
9/25/2020,46.09,0.023312611
9/26/2020,46.19,0.002169668
9/27/2020,46.09,-0.002164971
9/28/2020,45.36,-0.015838577
9/29/2020,45.8,0.009700176
9/30/2020,46.37,0.012445415
10/1/2020,46.31,-0.00129394
10/2/2020,44.92,-0.030015116
10/3/2020,45.58,0.014692787
10/4/2020,46.73,0.025230364
10/5/2020,46.36,-0.007917826
10/6/2020,45.99,-0.007981018
10/7/2020,46.66,0.014568384
10/8/2020,47.22,0.012001715
10/9/2020,47.83,0.012918255
10/10/2020,48.92,0.022789045
10/11/2020,50.73,0.036999182
10/12/2020,50.74,0.000197122
10/13/2020,49.94,-0.015766654
10/14/2020,49.85,-0.001802163
10/15/2020,49.49,-0.007221665
10/16/2020,47.69,-0.036370984
10/17/2020,47.05,-0.013420004
10/18/2020,47.62,0.012114772
10/19/2020,48.1,0.010079798
10/20/2020,47.05,-0.021829522
10/21/2020,53.05,0.127523911
10/22/2020,54.27,0.022997172
10/23/2020,55.24,0.017873595
10/24/2020,59.1,0.069876901
10/25/2020,58.67,-0.007275804
10/26/2020,56.75,-0.032725413
10/27/2020,57.82,0.018854626
10/28/2020,55.74,-0.035973712
10/29/2020,54.77,-0.017402225
10/30/2020,53.84,-0.016980099
10/31/2020,55.59,0.032503715
11/1/2020,55.59,0
11/2/2020,53.82,-0.031840259
11/3/2020,53.82,0
11/4/2020,54.5,0.012634708
11/5/2020,58.68,0.076697248
11/6/2020,63.13,0.075835037
11/7/2020,59.14,-0.063202915
11/8/2020,61.06,0.032465336
11/9/2020,59.36,-0.027841467
11/10/2020,58.24,-0.018867925
11/11/2020,59.52,0.021978022
11/12/2020,60.37,0.014280914
11/13/2020,65.46,0.084313401
11/14/2020,63.77,-0.025817293
11/15/2020,62.28,-0.023365219
11/16/2020,71.33,0.145311496
11/17/2020,75.85,0.063367447
11/18/2020,73.69,-0.028477258
11/19/2020,81.68,0.108427195
11/20/2020,82.58,0.011018609
11/21/2020,86.41,0.046379269
11/22/2020,82.7,-0.042934846
11/23/2020,89.04,0.076662636
11/24/2020,89.21,0.001909254
11/25/2020,81.88,-0.082165676
11/26/2020,70.87,-0.134465071
11/27/2020,69.12,-0.0246931
11/28/2020,72.69,0.051649306
11/29/2020,79.24,0.090108681
11/30/2020,87.57,0.105123675
12/1/2020,85.44,-0.024323398
12/2/2020,88.86,0.04002809
12/3/2020,89.1,0.002700878
12/4/2020,80.02,-0.101907969
12/5/2020,83.12,0.038740315
12/6/2020,83.56,0.005293551
12/7/2020,83.62,0.000718047
12/8/2020,76.75,-0.082157379
12/9/2020,77.41,0.008599349
12/10/2020,74.83,-0.033329027
12/11/2020,72.09,-0.03661633
12/12/2020,76.71,0.064086558
12/13/2020,82,0.068961022
12/14/2020,82.36,0.004390244
12/15/2020,81.4,-0.011656144
12/16/2020,92.79,0.13992629
12/17/2020,100.96,0.088048281
12/18/2020,109.38,0.083399366
12/19/2020,120.56,0.10221247
12/20/2020,114.67,-0.048855342
12/21/2020,105.01,-0.084241737
12/22/2020,113.68,0.082563565
12/23/2020,101.82,-0.104327938
12/24/2020,111.57,0.095757219
12/25/2020,126.98,0.138119566
12/26/2020,129.46,0.019530635
12/27/2020,127.52,-0.014985324
12/28/2020,130.05,0.019840025
12/29/2020,129.04,-0.007766244
12/30/2020,129.47,0.0033323
12/31/2020,124.69,-0.03691975
1/1/2021,126.23,0.01235063
1/2/2021,136.94,0.084845124
1/3/2021,160.19,0.169782386
1/4/2021,154.81,-0.033585118
1/5/2021,158.59,0.024417027
1/6/2021,169.02,0.065767072
1/7/2021,169.62,0.003549876
1/8/2021,173.28,0.021577644
1/9/2021,177.48,0.024238227
1/10/2021,171.11,-0.035891368
1/11/2021,139.25,-0.186196014
1/12/2021,132.64,-0.047468582
1/13/2021,147.42,0.111429433
1/14/2021,152.08,0.031610365
1/15/2021,144.24,-0.051551815
1/16/2021,144.27,0.000207987
1/17/2021,142.43,-0.012753864
1/18/2021,152.14,0.06817384
1/19/2021,153.49,0.008873406
1/20/2021,149.93,-0.023193693
1/21/2021,130.13,-0.132061629
1/22/2021,137.27,0.054868209
1/23/2021,137.75,0.003496758
1/24/2021,141.48,0.02707804
1/25/2021,137.44,-0.028555273
1/26/2021,134.76,-0.019499418
1/27/2021,122.95,-0.087637281
1/28/2021,133.49,0.085725905
1/29/2021,135.01,0.011386621
1/30/2021,133.4,-0.011925043
1/31/2021,129.57,-0.028710645
2/1/2021,131.95,0.018368449
2/2/2021,142.51,0.080030315
2/3/2021,155.61,0.091923374
2/4/2021,145.15,-0.06721933
2/5/2021,154.85,0.06682742
2/6/2021,155.71,0.005553762
2/7/2021,151.14,-0.029349432
2/8/2021,167.22,0.106391425
2/9/2021,182.11,0.089044373
2/10/2021,182.17,0.000329471
2/11/2021,184.5,0.012790251
2/12/2021,197.23,0.06899729
2/13/2021,226.23,0.147036455
2/14/2021,214.43,-0.052159307
2/15/2021,207.68,-0.031478804
2/16/2021,210.55,0.013819337
2/17/2021,236.97,0.125480883
2/18/2021,226.87,-0.042621429
2/19/2021,236.68,0.043240622
2/20/2021,227.62,-0.038279534
2/21/2021,227.23,-0.001713382
2/22/2021,208.11,-0.084143819
2/23/2021,176.93,-0.149824612
2/24/2021,181.38,0.02515119
2/25/2021,178.9,-0.013672952
2/26/2021,170.4,-0.047512577
2/27/2021,172.1,0.009976526
2/28/2021,164.93,-0.041661825
3/1/2021,175.24,0.062511368
3/2/2021,177.87,0.015007989
3/3/2021,188.53,0.059931411
3/4/2021,181.08,-0.039516257
3/5/2021,180.77,-0.001711951
3/6/2021,182.98,0.01222548
3/7/2021,190.76,0.042518308
3/8/2021,191.93,0.006133361
3/9/2021,203.64,0.061011827
3/10/2021,200.52,-0.015321155
3/11/2021,201.25,0.003640535
3/12/2021,220.83,0.097291925
3/13/2021,226.58,0.026038129
3/14/2021,215.3,-0.049783741
3/15/2021,201.26,-0.065211333
3/16/2021,201.04,-0.001093113
3/17/2021,206.07,0.025019897
3/18/2021,200.54,-0.026835541
3/19/2021,201.06,0.002592999
3/20/2021,200.81,-0.00124341
3/21/2021,196.43,-0.021811663
3/22/2021,187.08,-0.047599654
3/23/2021,187.39,0.001657045
3/24/2021,177.65,-0.05197716
3/25/2021,173.06,-0.025837321
3/26/2021,184.28,0.064833006
3/27/2021,184.83,0.002984589
3/28/2021,185.03,0.001082075
3/29/2021,194.47,0.051018754
3/30/2021,196.68,0.011364221
3/31/2021,197.5,0.004169209
4/1/2021,204.11,0.033468354
4/2/2021,213.23,0.044681789
4/3/2021,197.15,-0.075411527
4/4/2021,204.04,0.034948009
4/5/2021,221.07,0.083464027
4/6/2021,237.66,0.075044104
4/7/2021,219.42,-0.076748296
4/8/2021,227,0.03454562
4/9/2021,221.86,-0.022643172
4/10/2021,255.62,0.152168034
4/11/2021,253.63,-0.007784993
4/12/2021,244.49,-0.036036746
4/13/2021,266.98,0.091987402
4/14/2021,279.75,0.047831298
4/15/2021,286.59,0.024450402
4/16/2021,310.61,0.083813113
4/17/2021,304.76,-0.018833907
4/18/2021,273.1,-0.103885024
4/19/2021,261.92,-0.040937386
4/20/2021,260.94,-0.0037416
4/21/2021,258.81,-0.008162796
4/22/2021,253.08,-0.022139794
4/23/2021,241.36,-0.046309467
4/24/2021,224.84,-0.068445476
4/25/2021,223.63,-0.005381605
4/26/2021,247.41,0.106336359
4/27/2021,259.65,0.049472535
4/28/2021,258.51,-0.004390526
4/29/2021,255.59,-0.011295501
4/30/2021,271.17,0.060957001
5/1/2021,276.83,0.020872515
5/2/2021,269.1,-0.027923274
5/3/2021,294.7,0.095131921
5/4/2021,306.23,0.039124533
5/5/2021,356.04,0.16265552
5/6/2021,353.51,-0.007105943
5/7/2021,346.25,-0.020536901
5/8/2021,346.37,0.00034657
5/9/2021,386.45,0.115714409
5/10/2021,359.33,-0.070177254
5/11/2021,377.39,0.050260206
5/12/2021,303.08,-0.196905058
5/13/2021,316.91,0.045631516
5/14/2021,326.23,0.02940898
5/15/2021,299.77,-0.08110842
5/16/2021,296.63,-0.010474697
5/17/2021,281.77,-0.050096079
5/18/2021,294.62,0.045604571
5/19/2021,189.52,-0.356730704
5/20/2021,212.28,0.120092866
5/21/2021,180.2,-0.151121161
5/22/2021,169.59,-0.058879023
5/23/2021,143.52,-0.153723687
5/24/2021,183.99,0.281981605
5/25/2021,183.5,-0.002663188
5/26/2021,199.22,0.085667575
5/27/2021,193.12,-0.030619416
5/28/2021,177.32,-0.081814416
5/29/2021,163.81,-0.076189939
5/30/2021,170.98,0.043770222
5/31/2021,188.03,0.099719265
6/1/2021,182.98,-0.026857416
6/2/2021,187.26,0.023390534
6/3/2021,193.09,0.031133184
6/4/2021,178.87,-0.073644415
6/5/2021,173.03,-0.03264941
6/6/2021,176.64,0.020863434
6/7/2021,161.73,-0.084408967
6/8/2021,161.16,-0.003524393
6/9/2021,172.14,0.06813105
6/10/2021,168.2,-0.022888347
6/11/2021,162.88,-0.031629013
6/12/2021,162.01,-0.005341356
6/13/2021,170.93,0.05505833
6/14/2021,172.95,0.011817703
6/15/2021,178.66,0.033015322
6/16/2021,166.46,-0.06828613
6/17/2021,167.06,0.00360447
6/18/2021,156.36,-0.064048845
6/19/2021,153.3,-0.019570223
6/20/2021,155.09,0.011676451
6/21/2021,124.79,-0.19537043
6/22/2021,119.6,-0.041589871
6/23/2021,128.67,0.07583612
6/24/2021,134.48,0.045154271
6/25/2021,125.69,-0.065362879
6/26/2021,126.66,0.0077174
6/27/2021,132.35,0.044923417
6/28/2021,137.37,0.037929732
6/29/2021,143.7,0.04607993
6/30/2021,144.14,0.003061935
7/1/2021,137.58,-0.045511308
7/2/2021,136.94,-0.004651839
7/3/2021,140.28,0.024390244
7/4/2021,144.91,0.033005418
7/5/2021,138.07,-0.047201711
7/6/2021,138.99,0.006663287
7/7/2021,137.37,-0.011655515
7/8/2021,132.31,-0.036834826
7/9/2021,134.57,0.017081097
7/10/2021,133.99,-0.004310025
7/11/2021,134.25,0.001940443
7/12/2021,133.54,-0.005288641
7/13/2021,131.32,-0.016624232
7/14/2021,131.06,-0.001979896
7/15/2021,125.49,-0.042499618
7/16/2021,121.04,-0.035460993
7/17/2021,120.03,-0.008344349
7/18/2021,119.51,-0.00433225
7/19/2021,113.16,-0.053133629
7/20/2021,107.4,-0.050901379
7/21/2021,117.46,0.093668529
7/22/2021,120.74,0.0279244
7/23/2021,124.25,0.02907073
7/24/2021,126.19,0.015613682
7/25/2021,127.6,0.011173627
7/26/2021,131.36,0.029467085
7/27/2021,134.62,0.024817296
7/28/2021,139.84,0.038775813
7/29/2021,141.32,0.010583524
7/30/2021,145.78,0.031559581
7/31/2021,144.93,-0.005830704
8/1/2021,140.74,-0.028910509
8/2/2021,141.51,0.005471081
8/3/2021,138.29,-0.022754576
8/4/2021,142.62,0.031311013
8/5/2021,143.44,0.005749544
8/6/2021,147.8,0.030395984
8/7/2021,155.86,0.054533153
8/8/2021,149.85,-0.038560246
8/9/2021,166.52,0.111244578
8/10/2021,165.46,-0.006365602
8/11/2021,170.94,0.033119787
8/12/2021,165.13,-0.033988534
8/13/2021,183.29,0.10997396
8/14/2021,182.71,-0.003164384
8/15/2021,184.9,0.011986208
8/16/2021,178.85,-0.032720389
8/17/2021,168.84,-0.055968689
8/18/2021,167.4,-0.008528785
8/19/2021,175.49,0.04832736
8/20/2021,183.63,0.046384409
8/21/2021,179.74,-0.021183902
8/22/2021,186.31,0.036552798
8/23/2021,187.11,0.004293919
8/24/2021,173.58,-0.072310406
8/25/2021,177.6,0.02315935
8/26/2021,168.09,-0.053547297
8/27/2021,175.98,0.04693914
8/28/2021,175.45,-0.003011706
8/29/2021,174.7,-0.004274722
8/30/2021,167.42,-0.041671437
8/31/2021,171.66,0.025325529
9/1/2021,180.97,0.054235116
9/2/2021,183.62,0.014643311
9/3/2021,212.97,0.159840976
9/4/2021,212.36,-0.002864253
9/5/2021,231.33,0.089329441
9/6/2021,219.53,-0.051009381
9/7/2021,178.11,-0.188675807
9/8/2021,179.72,0.009039358
9/9/2021,180.38,0.003672379
9/10/2021,174.3,-0.033706619
9/11/2021,178.69,0.02518646
9/12/2021,183.23,0.02540713
9/13/2021,179.48,-0.020466081
9/14/2021,183.14,0.020392244
9/15/2021,189.24,0.033307852
9/16/2021,185.54,-0.019551892
9/17/2021,179.68,-0.031583486
9/18/2021,181.31,0.009071683
9/19/2021,175.74,-0.030720865
9/20/2021,156.46,-0.109707522
9/21/2021,148.39,-0.051578678
9/22/2021,161.41,0.087741762
9/23/2021,163.82,0.014930921
9/24/2021,152.23,-0.070748382
9/25/2021,151.18,-0.006897458
9/26/2021,150.64,-0.003571901
9/27/2021,145.35,-0.035116835
9/28/2021,140.6,-0.032679739
9/29/2021,144.92,0.030725462
9/30/2021,153.15,0.056789953
10/1/2021,166.13,0.08475351
10/2/2021,169.26,0.018840667
10/3/2021,170.61,0.007975895
10/4/2021,167.54,-0.017994256
10/5/2021,173.89,0.037901397
10/6/2021,178.71,0.027718673
10/7/2021,178.77,0.000335739
10/8/2021,175.97,-0.015662583
10/9/2021,179.66,0.020969483
10/10/2021,175.32,-0.024156741
10/11/2021,179.43,0.023442847
10/12/2021,172.8,-0.036950343
10/13/2021,177.63,0.027951389
10/14/2021,180.12,0.014017902
10/15/2021,188.81,0.048245614
10/16/2021,186.19,-0.013876384
10/17/2021,183.73,-0.01321231
10/18/2021,185.56,0.009960268
10/19/2021,188.94,0.018215133
10/20/2021,206.87,0.094897851
10/21/2021,196.87,-0.048339537
10/22/2021,190.82,-0.030730939
10/23/2021,196.31,0.028770569
10/24/2021,190.91,-0.027507514
10/25/2021,195.3,0.022995129
10/26/2021,197.47,0.011111111
10/27/2021,179.33,-0.091862055
10/28/2021,189.98,0.059387721
10/29/2021,196.34,0.033477208
10/30/2021,190.48,-0.029846185
