Date,Open*,High,Low,Close**,Volume,Market Cap
10/30/2021,2451.72,2473.91,2355.19,2377.42,100013715,2356807209
10/29/2021,2382.58,2467.24,2369.78,2450.87,119084386,2429615106
10/28/2021,2226.99,2414.94,2216.46,2382.42,110393579,2361760362
10/27/2021,2461.94,2502.76,2212.83,2227.94,158137132,2208622416
10/26/2021,2473.96,2554.51,2443.19,2461.95,158945762,2440599304
10/25/2021,2440.06,2481.84,2429.66,2474.1,101997441,2452643253
10/24/2021,2528.25,2532.9,2386.08,2440.21,99796302,2419052179
10/23/2021,2520.52,2546.36,2496.64,2527.55,85183922,2505634983
10/22/2021,2570.61,2621.68,2499.52,2519.69,101137408,2497842464
10/21/2021,2595.06,2703.86,2548.94,2570.63,145832428,2548340235
10/20/2021,2493.1,2596.58,2463.65,2593.23,115238022,2570742461
10/19/2021,2508.25,2522.92,2456.69,2494.57,102712611,2472937431
10/18/2021,2550.86,2575.72,2440.18,2507.49,103475640,2485745280
10/17/2021,2595.2,2635.11,2487.45,2550.84,88966792,2528723178
10/16/2021,2564.87,2674.34,2557.92,2594.5,107620468,2571997800
10/15/2021,2543.04,2594.84,2477.07,2564.86,113081741,2542614054
10/14/2021,2492.31,2610.63,2482.23,2539.5,114749601,2517478621
10/13/2021,2441.39,2492.38,2373.66,2492.38,99436938,2470764952
10/12/2021,2449.29,2499.06,2360.6,2442.03,129513681,2420856345
10/11/2021,2460.78,2556.74,2398.55,2449.78,100299677,2428538003
10/10/2021,2572.22,2717.59,2445.91,2464.98,156837523,2443603552
10/9/2021,2494.74,2591.35,2472.53,2571.65,105868743,2549349639
10/8/2021,2500.9,2570.76,2461.37,2497.71,104183785,2476047016
10/7/2021,2489.82,2534.05,2420.9,2500,104059555,2478323729
10/6/2021,2546.73,2584.53,2391.04,2491.79,113928359,2470181322
10/5/2021,2543.5,2588.79,2487.37,2544.34,113047900,2522272530
10/4/2021,2540.41,2551.45,2384.05,2535.3,122745705,2513313981
10/3/2021,2481.36,2602.32,2440.76,2542.17,109299845,2520122847
10/2/2021,2442.93,2556.84,2389.79,2485.14,121501164,2463594093
10/1/2021,2286.91,2468.49,2268.48,2441.05,148912859,2419882523
9/30/2021,2231.92,2314.47,2218.26,2282.43,146172439,2262637051
9/29/2021,2227.7,2315.48,2179.63,2227.24,143786357,2207926877
9/28/2021,2244.86,2423.71,2218.32,2225.2,168222103,2205904698
9/27/2021,2352.51,2421.59,2242.18,2248.05,150493990,2228560177
9/26/2021,2262.9,2557.54,2166.76,2346.11,364533363,2325760498
9/25/2021,2298.78,2326.42,2206.71,2265.18,88519411,2245536536
9/24/2021,2491.43,2504.75,2161.45,2295.26,139004657,2275355774
9/23/2021,2528.82,2568.72,2455.74,2489.77,115396379,2468180786
9/22/2021,2285.04,2541.99,2267.79,2530.33,104653521,2508386484
9/21/2021,2437.61,2538.96,2241.49,2287.37,127753503,2267531823
9/20/2021,2769.91,2769.91,2398.39,2418.97,148408953,2397993479
9/19/2021,2841.37,2874.69,2731.36,2768.09,83204838,2744082609
9/18/2021,2787.88,2903.4,2753.53,2841.41,84225316,2816768523
9/17/2021,2971.14,2989.92,2759.52,2787.79,158976025,2763613237
9/16/2021,3065.09,3161.05,2917.17,2970.84,159842693,2945082123
9/15/2021,2920.54,3076.87,2832.37,3069.03,149068499,3042418869
9/14/2021,2810.57,2944.33,2790.42,2923.86,114225923,2898501014
9/13/2021,2875.74,2896.8,2652.3,2809.29,119721607,2784931936
9/12/2021,2847.22,2965.52,2797.55,2876.46,112180035,2851513332
9/11/2021,2783.09,2914.58,2775.49,2843.38,113364476,2818719344
9/10/2021,2938.86,2992.03,2727.48,2780.36,150701135,2756251887
9/9/2021,2966.76,3096.11,2922.77,2938.11,167265231,2912635421
9/8/2021,3042.52,3131.66,2819.63,3016.73,174976944,2990568932
9/7/2021,3620.74,3622.38,2834.94,3048.94,275244085,3022497053
9/6/2021,3720.01,3722.89,3562.47,3622.33,170720494,3590915635
9/5/2021,3549.8,3721.02,3528.11,3720.98,150344826,3688714388
9/4/2021,3649.27,3721.45,3546.22,3550.29,142855363,3519500000
9/3/2021,3552.01,3750.52,3482.62,3646.68,186040132,3615061800
9/2/2021,3695.06,3699.09,3550.66,3553.3,137791540,3522487757
9/1/2021,3523.78,3700.82,3430.09,3694.88,180538009,3662837032
8/31/2021,3359.75,3566.59,3320.62,3525.93,189265194,3495358806
8/30/2021,3457.98,3509.04,3320.43,3355,157327219,3325911535
8/29/2021,3608.56,3680.08,3395.84,3456.22,165393604,3426245908
8/28/2021,3752.02,3780.38,3589.42,3608.77,124937113,3577478395
8/27/2021,3587.06,3789.76,3546.16,3746.96,133931335,3714472185
8/26/2021,3701.81,3742.15,3460.09,3591.64,146425413,3560493127
8/25/2021,3630.82,3749.5,3501.31,3695.25,133764312,3663207626
8/24/2021,3879.08,3906.63,3603.39,3633,143525374,3601494145
8/23/2021,3809.77,4006.17,3801.99,3876.78,140101308,3843158396
8/22/2021,3872.92,3887.93,3706.93,3813.73,126954395,3780657969
8/21/2021,3817.28,3979.69,3717.65,3870.4,183580427,3836839350
8/20/2021,3745.07,3850.75,3705.01,3813.08,145465521,3780016317
8/19/2021,3521.19,3743.64,3451.02,3740.34,150588867,3707903578
8/18/2021,3450.23,3637.01,3389.13,3524.51,156882135,3493945738
8/17/2021,3582.02,3777.32,3438.88,3453.95,163385512,3424003407
8/16/2021,3804.74,3884.23,3571.1,3587.99,174879656,3556878526
8/15/2021,3872.1,3884.09,3626.99,3805.48,190930645,3772484502
8/14/2021,3709.01,3910.84,3564.07,3868.42,233364345,3834873939
8/13/2021,3252.3,3708.35,3240.24,3708.35,207787464,3676193666
8/12/2021,3371.84,3425.24,3170.11,3247.58,179884689,3219418509
8/11/2021,3394.38,3526.13,3343.83,3370.39,191189491,3341160753
8/10/2021,3365.83,3462.61,3268.76,3396.09,209281217,3366642876
8/9/2021,3234.3,3378.68,3091.02,3366.4,162710286,3337204743
8/8/2021,3410.64,3442.71,3155.71,3232.09,156222578,3204066928
8/7/2021,3252.42,3474.33,3230.6,3400.42,202263652,3370934679
8/6/2021,3287.15,3370.3,3116.13,3250.06,209152836,3221879541
8/5/2021,2970.14,3288.03,2800.6,3278.27,232713367,3249845087
8/4/2021,2787.62,2993.59,2750.25,2970.52,142286143,2944764358
8/3/2021,2921.7,2947.57,2741.7,2779.85,108398279,2755743594
8/2/2021,2895.66,3030.12,2846.79,2922.26,116525614,2896921750
8/1/2021,2980.63,3089.56,2904.29,2921.9,114257156,2896563093
7/31/2021,2913.1,3012.02,2861.91,2987.26,106436361,2961350838
7/30/2021,2898.47,2942.67,2773.74,2917.43,120660147,2892131669
7/29/2021,2656.96,2898.88,2613.79,2895.59,133604317,2870476366
7/28/2021,2690.51,2715,2620.58,2653.45,98708098,2630438274
7/27/2021,2597.28,2722.47,2509.33,2685.88,105878747,2662588172
7/26/2021,2571.29,2840.76,2553.61,2603.85,151296490,2581273361
7/25/2021,2577.41,2590.43,2461.34,2568.89,95870576,2546609591
7/24/2021,2512.57,2611.25,2494.68,2577.71,94700099,2555360207
7/23/2021,2435.81,2532.54,2401.94,2514.4,104617521,2492591370
7/22/2021,2438.42,2472.56,2385.5,2438.97,92064264,2417822781
7/21/2021,2187.67,2478.53,2156.12,2434.08,121525410,2412976058
7/20/2021,2291.84,2321.07,2117.89,2190.36,101651959,2171370356
7/19/2021,2470.23,2478.93,2277.33,2283.06,96913831,2263259178
7/18/2021,2424.6,2544.67,2409.33,2471.35,90947936,2449922439
7/17/2021,2421.53,2463.64,2385.64,2424.45,83169577,2403421510
7/16/2021,2564.64,2612.48,2411.83,2424.09,102207469,2403072710
7/15/2021,2514.1,2628.24,2453.98,2560.9,125645590,2538689405
7/14/2021,2523.36,2578.15,2403.7,2515.1,89141386,2493292612
7/13/2021,2604.9,2641.74,2506.45,2523.9,85942349,2502014744
7/12/2021,2668.61,2732.97,2572.31,2608.42,106970762,2585798687
7/11/2021,2673.68,2718.51,2617.9,2667.41,92776914,2644280102
7/10/2021,2707.26,2766.76,2611.67,2667.52,95109224,2644386586
7/9/2021,2656.84,2816.2,2559.2,2701.4,133029525,2677972994
7/8/2021,2863.5,2865.91,2600.93,2661.63,153687153,2638579273
7/7/2021,2749.74,2939.54,2736.8,2856.12,178716001,2831385120
7/6/2021,2755.45,3103.68,2726.95,2747.3,258169569,2723511008
7/5/2021,2800.5,2820.89,2639.69,2750.07,132180516,2726256189
7/4/2021,2638.76,2903.23,2571.87,2798.52,129735246,2774284028
7/3/2021,2583.17,2686.93,2528.87,2635.03,93185154,2612213383
7/2/2021,2506.33,2591.55,2411.3,2580.66,112281725,2558312430
7/1/2021,2677.8,2858.43,2481.63,2508.45,246774826,2486729401
6/30/2021,2425.76,2668.58,2270.83,2668.58,131722291,2645500850
6/29/2021,2211.22,2493.38,2206.37,2410.92,133042374,2390063641
6/28/2021,2130.13,2289.25,2084.74,2213.49,105849880,2194344384
6/27/2021,2009.76,2133.39,1960.83,2130.05,83702989,2111624292
6/26/2021,1972.97,2039.65,1897.06,2005.61,101503567,1988260041
6/25/2021,2236.72,2271.44,1961.07,1974.73,114095751,1957706179
6/24/2021,2315.55,2330.38,2071.49,2235.19,143390200,2216014825
6/23/2021,2267.86,2477.24,2217.15,2361.18,140161347,2340931413
6/22/2021,2097.74,2396.49,1930.59,2261.65,194542453,2242250212
6/21/2021,2704.55,2724.69,2073.19,2102.01,143748987,2083979805
6/20/2021,2587.69,2744.28,2451.65,2707.93,91854031,2684708942
6/19/2021,2690.01,2715.41,2582.78,2596.77,80165256,2574495194
6/18/2021,2914.96,2914.96,2577.99,2686.8,103226214,2663752165
6/17/2021,2947.57,3065.98,2859.55,2912.53,78776933,2887546069
6/16/2021,3155.19,3155.19,2925.98,2944.64,91447229,2919384543
6/15/2021,3218.86,3278.78,3106.25,3223.14,103577384,3195498202
6/14/2021,3146.58,3262.33,3090.53,3190.8,96978904,3163430690
6/13/2021,2940.56,3188.23,2874.17,3147.63,95168806,3120630668
6/12/2021,2925.48,3042.87,2781.54,2937.65,107907614,2912451855
6/11/2021,3114.22,3145.88,2880.95,2920.7,96310078,2895655101
6/10/2021,3329.67,3339.04,3051.1,3116.09,113360079,3089365312
6/9/2021,3241.6,3340.26,3042.24,3324.82,149857133,3296308291
6/8/2021,3309.7,3364.75,2894.58,3251.08,217626261,3223372629
6/7/2021,3615.09,3808.24,3287.45,3301.1,168996344,3272961662
6/6/2021,3557.1,3642.11,3514.38,3617.61,104783667,3586781142
6/5/2021,3731.66,3915.4,3420.44,3560.81,198422741,3530457587
6/4/2021,3657.49,3968.78,3449.4,3729.45,359861389,3697721687
6/3/2021,3564.2,3720.58,3536.11,3656.25,155580374,3625150188
6/2/2021,3594.16,3724.21,3509.67,3560.78,145147486,3530488315
6/1/2021,3597.8,3695.5,3484.13,3597.72,193150118,3567143993
5/31/2021,3309.22,3609.26,3170.21,3592.3,200461494,3561767056
5/30/2021,3066.39,3445.69,2856.77,3309.95,214585881,3281818008
5/29/2021,3251.15,3449.8,2873.01,3059.17,195692290,3033192608
5/28/2021,3712.2,3777.24,3130.11,3250.11,231798096,3222520429
5/27/2021,3973.41,3973.41,3582.38,3704.65,237614099,3673199568
5/26/2021,3863.7,4030.13,3676.45,3973.24,360408547,3939502985
5/25/2021,4172.39,4334.24,3304.91,3865.09,624392843,3832423772
5/24/2021,2726.74,4238.76,2726.74,4176.24,1215574613,4141000680
5/23/2021,2770.84,2882.96,1835.96,2736.42,628742188,2715836539
5/22/2021,3118.79,3211.26,2552.79,2767.62,395228772,2747229877
5/21/2021,3942.36,4178.73,2721.44,3116.38,365983887,3094205815
5/20/2021,3480.93,4217.34,3037.36,3956.25,475673640,3928867613
5/19/2021,4657.3,4735.19,2571.3,3510.68,668547468,3489623136
5/18/2021,4250.52,5034.97,4212.15,4657.82,411613893,4631735603
5/17/2021,4545.25,4777.63,4137.79,4249.34,420356936,4225548979
5/16/2021,4596.07,4915.64,4212.11,4548.46,364410792,4523555982
5/15/2021,5007.62,5131.25,4591.9,4601.49,378885412,4576611178
5/14/2021,4757.05,5344.33,4724.21,5009.06,387449597,4982285140
5/13/2021,4923.4,5301.13,4447.67,4764.65,695769388,4739267356
5/12/2021,5373.72,6074.91,4870.02,4870.02,836031974,4844575430
5/11/2021,4984.21,5406.88,4744.44,5378.7,390896422,5353089254
5/10/2021,5280.56,5443.91,4700.7,4993.97,381972837,4970189873
5/9/2021,5637.7,5682.68,5056.14,5282.58,366649358,5257428357
5/8/2021,5082.27,5840.38,5011.64,5607.19,662873969,5580493681
5/7/2021,5055.63,5354.79,4872.93,5081.07,362735396,5056873462
5/6/2021,5414.55,5434.62,4924.83,5049.03,463186404,5024991813
5/5/2021,5242.05,5511.59,5119.55,5411.55,572520782,5385781149
5/4/2021,5982.14,6011.9,5099.57,5251.64,952493327,5226634897
5/3/2021,4907.47,6339.02,4907.47,6012.46,1144731425,5983831674
5/2/2021,4779.69,5095.49,4519.37,4902.87,449717726,4879527217
5/1/2021,4351.02,4993.36,4292.48,4777.09,505633521,4754345804
4/30/2021,4259.31,4355.27,4081.47,4355.27,248627513,4334536316
4/29/2021,4405.31,4409.52,4069.77,4259.75,295690848,4239472268
4/28/2021,4554.56,4653.31,4143.57,4406.94,301285545,4385960929
4/27/2021,4018.01,4597.32,4015.3,4520.3,401553050,4498773028
4/26/2021,3820.98,4143.95,3754.79,4020.17,297750656,4001026939
4/25/2021,4011.97,4128.76,3575.95,3825.86,321972422,3807641396
4/24/2021,4071.25,4152.16,3612.68,4009.41,441585628,3990323522
4/23/2021,4023.38,4547.93,3261.69,4079.54,1299749438,4060114919
4/22/2021,4042.67,4943.66,3852.67,4034.26,1511675210,4015049910
4/21/2021,3454.25,4260.36,3376.4,4020.19,645363198,4001044923
4/20/2021,3512.68,3650.71,3178.27,3452.38,322106362,3435945803
4/19/2021,3245.29,3848.42,3172.47,3520.08,501944213,3503315158
4/18/2021,3343.41,3366.5,2796.74,3233.73,303739895,3218338247
4/17/2021,3378.29,3643.05,3321.91,3341.22,256231019,3325314586
4/16/2021,3763.4,3824.65,3221.26,3381.33,534994168,3365229652
4/15/2021,2680.51,4065.12,2680.51,3770.8,1307858190,3752846005
4/14/2021,2573.57,2683.23,2495.98,2682.37,202588564,2669598263
4/13/2021,2680.49,2741.84,2439.85,2574.44,218403491,2562177651
4/12/2021,2275.84,2699.28,2273.77,2657.88,267640808,2645228613
4/11/2021,2231.16,2302.79,2181.56,2277.49,88365945,2266646174
4/10/2021,2223.28,2341.68,2177.13,2231.51,127851842,2220889632
4/9/2021,2201.36,2281.89,2173.66,2224.55,92404316,2213954142
4/8/2021,2110.04,2230.43,2082.72,2201.72,96354239,2191235746
4/7/2021,2293.5,2349.76,2026.51,2103.18,147498156,2093168888
4/6/2021,2327.49,2346.36,2189.98,2295.12,117312912,2284190739
4/5/2021,2308.79,2364.25,2202.28,2328.59,93222670,2317499055
4/4/2021,2236.48,2347.72,2227.89,2308.02,104507609,2297031463
4/3/2021,2480.89,2553.02,2226.76,2237.21,144097469,2226562027
4/2/2021,2296.46,2563.73,2275.12,2483.64,194064040,2471818236
4/1/2021,2103.3,2360.14,2103.3,2302.54,159875731,2291579038
3/31/2021,2082.05,2129.71,2031.51,2103.51,70481600,2093490598
3/30/2021,2089.98,2149.28,2073.38,2082.05,64516025,2072140344
3/29/2021,2062.15,2128.21,2037.42,2090.22,66986853,2080264717
3/28/2021,2145.5,2149.05,2027.79,2063.13,85592692,2053303367
3/27/2021,1982.19,2224.73,1961.19,2146.17,180843951,2135952427
3/26/2021,1890.8,1993.82,1890.8,1982.31,73439409,1972869939
3/25/2021,1825.31,1931.61,1806.95,1890.32,109058791,1881323186
3/24/2021,2014.63,2068.04,1799.21,1826.34,85175904,1817640375
3/23/2021,1976.1,2025.49,1914.6,2017.28,86107475,2007680103
3/22/2021,2104.68,2115.84,1963.21,1976.52,82684664,1967104891
3/21/2021,2140.49,2164.1,2072.35,2103.98,74760853,2093966098
3/20/2021,2105.34,2249.65,2100.67,2140.34,113820252,2130146965
3/19/2021,2113.08,2136.13,2068.25,2105.64,73080081,2095615103
3/18/2021,2106.39,2177.96,2100.48,2112.71,82763434,2102652793
3/17/2021,2066.75,2163.76,2031.08,2107.91,74491833,2097872287
3/16/2021,1995.63,2099.31,1940.3,2067.21,89134514,2057365544
3/15/2021,2056.18,2095.97,1945.36,1995.93,99094945,1986423748
3/14/2021,2174.72,2194.7,2057.5,2057.5,89257574,2047700500
3/13/2021,2139.14,2219.77,2089.7,2175.57,90461070,2165209635
3/12/2021,2227.29,2283.81,2102.42,2139.25,99556903,2129061819
3/11/2021,2255.33,2279.8,2122.15,2227.02,100396570,2216415155
3/10/2021,2258.72,2317.51,2177.66,2256.74,112379851,2245997047
3/9/2021,2188.17,2266.39,2140.26,2258.47,103779139,2247717271
3/8/2021,2231.83,2248.17,2067.7,2188.54,115338460,2178120556
3/7/2021,2237.98,2251.68,2161.09,2231.46,68740697,2220835807
3/6/2021,2062.8,2310.17,2048.97,2237.46,112235172,2226807085
3/5/2021,2198.55,2198.55,2049.37,2063.33,65955784,2053501853
3/4/2021,2198.19,2232.43,2052.62,2199.04,98564483,2188568761
3/3/2021,2172.65,2359.74,2162.15,2198.98,80078311,2188505693
3/2/2021,2172.89,2290.44,2099.76,2173.16,80878871,2162813704
3/1/2021,2030.19,2252.86,2029.07,2172.82,107348787,2162475756
2/28/2021,1979.36,2066.38,1798.53,2029.31,101657179,2019648779
2/27/2021,1954.58,2077.76,1946.45,1979.73,73081045,1970301909
2/26/2021,2035.04,2125.76,1895.57,1953.7,90653631,1944398551
2/25/2021,2233.63,2328.99,2025.66,2033.24,95137215,2023559863
2/24/2021,2225.6,2413.85,2166.57,2233.77,119265499,2223352977
2/23/2021,2376.86,2379.02,1786.4,2219.51,256093857,2209489848
2/22/2021,2616.3,2616.91,2091.83,2377.04,165341917,2366800539
2/21/2021,2604.33,2725.82,2554.1,2616.08,120978843,2604810012
2/20/2021,2567.22,3041.57,2505.79,2606.13,272668190,2594903042
2/19/2021,2625.25,2665.06,2519.14,2567.43,113248750,2556365192
2/18/2021,2609.13,2696.7,2550.51,2625.19,122682833,2613884291
2/17/2021,2488.51,2612.64,2376.99,2607.96,151408087,2596728521
2/16/2021,2464.36,2587.99,2421.02,2488.56,152530221,2477837274
2/15/2021,2524.22,2595.43,2231.12,2466.89,198332644,2456262361
2/14/2021,2595.43,2662.1,2487.51,2526.09,175933475,2515203238
2/13/2021,2741.47,2787.05,2548.93,2596.91,222854450,2585718498
2/12/2021,2544.76,2812.1,2524.4,2743.64,318018130,2731816717
2/11/2021,2526.95,2619.24,2457.53,2546.46,228026287,2535484665
2/10/2021,2565.39,2707.58,2343.63,2530.2,296987002,2519299454
2/9/2021,2499.02,2629.78,2451.07,2565.35,249827214,2554295472
2/8/2021,2468.2,2701.1,2406.91,2499.43,350045618,2488660781
2/7/2021,2514.54,2642.96,2265.26,2470.95,328655853,2460300156
2/6/2021,2692.92,2815.99,2290.54,2511.33,507063044,2500513519
2/5/2021,2092.45,3036.41,2092.45,2692.8,891027028,2681201555
2/4/2021,1763.77,2307.4,1668.48,2088.43,390954239,2079433413
2/3/2021,1699.25,1765.82,1642.13,1763.66,196466637,1756063153
2/2/2021,1474.53,1769.59,1469.83,1698.54,300032859,1691221272
2/1/2021,1481.03,1510.82,1425.16,1474.69,150223774,1468336484
1/31/2021,1578.21,1600.79,1411.08,1480.81,184929760,1474429130
1/30/2021,1406.83,1627.96,1390.74,1578.17,257987873,1571365748
1/29/2021,1414.49,1458.41,1363.46,1406.73,182178803,1400668110
1/28/2021,1329.31,1449.07,1311.25,1409.97,145484757,1403897951
1/27/2021,1474.88,1477.84,1278.26,1329.17,146817177,1323442490
1/26/2021,1371.33,1476.77,1299.77,1475.1,154830779,1468745543
1/25/2021,1454.56,1532.71,1348.1,1371.63,161037767,1365721475
1/24/2021,1379.71,1468.61,1368.69,1454.25,155512183,1447987046
1/23/2021,1405.78,1466.3,1361.99,1379.59,166917189,1373642325
1/22/2021,1156.39,1439.8,1077.22,1405.61,214687142,1399549667
1/21/2021,1399.06,1399.06,1137.2,1156.59,178054824,1151606826
1/20/2021,1403.73,1427.65,1261.25,1398.7,202137957,1392681736
1/19/2021,1424.34,1531.5,1392.89,1404.44,182823454,1398468109
1/18/2021,1440.98,1461.71,1382.77,1424.22,151907477,1418243360
1/17/2021,1488.7,1512.16,1426.71,1440.74,185683432,1434765995
1/16/2021,1477.12,1614.45,1469.22,1489.27,221918760,1483166822
1/15/2021,1594.22,1635.07,1351.69,1476.6,260200597,1470643455
1/14/2021,1544.72,1702.41,1480.55,1591.17,272019061,1584801692
1/13/2021,1483.9,1576.06,1393.14,1545.03,271612090,1538918345
1/12/2021,1406.96,1623.17,1326.4,1483.14,402434064,1477341385
1/11/2021,1505.82,1505.82,1083.37,1408.39,487919099,1402994367
1/10/2021,1587.24,1976.24,1445.28,1514.96,702693481,1509293646
1/9/2021,1043.52,1580.71,1028.68,1578.58,457956212,1572745031
1/8/2021,1063.64,1123.61,958.82,1045.07,165155882,1041273141
1/7/2021,1029.53,1176.75,1014.17,1064.73,276749094,1060928131
1/6/2021,762.86,1244.73,740.81,1023.96,386363335,1020399756
1/5/2021,682.91,775.13,654.62,762.64,99610477,760038895
1/4/2021,678.51,749.02,632.78,682.63,94378307,680418713
1/3/2021,609.41,697.94,609.37,678.72,110201825,676648941
1/2/2021,582.28,616.62,570.52,609.31,61864848,607505655
1/1/2021,587.02,600.52,574.51,582.22,43374809,580549443
12/31/2020,576.06,590.32,551.93,586.96,33039320,585318127
12/30/2020,564.5,583.28,543.65,576.02,39292775,574468696
12/29/2020,584.05,592.7,539.94,564.55,47626379,563085162
12/28/2020,564.37,596.12,560.2,584.04,48913091,582576325
12/27/2020,536.73,575.97,528.07,564.38,57020248,563004444
12/26/2020,530.75,542.79,517.7,536.67,39492240,535411747
12/25/2020,527.46,566.1,514.12,530.75,53222427,529557197
12/24/2020,518.03,527.64,496.07,527.54,34418070,526404953
12/23/2020,548.77,551.68,487.78,517.86,62478635,516823896
12/22/2020,526.47,548.77,519.56,548.77,49822698,547722697
12/21/2020,546.56,553.92,511.72,526.62,35402897,525662937
12/20/2020,566.72,568.08,542.01,546.53,29823557,545602713
12/19/2020,569.17,579.99,564.15,566.74,37482306,565813648
12/18/2020,537.97,572.82,532.46,569.11,48930971,568217798
12/17/2020,539.06,558.64,532.05,537.94,55979582,537151968
12/16/2020,530.9,539.55,515.33,539.07,44247872,538318094
12/15/2020,540.28,545.91,528.64,530.92,30665188,530213351
12/14/2020,526.57,540.46,520.5,540.29,31742957,539612142
12/13/2020,513.79,533.41,512.08,526.56,26515667,525981535
12/12/2020,503.87,524.95,503.33,513.74,36442870,513266301
12/11/2020,523.63,523.63,501.72,503.95,50167166,503566870
12/10/2020,506.54,529.86,490.93,523.84,52245466,523533376
12/9/2020,502.04,508.3,473.66,506.5,61381756,506298727
12/8/2020,520.02,524.32,494.9,502.06,42205018,501963306
12/7/2020,529.08,530.18,510.97,519.99,33155103,519980073
12/6/2020,533.69,537.69,510.68,529.09,44146377,529179481
12/5/2020,525.67,537.85,519.98,533.64,47747632,533824613
12/4/2020,591.14,599.38,523.6,525.83,51993868,526095133
12/3/2020,549.97,598.68,549.41,591.06,31770692,591451199
12/2/2020,524.7,554.46,519.92,549.94,33926711,550386733
12/1/2020,559.08,559.89,519.14,524.68,48005558,525207611
11/30/2020,536.29,568.86,526.43,559.09,36189274,559739207
11/29/2020,522.97,537.28,515.65,536.3,29312924,537005719
11/28/2020,515.11,526.28,510.5,522.87,32920566,523639665
11/27/2020,528.3,541.88,509.21,515.07,48690443,515915529
11/26/2020,562.9,570.24,493.99,528.24,76713287,529192408
11/25/2020,595.02,613.13,549.85,563,46992989,564259055
11/24/2020,592.82,609.12,576.44,595,57956019,596414975
11/23/2020,555.58,597.41,543.55,592.81,54559924,594312433
11/22/2020,536.67,576.07,506.81,555.58,63726856,557061573
11/21/2020,516.62,540.39,516.24,536.67,46679787,538188969
11/20/2020,509.14,525.69,508.89,516.62,45141944,518167637
11/19/2020,510.5,525.86,502.08,509.14,45252420,510746174
11/18/2020,525.26,534.86,507.59,510.5,55280692,512105691
11/17/2020,514.05,528.49,511.53,525.27,41768830,526926641
11/16/2020,515.98,528.06,508.2,514.77,36966616,516395522
11/15/2020,528.82,533.44,501.71,515.98,39669923,517605575
11/14/2020,553.88,554.37,520.67,528.82,36118096,530487873
11/13/2020,533.38,554.16,531.23,553.88,31111923,555626440
11/12/2020,543.88,550.04,524.34,533.38,35080919,535062281
11/11/2020,550.35,564.86,540.29,543.88,39307341,545596905
11/10/2020,523.28,555.39,520.07,550.35,32484750,552083423
11/9/2020,534.38,538.89,513.18,523.28,34787658,524931364
11/8/2020,519.54,537.79,512.5,534.38,35842986,536069245
11/7/2020,539.62,557.29,507.71,519.54,58255733,521175187
11/6/2020,529.94,543.42,522.69,539.62,51976183,541327073
11/5/2020,521.58,551.68,519.15,529.95,43318149,531625996
11/4/2020,520.84,528.35,501.06,521.57,42813913,523212692
11/3/2020,520.4,526.84,504.38,520.84,30487770,522485880
11/2/2020,543.06,554.96,519.56,520.4,39178992,522038543
11/1/2020,523.31,544.09,518.15,543.07,30060840,544777972
10/31/2020,520.53,534.67,514.56,523.31,34219037,524959967
10/30/2020,531.49,539.66,512.06,520.53,47047917,522174715
10/29/2020,545.89,551.88,516.78,531.49,38661594,533161870
10/28/2020,587.21,597.6,532,545.89,50497411,547610331
10/27/2020,568.65,596.02,560.87,587.21,39781499,589064766
10/26/2020,579.51,602.96,554.37,568.65,37571781,570468960
10/25/2020,594.3,598.97,572.07,579.51,30653616,581448819
10/24/2020,587.55,602.77,577.23,594.3,24748153,596367860
10/23/2020,588.4,601.49,572.23,587.55,39125157,589664237
10/22/2020,561.34,595.08,561.09,586.81,41560486,589133016
10/21/2020,544.4,567.97,544.4,563.49,36712522,565721792
10/20/2020,566.41,567,543.29,545.19,27030275,547381132
10/19/2020,568.44,576.68,558.38,566.78,22280928,569127735
10/18/2020,551.71,571.81,547.94,568.4,20092898,570831714
10/17/2020,540.72,557.25,533.19,552,19410129,554436862
10/16/2020,554.22,554.32,526.97,540.96,40498766,543433034
10/15/2020,556.49,570.86,537.61,552.16,28191414,554757362
10/14/2020,555.07,580.45,544.29,556.94,33660258,559643209
10/13/2020,560.55,568.81,540.64,553.05,28134989,555809925
10/12/2020,573.23,579.31,559,561.9,28072726,564775720
10/11/2020,570.55,585.49,564.63,576.67,28144788,579733815
10/10/2020,551.37,597.56,546.33,570.78,40055731,573883071
10/9/2020,522.7,555.9,515.76,552.08,37065574,555157637
10/8/2020,516.93,528.46,496.7,523.33,32794875,526251719
10/7/2020,514.37,523.42,495.5,516.04,44886804,518922291
10/6/2020,555.99,559.18,508.1,511.77,44243788,514623062
10/5/2020,569.04,576.97,539.36,558.21,31838611,561320808
10/4/2020,557.62,574.28,552.74,570.92,28139239,574102022
10/3/2020,554.25,584.72,550.07,557.53,37318092,560644068
10/2/2020,575.42,577.5,532.46,553.8,54853215,556893264
10/1/2020,572.83,601.42,555.62,574.57,45948930,577770814
9/30/2020,526.69,576.57,507.9,569.27,48844226,572442318
9/29/2020,514.46,539.5,507.63,526.71,43789520,529645316
9/28/2020,488.19,549.14,487.89,516.38,38939080,519259013
9/27/2020,504.98,507.84,471.09,487.73,31808733,490454772
9/26/2020,487.75,508.97,485.59,507,28615836,509831032
9/25/2020,473.42,498.4,462.39,487.78,30005922,490496688
9/24/2020,427.7,474.79,422.42,471.29,30922381,473913645
9/23/2020,454.64,460.11,424.25,427.03,28027685,429413600
9/22/2020,454.32,467.11,440.34,461.1,32675088,463673336
9/21/2020,475.23,489.46,439.5,455.23,68466570,457770405
9/20/2020,514.04,516.66,469.43,475.5,48894363,478147303
9/19/2020,499.09,532.28,493.47,515.06,50037925,517927823
9/18/2020,503.84,505.84,482.01,499.94,53845809,502724322
9/17/2020,475.54,526.99,470.22,503.84,80186438,506645063
9/16/2020,456.68,479.26,443.86,476.22,59732228,478873994
9/15/2020,484.92,499.7,454.54,456.04,56754208,458588041
9/14/2020,499.02,521.01,477.68,485.01,61771926,487718158
9/13/2020,514.99,516.38,484.58,499.24,65197223,502028128
9/12/2020,523.73,532.34,503.95,514.99,55163898,517860715
9/11/2020,532.48,542,506.11,523.73,41211391,526653016
9/10/2020,524.88,559.63,523.15,532.48,50408025,535453015
9/9/2020,509.12,536.75,501.28,523.83,41005439,526747365
9/8/2020,528.88,531.57,502,508.86,45534207,511701497
9/7/2020,546.95,552.58,504.47,528.41,59807407,531358510
9/6/2020,512.09,548.4,485.01,547.19,61646456,550238178
9/5/2020,589.89,599.71,502.48,512.09,39377802,514944811
9/4/2020,574.24,605.01,564.1,588.69,41524144,591969555
9/3/2020,659.08,662.33,573.82,575.15,46066980,578361746
9/2/2020,721.71,721.71,636.65,659.49,55167262,663166613
9/1/2020,680.2,743.69,672.02,718.89,69490410,722900437
8/31/2020,674.73,685.04,656.89,680.4,44892554,684194897
8/30/2020,632.36,685.57,631,677.75,57151864,681533198
8/29/2020,638.51,647.67,630.61,631.53,35174746,635049873
8/28/2020,615.2,639.04,611.17,633.86,38391526,637397609
8/27/2020,643.99,646.71,612.04,615.47,39955054,618907214
8/26/2020,638.23,654.7,629.65,643.07,40273954,646651647
8/25/2020,676.48,681.54,613.81,641.2,42507623,644780648
8/24/2020,643.3,693.23,632.92,681.25,42951677,685044325
8/23/2020,640.73,648.88,625.11,635.77,26220734,639318934
8/22/2020,605.3,650.8,595.04,639.63,29296073,643192687
8/21/2020,658.52,673.89,600.82,605.3,38887566,608679333
8/20/2020,647.82,700.87,646.65,665.88,38573422,669591725
8/19/2020,673.35,681.07,633.35,652.4,32209163,656037246
8/18/2020,688.9,693.01,655.78,673.35,30395825,677105531
8/17/2020,694.8,732.62,685.11,688.67,46762677,692511565
8/16/2020,694.61,702.46,688.3,694.8,35819862,698676706
8/15/2020,729.63,730.52,687.35,694.1,37794158,697967453
8/14/2020,801.1,819.76,720.57,730.12,53643696,734193387
8/13/2020,728.29,860.93,712.15,797.32,127892399,801768215
8/12/2020,602.78,828.91,600.61,728.76,128697537,732822391
8/11/2020,625.26,628.43,582.69,597.23,32332293,600563880
8/10/2020,598.75,633.39,597.87,625.34,19256045,628828056
8/9/2020,582.91,599.49,582.08,598.39,12228684,601722808
8/8/2020,580.75,588.12,576.44,583.65,9335511,586905798
8/7/2020,586.51,592.5,564.83,580.72,11823164,583963206
8/6/2020,594.94,596.12,578.8,586.13,10591743,589396987
8/5/2020,585.38,600.28,584.98,594.86,10816997,598174738
8/4/2020,592.85,611.38,579.35,585.52,15267995,588781877
8/3/2020,567.34,606.61,566.06,592.87,13229623,596171783
8/2/2020,592.46,625.12,553.86,567.53,22433606,570690294
8/1/2020,557.34,596.46,553.67,592.02,18016912,595324142
7/31/2020,570.63,574.63,554.06,557.34,14766857,560446033
7/30/2020,545.62,578.25,536.98,569.18,27175027,572350876
7/29/2020,516.27,547.83,512.84,545.56,13796889,548605831
7/28/2020,511.37,518.88,497.74,516.13,11150041,519003381
7/27/2020,521.05,530,503.19,511.3,15586799,514146796
7/26/2020,524.89,549.93,513.97,520.87,15596489,523777015
7/25/2020,515.32,535.2,500.8,525.1,14671103,528026759
7/24/2020,529.16,549.89,506.42,515.08,19854814,517956796
7/23/2020,491.34,643.14,486.44,529.07,47470334,532018667
7/22/2020,457.34,499.89,456.85,491.16,11364445,493903823
7/21/2020,451.6,458.69,449.09,457.68,6939261,460229454
7/20/2020,465.45,466.14,450.41,451.79,6199528,454308913
7/19/2020,453.79,469.22,449.35,465.58,7357409,468178195
7/18/2020,449.39,456.06,444.41,454.02,5432042,456547799
7/17/2020,443.38,451.37,440.46,449.43,6330122,451937307
7/16/2020,457.51,458.32,443.01,443.34,5542522,445812168
7/15/2020,463.19,463.72,456.31,457.6,5635029,460155788
7/14/2020,449.15,465.12,447.42,463.69,6616640,466274725
7/13/2020,460.06,466.29,448.18,450.04,9024437,452550141
7/12/2020,472.64,472.64,458.24,460.06,7245498,462621442
7/11/2020,452.34,472.83,450.06,472.57,7474741,475200624
7/10/2020,454.94,456.28,449.04,452.19,5458641,454707226
7/9/2020,459.78,460.61,453.16,455.27,7102712,457807896
7/8/2020,458.88,468.55,453.63,459.78,10105583,462345082
7/7/2020,466.87,473.11,456,458.61,8370606,461170485
7/6/2020,470.33,488.41,459.77,467.54,11326448,470146460
7/5/2020,486.04,490.5,456.64,470.33,13631545,472948492
7/4/2020,447.17,498.96,445.51,485.71,17364314,488416506
7/3/2020,443.88,450.75,436.75,446.48,10365686,448973187
7/2/2020,448.39,460.68,433.17,443.9,10723517,446378800
7/1/2020,456.34,460.55,447.44,448.56,8405942,451058703
6/30/2020,454.47,463.42,440.86,455.85,10601431,458389609
6/29/2020,448.59,461.98,441.57,454.88,9382939,457417083
6/28/2020,445.98,460.7,434.7,448.59,8957347,451087161
6/27/2020,455.13,479.75,439.09,445.98,11742149,448471247
6/26/2020,461.76,471.72,453.67,454.79,9125478,457327156
6/25/2020,485.55,486.61,459.99,462.36,11135424,464938153
6/24/2020,505.3,508.76,473.06,484.58,8624505,487285049
6/23/2020,522.8,524.55,498.37,505.14,10369287,507953765
6/22/2020,513.39,524.5,499.81,523.74,11572662,526661260
6/21/2020,519.74,525.92,510.6,513.31,7379970,516170670
6/20/2020,514.02,527.28,509.68,520.74,7488955,523644413
6/19/2020,526.65,534.46,513.4,514.02,9415755,516891174
6/18/2020,539.42,544.28,516.53,527.51,9229597,530454348
6/17/2020,541.03,564.98,530.83,539.86,14743009,542866346
6/16/2020,548.02,590.97,528.64,541.16,26271318,544178688
6/15/2020,513.81,558.88,445.89,549.07,31321450,552131101
6/14/2020,552.02,556.02,497.69,513.81,14744176,516675945
6/13/2020,593.25,598.47,517.14,551.96,21056355,555036644
6/12/2020,608.19,619.56,584.59,592.75,21518872,596053009
6/11/2020,669.33,739.54,598.32,607.82,39987325,611210498
6/10/2020,691.84,700.27,660.09,668.95,29417157,672676545
6/9/2020,557.9,708.26,547.12,691.58,28620365,695438936
6/8/2020,543.88,559.52,537.41,554.95,15724207,558045839
6/7/2020,495.27,549.54,476.65,543.57,16781005,546605933
6/6/2020,478.99,500.58,452.72,493.92,11787119,496678831
6/5/2020,428.06,478.67,420.61,478.54,9084208,481207368
6/4/2020,426.19,441.85,424.63,426.76,8681675,429138017
6/3/2020,443.53,452.02,413.95,426.66,11320673,429035055
6/2/2020,462.95,462.96,413.48,443.39,13030506,445861561
6/1/2020,460.92,474.89,451.06,460.38,12408341,462948176
5/31/2020,511.7,517.69,459.56,461.11,8183029,463685812
5/30/2020,485.72,529.99,477.72,511.98,11924618,514836826
5/29/2020,357.03,505.75,344.6,486.02,17186941,488730998
5/28/2020,347.21,358.95,340.97,354.98,2841838,356961069
5/27/2020,338.38,352.62,337.24,347.28,2433966,349213564
5/26/2020,345.83,349.84,336.71,338.38,2901371,340270980
5/25/2020,325.38,348.54,322.82,345.82,5983441,347749319
5/24/2020,339.5,349.41,326.2,326.2,5588592,328018363
5/23/2020,322.36,340.64,319.49,339.66,6602919,341554425
5/22/2020,319.17,331.66,313.3,321.98,5469687,323773476
5/21/2020,332.21,335.74,304.07,319.16,4577816,320939448
5/20/2020,333.57,340.24,316.76,331.38,5390385,333231504
5/19/2020,327.49,335.91,319.18,332.37,6016805,334218744
5/18/2020,342.98,352.35,325.31,327.38,7519269,329206506
5/17/2020,335.12,346.07,331.73,340.58,5767341,342482128
5/16/2020,322.96,337.62,321.67,335.12,4705120,336986828
5/15/2020,330.58,337.66,316.6,324.67,5945808,326483846
5/14/2020,327.38,339.09,321.2,331.98,4644178,333834295
5/13/2020,322.98,335.04,318.42,328.61,3341976,330442936
5/12/2020,318.86,329.78,316.63,322.41,3224915,324210178
5/11/2020,328.03,334.24,311.1,317.17,4469427,318935342
5/10/2020,342.27,343.73,305.02,329.03,4518012,330864368
5/9/2020,341.29,345.69,332.81,341.73,2513216,343634435
5/8/2020,342.11,349.05,333.34,339.22,3251342,341110404
5/7/2020,331.59,348.63,324.01,344.5,3030619,346423133
5/6/2020,337.38,344.74,329.92,332.05,2776614,333898998
5/5/2020,346.8,353.09,334.16,336.7,3290879,338578216
5/4/2020,375.44,377.5,340.89,349.28,3403699,351225946
5/3/2020,356.76,378.2,348.15,373.34,2812063,375418892
5/2/2020,355.86,364.88,351.04,359.15,2514864,361155749
5/1/2020,339.23,359.99,339.23,356.3,2689762,358289434
4/30/2020,354.19,363.91,334.28,338.79,4118791,340675182
4/29/2020,343.11,360.18,340.12,353.19,3596798,355154745
4/28/2020,343.04,351.2,333.18,342.63,2817079,344543617
4/27/2020,346.73,350.21,335.35,340.71,2166127,342613621
4/26/2020,338.95,350.12,332.53,345.88,3347772,347811631
4/25/2020,339.6,343.82,331.43,337.43,3120910,339309008
4/24/2020,330.25,340.94,326.34,338.42,3648685,340306976
4/23/2020,325.41,335.49,322.35,327.6,4777462,329429647
4/22/2020,313.42,330.35,305.98,326.73,4342878,328568482
4/21/2020,303.19,316.68,301.05,311.76,4043196,313523870
4/20/2020,322.15,332.81,301.99,305.17,4104666,306925340
4/19/2020,323.53,332.39,316.35,324.23,4398795,326102616
4/18/2020,303.32,328.63,301.17,326.97,3552161,328866464
4/17/2020,301.9,308.15,294.58,302.45,3596155,304200305
4/16/2020,291.56,314.05,283.45,301.89,5317688,303643345
4/15/2020,297.34,303.57,288.93,290.58,2766469,292268310
4/14/2020,299.71,309.91,295.76,299.02,3680941,300767893
4/13/2020,301.04,303.56,282.79,300.9,3469670,302657293
4/12/2020,305.89,344.42,300.12,301.78,3157758,303544574
4/11/2020,335.3,341.02,302.83,308.84,2807321,310650351
4/10/2020,345.3,349.95,298.74,335.3,3359106,337261232
4/9/2020,335.31,349.55,324.59,341.01,3020411,343010997
4/8/2020,327.04,351.41,324.27,345.19,3262995,347219922
4/7/2020,339.7,359.31,323.63,325.24,3258585,327158677
4/6/2020,316.68,351.98,295.07,330.73,4423901,332700865
4/5/2020,316.58,330.83,299.84,302.55,3673867,304351381
4/4/2020,301.27,327.39,295.44,319.28,3119083,321179563
4/3/2020,305.36,322.08,290.78,301.27,8026264,303066706
4/2/2020,301.52,321.31,289.76,300.45,2929752,302233524
4/1/2020,279.51,326.33,264.63,295.78,2988875,297549408
3/31/2020,296.56,305.63,264.3,279.51,3355891,281178665
3/30/2020,290.18,314.11,287.3,295.87,4027365,297633911
3/29/2020,308.55,313.42,286.77,290.38,3918533,292118874
3/28/2020,312.83,313.66,285.69,308.96,4381622,310747832
3/27/2020,339.83,343.37,310.2,312.21,3856178,313026494
3/26/2020,278.73,339.43,272.2,339.43,5119437,340319060
3/25/2020,278.62,285.1,265.24,278.77,4336143,279554350
3/24/2020,269.82,284,261.03,278.04,4379856,278822851
3/23/2020,255.66,270.3,242.55,270.3,3941502,271060917
3/22/2020,271.84,277.84,254.13,255.66,4114263,253788596
3/21/2020,256.6,278.72,252.98,271.63,4365424,269644039
3/20/2020,265.82,305.68,242.98,255.82,5061472,253951774
3/19/2020,206.81,349.85,206.69,262.17,7152117,258319136
3/18/2020,217.01,224.57,193.41,206.91,4470449,203902942
3/17/2020,207.13,238.38,196.55,217.04,4708483,213882825
3/16/2020,212.54,251.14,177.23,213.98,4735260,210909571
3/15/2020,248,274.1,209.96,241.69,5421446,238246349
3/14/2020,287.72,299.1,233.18,254.25,4387391,250659490
3/13/2020,218.18,296.94,184.58,272.75,6327055,269158252
3/12/2020,494,495.59,213.74,216.41,8421637,213469009
3/11/2020,507.04,513.17,465.78,490.48,4590144,484053356
3/10/2020,515.21,531.64,499.82,507.52,4860014,500897533
3/9/2020,516.49,524.95,480.75,514.05,6845671,507351881
3/8/2020,610.8,611.14,516.07,516.54,6319110,509850880
3/7/2020,588.07,614.75,583.37,612.81,7860808,604908100
3/6/2020,547.27,588.58,546.16,588.41,8022047,580824495
3/5/2020,544.08,557.03,539.79,546.77,8434264,539739506
3/4/2020,538.39,549.43,535.14,543.13,8564315,536141053
3/3/2020,571.71,581.7,532.56,537.46,8793873,530561289
3/2/2020,543.06,577.31,537.74,571.86,6566117,564527776
3/1/2020,553.67,565.33,539.27,544.03,5571792,537061423
2/29/2020,581.26,592.44,554.31,556.42,6521916,549305867
2/28/2020,566.14,594.3,561.03,580.79,7473815,573369643
2/27/2020,544.07,583.03,524.34,565.6,7009677,558388265
2/26/2020,593.61,596.37,540.77,543.49,6897584,536575769
2/25/2020,635.85,640.16,591.94,591.94,7206515,584427107
2/24/2020,653.72,660.49,624.82,635.57,7189870,627518083
2/23/2020,645.61,658.16,630.19,653.83,8325943,645559344
2/22/2020,635.75,647.93,614.07,642.52,7627663,634408668
2/21/2020,645.89,650.88,626.9,636.63,7409306,628606080
2/20/2020,640.64,655.7,626.1,644.87,8684619,636755931
2/19/2020,639.19,732.15,623.02,644.51,9185814,636412136
2/18/2020,612.71,643.43,602.23,637.71,7875867,629751289
2/17/2020,639.34,639.34,587.33,614.94,7744867,607285027
2/16/2020,603.7,639,599.19,634.71,8359385,626820980
2/15/2020,638.99,648.19,602.88,607.28,7230162,599742198
2/14/2020,628.14,642.97,609.2,638.99,7666723,631107032
2/13/2020,622.08,641.46,605.24,625.76,7841977,618057907
2/12/2020,591.3,624.58,585.55,614.31,7091879,606754976
2/11/2020,574.55,592.81,562.85,585.55,6457524,578382809
2/10/2020,588.65,592.41,555.45,574.16,6259386,567141284
2/9/2020,581.95,593.9,577.6,591.78,6451746,584607549
2/8/2020,580.9,586.42,565.18,578.32,6079389,571327390
2/7/2020,575.94,587.83,567.64,583.16,6690307,576127792
2/6/2020,582.16,589.58,561.39,574.18,5601577,567289827
2/5/2020,552.87,588.84,549.83,583.07,4686378,576130988
2/4/2020,557.02,562.14,541.36,553.62,3979687,547050404
2/3/2020,556.84,573.26,546.7,556.3,4452208,549707432
2/2/2020,552.86,571.73,542.8,558.67,4134079,552154452
2/1/2020,546.78,559.03,539.96,552.01,3991779,545594281
1/31/2020,544.69,555.71,532.09,545.33,4093150,538992045
1/30/2020,523.96,554.09,509.17,551.77,4232265,545359251
1/29/2020,528.67,537.56,514.44,522.53,3932224,516500218
1/28/2020,485.57,534.37,484.93,531.92,4612793,525782477
1/27/2020,482.63,494.37,473.94,487.37,3793281,481835342
1/26/2020,462.94,486.42,457.52,484.92,3519127,479407733
1/25/2020,467.46,471.12,454.09,465.29,3312795,460012001
1/24/2020,470.65,476.44,452.5,467.68,3689358,462382739
1/23/2020,474.46,477.06,451.26,473.78,3578834,468407704
1/22/2020,483.67,491.43,467.72,474.53,3522250,469212311
1/21/2020,484.17,485.83,466.09,484.07,4363397,478700118
1/20/2020,503.99,508.61,457.4,483.52,4937380,478157887
1/19/2020,517.62,528.9,488.74,507.21,3871380,501653038
1/18/2020,514.36,530.38,490.29,523.14,4925581,517419957
1/17/2020,527.55,534.75,499.29,515.97,5097150,510348669
1/16/2020,528.46,536,488.25,529.68,4168861,523914090
1/15/2020,532.88,554.7,515.81,533.83,4651343,528054686
1/14/2020,483.75,537.99,481.31,533.87,5079338,528093777
1/13/2020,494.77,499.57,476.66,482.22,3543697,477020940
1/12/2020,481.49,497.48,476.89,496.23,3691033,496225779
1/11/2020,478.07,494.06,472.2,479.06,4896444,479059454
1/10/2020,464.23,481.32,454.17,476.68,3941850,476680118
1/9/2020,485.2,486.86,452.77,462.12,4065236,462117194
1/8/2020,474.63,496.01,469.59,484.58,4211004,484582104
1/7/2020,467.52,477.03,459.02,469.89,3795790,469886013
1/6/2020,442.02,468.35,438.71,464.47,3950543,464474369
1/5/2020,441.71,452.67,436.08,442.09,3750842,442089035
1/4/2020,434.83,448.8,424.63,440.25,3709471,440247004
1/3/2020,422.1,439.63,413.56,433.53,3648148,433531552
1/2/2020,437.62,437.62,416.71,425.44,3608801,425435460
1/1/2020,433.24,441.56,428.48,437.33,3531182,437331443
12/31/2019,445.17,447.36,427.29,430.96,3512760,430964639
12/30/2019,449.54,457.33,437.94,442.89,3878828,442889578
12/29/2019,431.18,457.86,428.56,448.31,3785106,448314261
12/28/2019,427.42,438.84,425.82,430.74,3563307,430736438
12/27/2019,430.09,438.66,421.94,427.56,4557354,427556221
12/26/2019,435.71,452.28,424.89,432.48,4563748,432476083
12/25/2019,461.67,464.98,429.07,434.84,6026951,434836630
12/24/2019,460.82,466.34,436.89,457.34,5354515,457339067
12/23/2019,504.53,509.94,441.54,460.93,4633187,460932971
12/22/2019,487.65,505.87,472.25,505.51,4638315,505508199
12/21/2019,490.35,500.53,471.91,490.67,4738670,490670899
12/20/2019,481.31,497.01,453.83,490.35,4636633,490348372
12/19/2019,465.42,481.31,448.58,481.31,4761181,481305322
12/18/2019,411.79,468.81,394,467.95,5050557,467953801
12/17/2019,461.63,471.64,409.62,415.16,4026492,415164245
12/16/2019,490.52,497.42,451.07,461.63,4724877,461630244
12/15/2019,512.6,513.71,483.55,493.96,4356116,493956809
12/14/2019,509.41,516.15,501.57,508.61,4041034,508611804
12/13/2019,493.91,515.8,490.37,510.73,4130286,510729428
12/12/2019,489,502.58,483.23,493.53,3823711,493525148
12/11/2019,502.39,508.59,481.91,489.76,4460711,489758490
12/10/2019,501.76,510.67,492.55,506.8,4280554,506803670
12/9/2019,505.82,515.58,491.91,499.82,3927002,499816341
12/8/2019,499.81,522.47,493.81,504.44,4052523,504440903
12/7/2019,505.55,529.76,495.71,501.17,4295216,501167415
12/6/2019,508.85,526.19,496.85,505.82,4642910,505817474
12/5/2019,492.24,531.61,465.35,509.81,5175476,509809168
12/4/2019,542.07,571.27,483.88,495.4,5053047,495404924
12/3/2019,564.05,571.31,528.45,545.93,4876703,545925393
12/2/2019,516.94,570.23,506.79,564.05,4745961,564047424
12/1/2019,542.28,544.1,501.86,512.56,4896695,512562204
11/30/2019,549.58,562.91,523.98,544.45,4662481,544452259
11/29/2019,542.11,565.53,529.23,549.65,4784047,549651561
11/28/2019,552.87,574.62,534.51,541.32,4507001,541324455
11/27/2019,526.37,565.68,518.1,549.74,4793026,549742433
11/26/2019,529.91,545.28,511.07,527.04,5182243,527036950
11/25/2019,480.71,535.21,431.27,528.88,6497521,528879055
11/24/2019,549.93,557.75,478.11,480.06,4311479,480055525
11/23/2019,520.38,560.74,507.35,551.96,5249182,551962108
11/22/2019,528.96,539.28,445.11,519.71,5702366,519709257
11/21/2019,582.72,587.14,524.35,528.96,4572658,528956842
11/20/2019,601.65,609.86,575.67,586.16,5746626,586155554
11/19/2019,661.11,683.59,592.95,605.81,5493450,605808880
11/18/2019,672.59,674.72,647.25,654.03,5201375,654033586
11/17/2019,627.79,679.52,621.61,672.67,6084081,672669073
11/16/2019,609.38,634.03,600.28,626.5,5652238,626503192
11/15/2019,651.89,654.65,581.33,605.67,7938949,605671011
11/14/2019,656.79,662.15,642.23,647.95,5571038,647945052
11/13/2019,658.13,664.2,649.64,654.52,5171580,654515169
11/12/2019,652.47,664.99,642.1,657.08,5858480,657075453
11/11/2019,671.58,691.9,638.21,649.76,5721818,649759376
11/10/2019,647.4,680.71,642.57,668.4,6183956,668400573
11/9/2019,664.97,677.38,644.34,646.19,5315946,646186720
11/8/2019,662.4,684.73,634.9,661.1,5743195,661103403
11/7/2019,586.34,665.5,576.14,659.82,6984364,659815383
11/6/2019,552.84,588.1,547.04,585.61,5218515,585609963
11/5/2019,543.63,565.96,533.43,555.17,6404055,555170162
11/4/2019,526.06,554.3,521.23,542.62,4858824,542620759
11/3/2019,524.9,538.19,519.78,525.54,4250307,525539498
11/2/2019,532.09,534.67,518.97,524.52,4102314,524515428
11/1/2019,540.28,547.88,525.1,530.34,5194608,530341338
10/31/2019,524.47,551.28,507.93,543.61,7829984,543607332
10/30/2019,529.66,538.55,514.31,526.28,6290986,526283811
10/29/2019,516.8,535.12,513.95,527.15,6353265,527154475
10/28/2019,519.97,529.24,506.85,516.85,5535182,516845203
10/27/2019,503.45,525.18,495.76,517.6,5690092,517599686
10/26/2019,513.76,563.26,490.97,503.34,7319372,503344381
10/25/2019,465.95,521.85,463.12,515.85,5322499,515850975
10/24/2019,460.32,472.72,453.52,467.13,4665362,467127407
10/23/2019,492.53,493.99,452.71,460.32,5128328,460320162
10/22/2019,497.8,502.68,489.92,493.16,5015403,493164783
10/21/2019,501.65,519.78,489.24,497.72,8057849,497722224
10/20/2019,491.68,512.37,481.59,499.49,10334479,499485070
10/19/2019,478.29,506.27,477.03,494.08,12077640,494075264
10/18/2019,488.27,500.84,474.26,487.65,15885206,487647149
10/17/2019,488.88,493.11,475.51,488.27,13540683,488274944
10/16/2019,497.94,503.78,483.16,484.5,15462284,484495113
10/15/2019,511.35,513,491.16,495.81,11560592,495810041
10/14/2019,501.76,520.04,498.3,511.24,14246216,511239723
10/13/2019,503.96,518.16,497.39,501.76,16830548,501763336
10/12/2019,513.51,526.99,495.88,507.39,16557071,507394516
10/11/2019,535.18,565.44,505.48,507.65,13260531,507654726
10/10/2019,533.74,558.81,516.43,534.05,11051441,534050886
10/9/2019,453.49,544.31,453.02,538.31,11665114,538306606
10/8/2019,455.91,469.88,447.29,453.48,10098044,453481782
10/7/2019,436.28,464.17,427.92,455.44,11539883,455443301
10/6/2019,443.2,453.32,429.33,435.64,11868192,435640432
10/5/2019,446.22,456.29,434.46,442.89,13866477,442893719
10/4/2019,441.21,462.44,435.08,445.15,11034174,445146130
10/3/2019,452.55,457.73,431.97,437.76,8256985,437756123
10/2/2019,455.42,461.71,440.09,450.71,10294652,450706283
10/1/2019,449.8,461.81,442.4,454.45,11457079,454451452
9/30/2019,429.84,454.49,418.23,453.36,8805015,453359666
9/29/2019,445.23,455.39,421.97,430.22,8370084,430221630
9/28/2019,456.13,463.47,435.01,443.65,10618275,443653158
9/27/2019,452.7,461.68,431.56,451.1,13406794,451097174
9/26/2019,447.61,465.67,416.03,448.22,9414506,448217440
9/25/2019,441.72,465.01,435.95,444.84,11743543,444843854
9/24/2019,506.54,516.92,422.7,439.27,11912259,439268266
9/23/2019,527.84,539.38,505.18,506,15063652,505997620
9/22/2019,550.6,554.75,522.09,528.6,10665537,528596953
9/21/2019,558.36,564.39,525.64,547.99,13794780,547994046
9/20/2019,540.3,574.41,535.5,556.23,13421343,556226966
9/19/2019,525.29,552.76,508.57,547.95,13692214,547953758
9/18/2019,504.76,542.33,498.83,525.27,14129904,525266161
9/17/2019,463.39,513.26,452.11,504.85,12536278,504853781
9/16/2019,475.02,485.63,459.12,463.75,11938595,463753745
9/15/2019,458.29,487.49,455.24,474.48,10248673,474484180
9/14/2019,457.35,480.38,448.91,462.87,13679413,462873546
9/13/2019,461.8,469.64,447.91,454.1,9414430,454096202
9/12/2019,466.1,477.89,444.87,458.14,11969143,458139283
9/11/2019,478.86,497.83,459.91,469.91,10828175,469910194
9/10/2019,478.08,495.59,470.49,478.09,11168539,478085943
9/9/2019,447.42,489.38,443.1,480.44,13057870,480436729
9/8/2019,445.16,460.04,433.24,449.19,12872900,449193485
9/7/2019,422.06,447.15,418.26,442.29,14033338,442288041
9/6/2019,461.52,475.09,406.19,420.48,17949497,420481947
9/5/2019,463.24,474.92,452.81,461.52,14230896,461520395
9/4/2019,475.48,488.55,460.6,468.37,14450718,468372200
9/3/2019,474.4,492.88,463.32,478.1,14473054,478104392
9/2/2019,474.49,486.53,456.4,479.71,14872172,479710355
9/1/2019,472.53,489.43,457.96,467.56,14496351,467561614
8/31/2019,475.28,485.69,464.82,474.91,14747752,474911544
8/30/2019,466.41,479.43,460.57,477.21,14718268,477212591
8/29/2019,478.79,490.32,457.95,466.41,13566617,466411551
8/28/2019,523.98,526.57,470.4,478.81,13240560,478809865
8/27/2019,517.55,524.69,506.33,523.91,9525757,523909852
8/26/2019,500.57,517.95,500.51,517.56,1984247,517559368
8/25/2019,504.67,506.23,494.09,501.2,1795672,501196720
8/24/2019,509.02,510.86,491.74,504.46,2012884,504456054
8/23/2019,497.95,509.09,496.6,509.05,1917705,509045538
8/22/2019,494.31,504.23,484.02,497.95,1951484,497948429
8/21/2019,511.57,511.76,482.35,494.31,2086405,494314129
8/20/2019,517.48,517.52,502.89,511.51,2128985,511514120
8/19/2019,516.56,519.79,509.41,517.48,2112281,517482708
8/18/2019,518.79,521.36,513.49,516.56,2607749,516562437
8/17/2019,504.37,520.41,503.32,518.86,2133883,518863554
8/16/2019,477.41,505.59,460.62,504.4,2476006,504401522
8/15/2019,450.29,478.33,441.29,477.33,2459470,477325967
8/14/2019,472.9,480.65,441.85,449.86,2643834,449856664
8/13/2019,486.01,486.42,471.5,472.89,2158767,472889117
8/12/2019,509.75,510.12,484.87,485.92,1886901,485919361
8/11/2019,495.35,511.88,494.26,509.71,1459438,509706631
8/10/2019,504.46,522.74,494.3,495.46,1612976,495455891
8/9/2019,538.96,603.88,496.55,504.46,7830305,504456035
8/8/2019,548.44,552.84,533.14,539.06,2030230,539059853
8/7/2019,558.35,575.87,547.35,548.36,1401969,548356231
8/6/2019,593.08,610.51,557.44,558.45,2379143,558454861
8/5/2019,588.99,611.42,588.8,593.03,1544082,593031574
8/4/2019,598.14,601.82,586.43,589.09,1322800,589088254
8/3/2019,601.48,612.77,595.2,598.09,1515498,598089659
8/2/2019,599.82,603.45,592.07,601.6,1337621,601598756
8/1/2019,589.74,601.17,580.01,599.78,1283289,599777232
7/31/2019,573.45,589.63,573.21,589.63,1713914,589629493
7/30/2019,568.28,583.47,554.5,573.53,1396805,573525030
7/29/2019,576.06,596.69,561.21,567.85,1881185,567852810
7/28/2019,578.9,592.1,562.61,576.58,1305613,576580356
7/27/2019,594.91,608.55,574.34,578.57,1918790,578573196
7/26/2019,582.11,595.85,575.02,595.06,1764334,595060946
7/25/2019,584.99,594.06,579.91,582.37,1685138,582368347
7/24/2019,566.3,590.13,556.83,584.99,1951806,584986964
7/23/2019,554.74,581.47,547.77,566.3,1780303,566300240
7/22/2019,572.29,576.14,545.42,554.86,1981505,554860610
7/21/2019,570.81,573.72,554.7,572.49,1864077,572493598
7/20/2019,558.04,579.9,553.66,570.92,1868768,570921101
7/19/2019,560.11,560.8,532.43,554.7,1923264,554703333
7/18/2019,522.78,563.68,513.77,560.11,1980002,560109962
7/17/2019,505.25,536.34,489.12,522.68,5949870,522681255
7/16/2019,588.26,594.33,503.86,505.93,2531442,505925680
7/15/2019,590.49,597.49,561.76,587.84,2325975,587837670
7/14/2019,658.8,668.88,588.9,592.28,1757844,592277609
7/13/2019,663.94,670.68,650.38,658.59,1385917,658593377
7/12/2019,661.12,673.95,650.26,664.12,1415209,664117639
7/11/2019,695.91,698.91,654.3,660.5,1583957,660502836
7/10/2019,736.61,744.78,684.1,695.98,1736016,695983148
7/9/2019,708.95,754.17,705.91,736.43,2528387,736434549
7/8/2019,700.27,710.42,688.16,708.71,1272685,708714122
7/7/2019,661.32,708.15,657.99,700.24,1335301,700235192
7/6/2019,658.77,690.43,657.83,661.21,1576343,661207551
7/5/2019,630.77,684.15,625.09,658.79,1214369,658785909
7/4/2019,660.53,662.2,627.32,630.98,1134217,630975134
7/3/2019,605.31,664.44,605.31,660.62,1268286,660620939
7/2/2019,619.88,623.57,569.83,605.19,1666394,605193813
7/1/2019,644.01,660.07,602.74,620.09,1667421,620086766
6/30/2019,698.89,703.96,649.06,653.82,1535007,653822267
6/29/2019,702.27,703.67,669.2,699.38,1714502,699377807
6/28/2019,653.25,714.77,647.36,702.1,1356915,702096116
6/27/2019,742.29,753.72,591.45,652.28,1513714,652277791
6/26/2019,758.5,802.51,725.74,742.08,2322685,742082684
6/25/2019,736.22,764.19,708.99,758.58,930061,758581572
6/24/2019,734.85,752.38,711.54,735.12,419882,735117573
6/23/2019,762.16,770.23,729.07,734.85,628911,734851489
6/22/2019,745.11,786.55,741.42,762.22,674081,762220354
6/21/2019,718.49,750.25,713.44,746.89,605648,746888523
6/20/2019,723.01,729.28,701.21,717.53,287334,717531237
6/19/2019,714.62,736.37,709.77,724.19,314097,724192825
6/18/2019,748.33,748.7,711.49,714.42,868466,714421284
6/17/2019,736.6,759.06,730.68,748.55,424837,748552970
6/16/2019,737.73,744.63,719.64,737.28,7042985,737275174
6/15/2019,733.95,750.45,721.93,737.46,6555310,737457299
6/14/2019,728.15,736.92,714.06,733.16,7538607,733156421
6/13/2019,737.72,746.48,722.61,728.38,6317874,728380015
6/12/2019,708.62,749.28,702.68,738.81,5314013,738812025
6/11/2019,729.28,730.97,699.56,707.86,5981764,707855797
6/10/2019,736.99,744.75,707.84,729.18,7070687,729184444
6/9/2019,773.59,774.09,732.6,736.9,4472481,736901585
6/8/2019,761.36,773.42,755,773.37,4956296,773369754
6/7/2019,711.92,769.37,709.96,761.71,5361286,761713395
6/6/2019,688.49,723.56,688.49,711.34,6050171,711337502
6/5/2019,657.58,695.03,651.75,688.85,4809198,688851483
6/4/2019,700.12,702.73,645.05,658.3,4169223,658295723
6/3/2019,733.01,733.5,696.05,698.66,4194928,698656472
6/2/2019,732.25,739.83,717.84,732.37,4216981,732368996
6/1/2019,736.21,740.58,719.35,732.25,6750244,732247986
5/31/2019,733.62,740.06,716.64,734.19,7015620,734193785
5/30/2019,767.21,788.65,711.19,733.62,5749569,733618795
5/29/2019,754.34,780.71,731.38,766.89,6825041,766885552
5/28/2019,755.15,764.2,746.28,755.3,6488794,755298274
5/27/2019,744.13,773.09,739.88,756.49,9025841,756487217
5/26/2019,707.99,748.31,703.7,743.96,6385891,743955761
5/25/2019,678.01,709.73,677.38,708.19,6534013,708191086
5/24/2019,659.44,695.17,655.71,678.01,9337356,678008350
5/23/2019,659.59,662.05,628.36,659.43,4963826,659428667
5/22/2019,681.79,687.6,655.81,659.19,5313169,659193954
5/21/2019,665.5,690.8,660.79,681.61,6049060,681611870
5/20/2019,679.06,682.38,646.75,665.3,4896499,665298337
5/19/2019,627.1,682.27,624.03,679.15,6445052,679149801
5/18/2019,631.01,649.34,621.6,627.83,3545728,627826473
5/17/2019,670.29,671.67,604.1,631.01,3644624,631005875
5/16/2019,718.43,729.65,657.62,670.55,5919232,670551393
5/15/2019,621.75,729.05,621.7,718.58,7515940,718578607
5/14/2019,587.05,622.05,586.09,621.81,6504563,621813422
5/13/2019,556.03,603.35,550.45,587.11,5529186,587109339
5/12/2019,582.77,590.47,549.15,556.03,5097895,556028208
5/11/2019,524.77,608.97,524.73,582.6,4390739,582603595
5/10/2019,521.74,527.4,516.31,524.72,6031674,524719212
5/9/2019,548.43,553.46,505.74,522.19,7211225,522186854
5/8/2019,558.64,558.7,527.04,548.43,5726655,548427692
5/7/2019,549.41,583.58,543.84,558.83,4516986,558833611
5/6/2019,511.68,552.85,504.99,549.74,2505707,549740482
5/5/2019,538.6,540.36,508.25,511.88,1013527,511877220
5/4/2019,545.79,549.8,532.93,538.49,2416312,538487454
5/3/2019,556.54,578.24,539.54,545.79,3222636,545792718
5/2/2019,534.16,556.8,533.11,556.49,2452390,556489661
5/1/2019,549.37,555.02,523.77,534.31,2896962,534311032
4/30/2019,547.16,558.48,546.85,549.33,2235726,549326852
4/29/2019,548.07,563.2,544.68,547.15,2966780,547152043
4/28/2019,521.28,551.17,519.34,548.02,1954317,548018546
4/27/2019,500.07,529.83,494.47,521.22,2441556,521224246
4/26/2019,509.74,520.68,484.63,500.45,2402511,500454566
4/25/2019,576.73,579.89,507,509.38,2504165,509380018
4/24/2019,601.4,602.79,557.58,576.55,2209780,576553253
4/23/2019,606.9,627.46,598.4,601.57,1444214,601574858
4/22/2019,603.49,617.4,599.57,606.91,1279451,606913340
4/21/2019,620.64,621.49,597.97,603.4,1445783,603395379
4/20/2019,622.22,627.96,612.62,620.35,1524998,620348138
4/19/2019,674.8,675.04,615.68,622.32,1743556,622315104
4/18/2019,649.74,687.26,633.9,674.28,2013443,674283388
4/17/2019,632.88,657.35,606.74,649.68,1144287,649682879
4/16/2019,632.91,651.24,627.67,632.89,1177042,632886894
4/15/2019,636.67,655.43,618.74,632.78,1280963,632775992
4/14/2019,637.55,638.63,611.59,636.67,1793830,636672708
4/13/2019,636.31,661.15,612.98,637.16,1296041,637155098
4/12/2019,634.82,639.69,617.73,636.18,1026181,636180569
4/11/2019,710.29,711.56,626.03,635.09,1665117,635090978
4/10/2019,715.22,728.36,707.23,710.1,1999655,710095529
4/9/2019,723.78,726.65,696.58,715.26,2793378,715264296
4/8/2019,775.3,792.25,708.83,723.78,2343006,723784056
4/7/2019,770.83,786.1,755.48,775.04,811577,775042006
4/6/2019,784.64,796.3,762.12,771.06,812646,771055752
4/5/2019,743.44,785.81,733.37,784.33,866374,784331081
4/4/2019,751.12,766.03,718.16,743.57,6025124,743568317
4/3/2019,787.95,805.02,724.68,749.93,3974543,749927715
4/2/2019,710.35,791.46,708.84,787.74,3116756,787738849
4/1/2019,707.46,759.89,699.88,709.79,1417341,709788274
3/31/2019,711.72,748.46,700.54,706.97,1093645,706967701
3/30/2019,737.7,771.36,693.22,711.72,1761995,711722116
3/29/2019,732.84,738.14,683.89,737.52,4206224,737516289
3/28/2019,742.89,745.21,727.14,732.84,6729109,732842610
3/27/2019,719.68,744.89,719.41,742.89,6683094,742894821
3/26/2019,717.75,722.02,711.12,719.6,7581851,719604755
3/25/2019,729.93,740.78,715.28,717.96,4674695,717962775
3/24/2019,736.63,745.26,723,732.99,1620004,732994099
3/23/2019,731.29,742.34,724.09,736.81,1657500,736806079
3/22/2019,709.37,734.74,709.35,729.01,2342702,729014224
3/21/2019,710.87,722.51,676.26,711.01,3655833,711011241
3/20/2019,706.6,715.41,696.84,712.68,1580035,712682847
3/19/2019,698.84,716.31,693.22,705.72,1782303,705719245
3/18/2019,697.39,716.15,688.58,699.55,1665733,699552201
3/17/2019,698.07,714.79,679.51,696.15,1140519,696154122
3/16/2019,678.27,707.8,675.48,695.12,1433425,695121709
3/15/2019,646.69,683.31,646.08,682.41,1442793,682414787
3/14/2019,643.79,653.72,636.22,649.63,1400109,649630179
3/13/2019,660.12,667.79,636.72,644.05,1203213,644045749
3/12/2019,660.1,662.66,644.45,659.77,1238630,659765661
3/11/2019,647.96,663.29,644.89,657.61,1046398,657605622
3/10/2019,649.34,659.49,635.49,647.82,898739,647820054
3/9/2019,657.84,673.92,636.44,650.78,1497538,650777180
3/8/2019,682.19,689.14,656.35,659.93,1142136,659932598
3/7/2019,682.09,689.32,671.79,685.27,1466560,685266256
3/6/2019,685.68,688.97,667.5,677.52,1279850,677515627
3/5/2019,626.87,687.36,614.78,685.38,1556739,685379445
3/4/2019,669.27,674,615.92,624.07,1408120,624069116
3/3/2019,684.67,689.99,656.21,661.23,1055971,661231892
3/2/2019,669.68,704.55,667.15,679.77,1143227,679767538
3/1/2019,674.82,688.12,662.36,667.27,1240838,667265226
2/28/2019,643.35,686.01,643.35,674.74,1230041,674741787
2/27/2019,684.79,684.79,625.37,643.31,1574087,643312761
2/26/2019,668.33,685.94,663.61,684.86,1989104,684855184
2/25/2019,655.42,686.45,655.42,669.08,1749508,669079104
2/24/2019,734.75,773.84,661.22,661.22,2142918,661217941
2/23/2019,662.38,739.23,658.09,737.6,2469327,737599379
2/22/2019,639.56,668.92,635.26,665.8,1584472,665798408
2/21/2019,658.82,665.35,636.5,636.5,1474924,636502901
2/20/2019,628.83,663.54,619.56,658.89,1612600,658892885
2/19/2019,573.41,632.14,565.19,632.14,2015073,632143351
2/18/2019,539.44,579.56,535.46,575.37,1759217,575373483
2/17/2019,507.54,539.04,499.92,536.37,1092197,536371151
2/16/2019,496.89,527.65,496.44,503.75,1339904,503746410
2/15/2019,516.74,539.57,494.19,496.8,2061584,496801166
2/14/2019,553.92,556.47,515.18,517.8,1560712,517803256
2/13/2019,505.58,555.64,502.82,551.88,2361905,551876775
2/12/2019,491.21,505.02,476.94,505.02,1476367,505020330
2/11/2019,461.48,493.48,456.6,493.48,1140114,493475181
2/10/2019,450.21,468.39,445.8,461.14,460412,461136027
2/9/2019,438.31,450.25,435.18,449.72,325740,449721338
2/8/2019,400.38,439.55,398.16,438.18,773700,319093969
2/7/2019,399.28,415.1,390.16,401.87,698240,292652246
2/6/2019,392.37,423.6,385.48,397.73,388334,289640364
2/5/2019,406.89,447.68,388.03,392.13,758679,285556603
2/4/2019,369.93,460.14,366.65,407.62,703707,296842709
2/3/2019,372.95,381.44,363.33,376.85,381244,274435056
2/2/2019,371.98,382.42,365.01,380.96,712906,277427317
2/1/2019,371.07,381.14,363.66,369.97,838721,269420070
1/31/2019,379.21,464.34,359.15,369.28,2093187,268918524
1/30/2019,392.22,402.79,363.4,379.24,2381289,276171125
1/29/2019,401.5,402.84,383.43,393.87,1164212,286824823
1/28/2019,433.18,434.32,356.45,398.57,927284,290250826
1/27/2019,450.52,467.18,432.44,433.03,6000950,315345642
1/26/2019,469.22,473,441.74,449.93,47978980,327650905
1/25/2019,473.56,484.81,463.46,469.1,29796841,341611137
1/24/2019,459.2,476.5,454.12,472.46,17101342,344056598
1/23/2019,454.55,464.03,451.6,459.05,16066140,334295653
1/22/2019,429.71,454.62,429.3,453.68,4290642,330383708
1/21/2019,452.62,452.64,428.49,429.87,6787634,313040054
1/20/2019,470.52,477.96,443.82,447.16,285725,325636995
1/19/2019,456.18,478.61,454.27,470.84,476594,342882055
1/18/2019,460.71,464.98,446.17,455.09,523895,331411590
1/17/2019,446.74,466.49,438.33,461.28,760109,335919514
1/16/2019,429.41,459.45,428.14,447.05,1169597,325556131
1/15/2019,463.83,467.99,423.62,426.42,1228417,310529167
1/14/2019,422.51,467.63,349,464.07,430134,337951853
1/13/2019,435.82,439.9,419.55,423.07,229375,308094622
1/12/2019,436.38,447.07,430.7,434.63,255676,316509191
1/11/2019,435.65,444.96,418.66,435.95,216642,317472269
1/10/2019,492.59,497.84,428.36,437.56,406264,318642020
1/9/2019,489.33,500.21,475.15,492.54,89883,358682398
1/8/2019,492.38,500.67,396.1,489.26,268384,356292880
1/7/2019,521.66,524.31,486.46,492.7,467088,358796725
1/6/2019,508.38,521.43,505.15,521.43,397424,379720591
1/5/2019,497.84,513.32,497.84,508.89,259532,370589251
1/4/2019,499.93,506.72,476.24,498.49,222554,363017440
1/3/2019,496.81,503.16,472.3,501.96,286370,365544044
1/2/2019,462.15,500.23,459.51,496.91,516680,361862964
1/1/2019,448.21,463.01,439.26,461.39,258609,336000438
12/31/2018,477.62,477.86,450.18,453.98,139080,330600519
12/30/2018,471.69,481.59,452.02,477.15,341698,347476493
12/29/2018,483.21,497.99,466.76,471.33,303075,343236124
12/28/2018,436.39,482.31,434.43,482.31,219740,351231704
12/27/2018,444.26,463.65,435.04,436.37,226902,317777806
12/26/2018,453.48,476.69,424.27,444.14,323363,323432948
12/25/2018,479.87,479.87,432.22,453.48,386896,330235572
12/24/2018,448.04,511.35,448.04,479.11,1127943,348898701
12/23/2018,425.2,448.55,425.2,447.66,1574702,326001633
12/22/2018,425.51,434.29,414.01,424.61,988534,309214629
12/21/2018,435.83,440.2,414.48,425.86,791279,310126330
12/20/2018,425.32,441.01,408.2,436.46,1190159,317839729
12/19/2018,431.01,457.46,425.52,425.69,1372800,309998850
12/18/2018,391.67,437,367.72,435.76,1268680,317330694
12/17/2018,358.78,416.4,200.05,392.01,1549312,285470174
12/16/2018,338.71,375.89,334.39,357.93,824273,260655433
12/15/2018,339.53,342.73,326.84,338.84,48725,246752723
12/14/2018,339.99,346.5,318.25,339.32,200476,247102019
12/13/2018,318.6,444.31,317.16,340.16,368043,247717116
12/12/2018,333.69,336.85,318.53,318.53,754193,231959725
12/11/2018,328.03,332.56,303.47,325.56,372517,237078769
12/10/2018,343.91,350.67,320.55,321.91,169929,234426785
12/9/2018,341.11,363.76,340.99,344.36,383213,250776056
12/8/2018,341.4,359.91,305.28,342.13,287983,249145917
12/7/2018,342.5,344.39,308.22,340.74,816636,248134805
12/6/2018,366.75,369.03,333.25,342.99,866361,249775038
12/5/2018,421.37,425.72,367.98,367.98,719847,267973166
12/4/2018,379.77,421.51,366.89,420.57,405176,306272526
12/3/2018,397.22,405.43,384.02,384.91,421775,280304279
12/2/2018,384.55,401.87,384.55,397.11,363979,289184554
12/1/2018,360.6,391.98,343.26,386.25,488559,281276597
11/30/2018,378.03,382.7,360.04,360.04,416657,262192513
11/29/2018,381.01,387.13,349.42,377.33,643689,274785542
11/28/2018,328.56,405.58,322.04,380.07,1129450,276778257
11/27/2018,322.85,332.05,310.96,328.06,139401,238900946
11/26/2018,318.88,326.86,294.7,322.91,427738,235154942
11/25/2018,336.99,337.57,286.67,320.1,1075150,233107166
11/24/2018,373.58,386.34,330.87,337.84,709737,246025198
11/23/2018,400.58,407.47,368.02,373.8,615822,272212997
11/22/2018,451.74,453.77,403.52,403.52,699442,293851557
11/21/2018,423.95,452.37,403.47,452.31,449989,329387616
11/20/2018,403.6,429.64,342.2,423.24,3015730,308211480
11/19/2018,572.32,572.32,394.53,404.24,3056490,294376609
11/18/2018,574.67,581.15,556.44,571.47,528217,416158867
11/17/2018,566.06,580.53,558.11,574.22,605943,418160765
11/16/2018,568.48,579.97,548.06,565.02,923242,411461798
11/15/2018,573.9,582.49,522.92,552.8,2045430,402561398
11/14/2018,695.38,696.85,569.04,571.85,1582030,416437779
11/13/2018,696.2,702.28,681.66,696.04,820715,506874201
11/12/2018,697.29,711.01,652.8,696.47,698825,507191708
11/11/2018,657.38,709.42,655.54,698.33,1757690,508544755
11/10/2018,653.38,661.04,652.96,658.25,224713,479358114
11/9/2018,663.14,665.85,642.2,653.51,458762,475907043
11/8/2018,677.56,679.49,636.78,663.65,513292,483288360
11/7/2018,674.97,682.93,647.43,678.01,572048,493749352
11/6/2018,661.96,674.32,645.35,673.72,546873,490474511
11/5/2018,645.84,664.53,641.17,661.67,210355,481847925
11/4/2018,623.25,663.58,616.2,645.13,502078,469805222
11/3/2018,623.41,625.55,615.72,622.81,104052,453548266
11/2/2018,630.58,632.09,618.92,623.15,214012,453794407
11/1/2018,588.45,654.64,565.14,630.56,380887,459192759
10/31/2018,623.39,623.39,588.74,595.12,231279,433383639
10/30/2018,631.39,643.98,613.71,622.67,747418,453446314
10/29/2018,619.42,672.57,608.02,631.24,541506,459682856
10/28/2018,623.58,631.73,613.28,620.75,114793,452047388
10/27/2018,631.81,692.5,611.95,622.61,451100,453398251
10/26/2018,657.21,658.85,630.93,631.71,309159,460025124
10/25/2018,685.82,685.98,656.62,657.92,267594,479119256
10/24/2018,663.56,692.21,660.16,685.79,699006,499413507
10/23/2018,673.59,680.08,662.45,664.28,186795,483750056
10/22/2018,681.22,686.16,668.92,673.11,359580,490174481
10/21/2018,676.76,691.8,665.12,681.23,383623,496093517
10/20/2018,673.12,678.35,670.45,672.68,105171,489867169
10/19/2018,660.08,677.1,639.08,673.29,639289,490310660
10/18/2018,644.58,681.71,635.98,659.78,625555,480469390
10/17/2018,698.35,701.18,636.75,644.52,665200,469358819
10/16/2018,680.56,706.01,655.44,696.97,1418550,507555822
10/15/2018,644.18,681.21,636.12,679.97,518799,495171580
10/14/2018,643.45,658.27,640.62,643.46,127170,468585441
10/13/2018,647.11,658.63,641.8,643.31,114266,468473294
10/12/2018,637.07,654.3,635.08,647.55,612373,471563164
10/11/2018,683.54,684.67,614.79,637.74,1607590,464419978
10/10/2018,738.42,740.28,628.01,684.87,2062310,498743538
10/9/2018,756.56,785.97,728.85,739.77,1003590,538720329
10/8/2018,627.49,778.7,627.49,752.53,4088190,548015429
10/7/2018,637.65,641.61,603.32,622.09,581395,453022485
10/6/2018,608.64,645.96,606.89,636.08,1431580,463211120
10/5/2018,530.86,614.63,524.56,607.09,1001090,442098340
10/4/2018,503.56,531.77,495.41,530.86,1453360,386586994
10/3/2018,495.68,508.7,487.55,503.24,1695780,366476256
10/2/2018,485.12,522.43,473.42,495.5,1088660,360839045
10/1/2018,493.59,496.01,470.36,485.64,205022,353657263
9/30/2018,491.82,497.81,472.05,494.22,117395,359906913
9/29/2018,476.87,492.23,462.61,491.97,168445,358264760
9/28/2018,471.7,481.3,465.27,476.87,410884,347272161
9/27/2018,443.96,476.06,438.72,471.69,282318,343501398
9/26/2018,445.32,461.33,429.82,443.96,311190,323306185
9/25/2018,452.9,458.69,424.88,439.9,696105,320345211
9/24/2018,478.09,478.09,448.78,453.14,586175,329990588
9/23/2018,460.06,500.58,451.01,476.68,101152,347127972
9/22/2018,439.75,505.11,419.42,459.97,95475,334965112
9/21/2018,427.77,443.2,415.41,439.34,1132620,319936676
9/20/2018,406.17,419.35,387.79,419.35,1599250,305380859
9/19/2018,458.7,458.7,397.21,406.08,727736,295721646
9/18/2018,383.44,438.93,378.25,436.66,1390880,317987210
9/17/2018,418.73,423.89,379.07,383.52,315799,279293556
9/16/2018,431.42,431.42,405.76,419.24,175993,305303667
9/15/2018,411.37,435.24,405.75,430.88,384915,313780238
9/14/2018,354.18,418.42,352.52,412.69,1014920,300535960
9/13/2018,308.06,357.34,307.27,354.99,200908,258512120
9/12/2018,331.85,333.37,291.36,307.83,438368,224171811
9/11/2018,338.3,344.12,328.05,331.93,236833,241717003
9/10/2018,341.3,344.65,335.12,337.76,62879,225698607
9/9/2018,349.92,354.28,335.62,342.67,298430,228983615
9/8/2018,389.41,393.28,341.42,350.49,378593,234207819
9/7/2018,395.03,401.32,387.85,389.22,204300,260088949
9/6/2018,412.12,412.12,375.34,395.2,226056,264084283
9/5/2018,468.53,480.88,398.05,411.05,296918,274672352
9/4/2018,474.63,491.62,463.67,466.97,63651,312042322
9/3/2018,514.28,515.48,477.57,478.89,144658,320008265
9/2/2018,485.81,511.86,481.97,511.86,414041,342036393
9/1/2018,447.82,499.83,434.27,486.04,441897,324788098
8/31/2018,440.59,449,429.26,443.11,51890,296099075
8/30/2018,448.96,452.63,431.57,439.81,190750,293891919
8/29/2018,462.14,469.06,448.82,448.82,301758,299912651
8/28/2018,455.19,463.69,449.73,462.19,222993,308845520
8/27/2018,429.18,453.98,426.49,453.98,248331,303362711
8/26/2018,439.38,439.38,427.35,428.73,119628,286490628
8/25/2018,439.31,447.68,433.86,439.24,250994,293513702
8/24/2018,432.5,443.18,427.06,439.8,199001,293889246
8/23/2018,411.82,434.45,404.11,432.22,225255,288822743
8/22/2018,429.97,446.77,402.42,411.79,289982,275168845
8/21/2018,423.22,439.5,421.27,430.23,115973,287491634
8/20/2018,457.04,462.1,422.38,422.38,163838,282246046
8/19/2018,433.54,461.59,432.16,456.79,465103,305236422
8/18/2018,447.7,457.56,419.94,433.55,92590,289712823
8/17/2018,424.48,447.24,420.84,446.75,416306,298532761
8/16/2018,408.38,435.8,405.08,423.99,487917,283323897
8/15/2018,403.54,431.01,401.72,407.9,442452,272572780
8/14/2018,420.72,420.72,370.82,401.29,733677,268152454
8/13/2018,475.32,479.75,417.91,420.21,402101,280795323
8/12/2018,469.81,484.01,465.81,474.36,196767,316978520
8/11/2018,474.74,482.6,438.74,474.21,707828,316878954
8/10/2018,514.63,519.79,470.15,474.63,368763,317161615
8/9/2018,510.1,519.84,497.7,515.29,272003,344330419
8/8/2018,518.88,518.88,489.63,509.43,616748,340413268
8/7/2018,541.86,554.22,511.24,518.84,274238,346703296
8/6/2018,565.15,568.12,538.35,542.18,131891,362300401
8/5/2018,549.39,565.58,540.19,564.68,164037,377337530
8/4/2018,557.08,562.52,545.26,548.79,155862,366718723
8/3/2018,584.32,589.53,555.68,556.27,191160,371713725
8/2/2018,592.69,599.07,561.28,584.2,170048,390377327
8/1/2018,609.45,610.3,584.47,593.78,46226,396781622
7/31/2018,636.66,638.38,605.18,609.52,108317,407295518
7/30/2018,650.98,650.98,613.51,638.26,182004,426505729
7/29/2018,627.45,653.42,627.24,650.78,41694,434866595
7/28/2018,649.91,651.42,623.43,628.34,19367,419875574
7/27/2018,631.83,650.55,622.59,648.96,120437,433653094
7/26/2018,642.74,667.33,628.05,631.82,361773,422196997
7/25/2018,640.45,649.4,625.54,644.32,612094,430550512
7/24/2018,609.84,645.18,603.36,641.49,394566,428661432
7/23/2018,608.36,628.74,607.65,610.17,438567,407733207
7/22/2018,622.07,628.65,606.14,608.44,263359,406579177
7/21/2018,603.86,628.52,596.21,622.28,503033,415823440
7/20/2018,616.26,623.19,597.86,603.9,513185,403540746
7/19/2018,648.48,650.27,616.48,616.48,758094,411950392
7/18/2018,667.85,685.71,618.96,648.78,1093170,433531476
7/17/2018,598.97,673.95,590.24,667.95,757716,446342739
7/16/2018,574.22,598.51,563.13,598.51,311330,399937662
7/15/2018,556.98,584.5,543.49,573.46,370642,383201897
7/14/2018,559.37,563.68,555.24,557.48,155067,372521613
7/13/2018,556.89,567.69,552.14,558.94,146196,373501903
7/12/2018,567.68,573.68,545.27,555.98,336822,371523949
7/11/2018,554.76,571.69,544.4,568.07,166170,379600149
7/10/2018,568.79,579.99,548.69,554.33,145450,370417363
7/9/2018,576.37,582.9,567.78,569.57,65372,380604496
7/8/2018,570.99,586.5,568.86,574.09,63922,383622212
7/7/2018,547.4,572.32,536.42,571.15,85054,381659627
7/6/2018,549.72,558.21,544.89,548,90825,366186813
7/5/2018,549.27,570.81,538.29,549.03,71664,339425593
7/4/2018,546.44,580.69,540.12,547.6,63591,338544000
7/3/2018,566.52,567.98,544.41,546.45,93420,337829329
7/2/2018,532.13,574.01,520.05,567.42,260602,350792328
7/1/2018,531.74,541.85,525.11,531.9,119618,328837824
6/30/2018,521.51,539.45,521.51,530.92,115533,328227633
6/29/2018,489.14,523.77,482,521.24,88561,322246279
6/28/2018,492.2,496.24,479.09,490.61,50429,303310581
6/27/2018,485.23,495.14,476.86,491.49,29987,303855240
6/26/2018,522.62,525.13,484.63,485.58,314648,300196568
6/25/2018,511.38,544.2,502.42,522.24,85704,322860798
6/24/2018,537.95,539.76,485.68,512.75,57657,316993816
6/23/2018,526.58,545.22,521.69,537.38,28427,332225712
6/22/2018,571.6,586.47,514.52,526.43,133458,325455500
6/21/2018,570.16,611.6,554.26,573.87,32455,354783607
6/20/2018,566.46,614.33,539.99,570.4,133761,352639593
6/19/2018,548.25,571.83,542.55,565.85,91244,349827275
6/18/2018,538.64,567.11,494.29,548.34,155346,338999015
6/17/2018,556.68,586.98,531.74,538.64,138306,333004061
6/16/2018,573.59,578.53,539.03,555.96,359655,343707438
6/15/2018,620.16,621.77,568.13,574.82,268565,355368450
6/14/2018,604.8,620.11,574.14,620.02,407584,383311109
6/13/2018,650,650,595.31,604.28,298301,373579586
6/12/2018,695.41,697.27,642.23,652.69,109627,403509847
6/11/2018,686.98,701.78,671.24,694.94,157922,429633679
6/10/2018,784.52,784.52,670.98,685.63,123650,423875506
6/9/2018,786.26,798.31,782.63,782.63,74850,483846073
6/8/2018,796.51,805.42,776.8,784.77,42034,485165989
6/7/2018,796.92,812.46,791.02,795.26,297481,491650580
6/6/2018,797.38,801.38,695.18,796.97,375265,492710222
6/5/2018,787.57,819.35,701.1,799.24,517902,494112363
6/4/2018,807.58,843.24,782.85,794.14,125065,490957547
6/3/2018,787.33,808.57,774.66,808.57,92521,499882283
6/2/2018,769.23,789.39,757.72,787.65,251499,486944630
6/1/2018,753.51,772.95,746.13,770.33,115444,476239398
5/31/2018,740.03,764.76,734.52,752.74,104654,465363535
5/30/2018,751.51,769.34,731.56,740.53,97378,457818065
5/29/2018,703.19,751.7,695.84,751.36,154890,464510381
5/28/2018,771.08,780.92,701.27,701.75,216474,433839483
5/27/2018,756.75,770.65,741.15,767.89,394412,474728449
5/26/2018,779.66,799.53,755.51,755.51,82813,467078499
5/25/2018,781.83,793.27,761.67,780.38,268019,482452587
5/24/2018,758.74,782.53,736.49,781.23,251658,482980554
5/23/2018,858.3,866.59,746.69,760.67,1293800,470267936
5/22/2018,903.36,905.67,855.27,859.02,550632,531070637
5/21/2018,923.87,931.03,898.22,904.69,213875,559302008
5/20/2018,894.06,945.23,886.09,922.77,359353,570484512
5/19/2018,906.89,918.83,883.39,893.81,181159,552580018
5/18/2018,868.44,909.06,858.28,907.4,56991,560980497
5/17/2018,900.24,914.3,862.84,868.32,57979,536822010
5/16/2018,926.87,929.82,871.59,899.51,201531,556101443
5/15/2018,957.23,976.55,917.32,927.68,322976,573520629
5/14/2018,990.55,992.92,950.9,958.85,480194,592790170
5/13/2018,937.46,997.28,930.84,991.02,195475,612674848
5/12/2018,950.01,957.02,899.64,938.13,294540,579979873
5/11/2018,1071.24,1071.24,952.77,952.77,510666,589025781
5/10/2018,1025.05,1112.16,1016.19,1070.39,2043870,661744823
5/9/2018,1007.16,1053.88,977.52,1024.29,164928,633244523
5/8/2018,1029.14,1037.71,997.31,1008.54,162549,623507435
5/7/2018,1068.58,1078.2,972.54,1026.06,223153,634338786
5/6/2018,1161.75,1162.32,974.86,1066.23,721690,659172995
5/5/2018,1144.3,1194.44,1082.48,1154.58,1337290,713793419
5/4/2018,1132.16,1184.22,1107.9,1143.79,358328,707122741
5/3/2018,1038.69,1145.04,1037.58,1141.7,218963,705830645
5/2/2018,1041.01,1063.11,1029.54,1038.97,176261,642320106
5/1/2018,1051.01,1051.01,1003.65,1042.01,97283,644199519
4/30/2018,1075.43,1077,1046.61,1048.72,131845,648347827
4/29/2018,1064.56,1081.17,1038.98,1075.23,601462,664737045
4/28/2018,990.18,1077.75,990.05,1064.61,174175,658171466
4/27/2018,1012.26,1055.39,989.48,996.33,135676,615957638
4/26/2018,905.87,1015.48,890.07,1010.22,507992,624546058
4/25/2018,1046.34,1046.34,898.27,898.27,1086360,555332368
4/24/2018,960.51,1047.54,960.51,1047.54,1445500,647618318
4/23/2018,920.55,959.67,919.74,926.9,521808,573035938
4/22/2018,903.13,941.45,890.3,923.29,239192,570802900
4/21/2018,910.54,918.99,882.91,908.37,193786,561580796
4/20/2018,851.16,921.99,847.54,909.99,187741,562584180
4/19/2018,776.08,877.7,773.07,851.54,444714,526445675
4/18/2018,750.37,797.28,748.75,775.74,500472,479582774
4/17/2018,741.57,770.4,738.92,749.9,151414,463608387
4/16/2018,771.21,775.04,732.71,742.04,234067,458747262
4/15/2018,716.89,770.71,716.89,770.71,179877,476476798
4/14/2018,698.15,754.71,693.54,717.08,162168,443318769
4/13/2018,660.71,732.19,644.03,698.51,382834,431839516
4/12/2018,589.8,663.5,582.9,660.29,226496,408212087
4/11/2018,569.93,591.49,560.1,591.49,839176,365675544
4/10/2018,530.76,568.91,524.41,568.91,248767,351713488
4/9/2018,527.12,557.09,515.18,530.82,218185,328165810
4/8/2018,512.14,535.77,503.17,526.41,41781,325442517
4/7/2018,484.11,519.1,481.21,511.93,75473,316488724
4/6/2018,500.65,505.82,475.44,484.15,111595,299313120
4/5/2018,502.11,506.33,478.8,502.49,65316,310651418
4/4/2018,526.63,541.18,487.4,503.57,54718,311319104
4/3/2018,503.19,535.36,500.88,526.3,96666,325374512
4/2/2018,490.15,515.49,487.88,504.46,63934,311871799
4/1/2018,517.66,523.06,473.2,488.91,56166,302258357
3/31/2018,509.12,538.91,506.34,517.55,58319,319963782
3/30/2018,496.89,525.23,474.42,513.58,114540,317511273
3/29/2018,582.04,619.28,465.96,498.16,1943640,307977582
3/28/2018,587.05,604.7,578.2,580.03,209768,358593126
3/27/2018,637.89,647.75,583.49,590.98,132833,365360866
3/26/2018,679.49,684.3,608.78,643.26,208885,397681814
3/25/2018,680.44,696.67,668.16,680.64,57396,420793022
3/24/2018,713.16,714.77,675.89,688.72,89348,425783975
3/23/2018,699.57,706.5,653.75,706.5,51689,436777920
3/22/2018,709.68,730.79,679.16,686.59,134714,424470241
3/21/2018,713.46,756.25,701.31,708.19,148390,437822725
3/20/2018,701.15,718.61,664.73,710.57,469812,439295343
3/19/2018,666.5,703.07,653.39,692.24,463696,427962610
3/18/2018,666.82,677.02,572.83,670.43,753135,414475971
3/17/2018,708.48,724.07,658.89,662.71,218728,409705107
3/16/2018,735.94,741.94,696.47,710.6,712502,439311417
3/15/2018,747.03,748.63,704.88,734.2,671045,453902829
3/14/2018,803.39,825.74,731.71,750.18,655764,463784581
3/13/2018,810.08,826.93,764.48,804.29,708845,497235650
3/12/2018,825.42,862.59,782.82,810.51,842693,501080408
3/11/2018,793.49,862.83,766.64,833.43,756465,515251425
3/10/2018,827.33,852.11,788.38,795.99,1352570,492105596
3/9/2018,832.33,836.29,755.69,827.32,876707,511469108
3/8/2018,855.71,902.77,819.73,834.79,687914,516089124
3/7/2018,949.8,958.31,842.27,856.1,885248,529265412
3/6/2018,965.59,974.3,940.61,947.8,612383,585956899
3/5/2018,996.58,1003.66,963.14,968.61,900388,598822219
3/4/2018,1002.14,1010.03,837.91,974.04,603578,602181668
3/3/2018,1013.97,1033.89,987.27,1005.8,798650,621813491
3/2/2018,1044.55,1050.54,1005.7,1015.29,1038790,627680473
3/1/2018,1029.45,1057.16,1018.36,1044.7,1106640,645862551
2/28/2018,1054.14,1080.4,1015.28,1028.82,312214,636045094
2/27/2018,1037.21,1067.51,1025.52,1054.3,332902,651797538
2/26/2018,997.31,1054.52,997.09,1037.54,651886,641436041
2/25/2018,982.4,1009.67,963.35,997.77,687989,616847886
2/24/2018,1031.9,1055.75,949.01,986.05,1371900,609606584
2/23/2018,956.57,1056.67,938,1024.78,911752,633547454
2/22/2018,993.64,1028.23,939.82,959.04,1210590,592903306
2/21/2018,1053.89,1079.43,968.27,993.29,882767,614079462
2/20/2018,1111.92,1162.49,1051.98,1057.06,814543,653503847
2/19/2018,1074.61,1173.63,1072.96,1111.34,1206840,687061250
2/18/2018,1161.06,1166.15,1067.55,1077.59,1327250,666196063
2/17/2018,1144.35,1216.14,1118.88,1165.32,1223070,720433185
2/16/2018,1135.04,1173.16,1103.69,1143.95,1683010,707221658
2/15/2018,1122.85,1165.78,1104.9,1136.92,886075,702875516
2/14/2018,1008.05,1124.53,1008.05,1119.5,900798,692105989
2/13/2018,1074.88,1080.41,997.84,1010.04,664687,624434777
2/12/2018,1000.37,1104.46,998.92,1074.47,936639,664267192
2/11/2018,1062.9,1062.9,970.87,987.8,643665,610683537
2/10/2018,1086.68,1211.66,1021.71,1064.13,891114,657874717
2/9/2018,1014.67,1100.89,964.55,1093.8,643441,676217535
2/8/2018,914.3,1043.18,914.3,1008.62,751872,623556893
2/7/2018,913.46,1021.23,833.05,914.29,412692,565237613
2/6/2018,825.86,926.05,648.28,910.79,501568,563078144
2/5/2018,1054.28,1069.87,725.43,821.42,1266110,507827746
2/4/2018,1206.79,1209.65,1015.16,1061.91,579735,656502251
2/3/2018,1148.97,1254.39,1069.47,1212.87,543682,749829916
2/2/2018,1269.93,1269.93,980.24,1148.23,716121,709867672
2/1/2018,1387.76,1399.66,1189.36,1272.67,700913,786799936
1/31/2018,1280.96,1386.99,1243.83,1386.99,1062640,857475735
1/30/2018,1402.36,1411.09,1251.44,1277.84,1076760,789996174
1/29/2018,1489.39,1499.12,1307.31,1403.35,1049540,867589941
1/28/2018,1448.22,1587.4,1424.63,1488.36,2374320,920145484
1/27/2018,1464.07,1485.12,1335.97,1439.89,1847870,890179984
1/26/2018,1348.45,1497.72,1348.45,1472.36,1693530,910253840
1/25/2018,1544.26,1599.04,1321.09,1345.57,2070310,831868741
1/24/2018,1526.66,1590.37,1478.97,1535.29,1786450,949158913
1/23/2018,1515.2,1568.57,1425.9,1523.41,1562460,941814367
1/22/2018,1586.42,1659.13,1390.24,1524.56,1408450,942525329
1/21/2018,1692.21,1720.51,1537.69,1576.73,1261940,974778272
1/20/2018,1573.92,1767.04,1562.56,1690.19,1254440,1044922395
1/19/2018,1676.44,1762.73,1458.94,1560.26,1521410,964596061
1/18/2018,1055.24,1773.92,1026.1,1654.82,2448320,1023055679
1/17/2018,1070.42,1123.67,782.74,1046.27,1041520,646833169
1/16/2018,1236.23,1287.77,902.58,1063.18,1692020,0
1/15/2018,1387.46,1469.07,1201.05,1234.02,891849,0
1/14/2018,1432.76,1534.8,1267.44,1403.11,378266,0
1/13/2018,1326.24,1490.56,1326.24,1422.99,710161,0
1/12/2018,1023.57,1413.17,985.34,1327.88,976364,0
1/11/2018,1073.67,1133.5,958.55,1015.16,1686490,0
1/10/2018,1097.69,1151.85,1004.02,1076.53,1244900,0
1/9/2018,1112.34,1259.56,941.55,1096.44,1557700,0
1/8/2018,1171.07,1220.78,1015.89,1112.88,1242620,0
1/7/2018,1224.52,1267.32,1134.89,1169.35,1802970,0
1/6/2018,1105.47,1216.9,1092.42,1216.9,2040790,0
1/5/2018,1033.52,1117.96,1012.9,1096.78,1657580,0
1/4/2018,998.39,1098.15,933.83,1040.25,733011,0
1/3/2018,1064.77,1090.88,999.22,1074.53,809445,0
1/2/2018,971.17,1070.1,958.84,1063.07,660736,0
1/1/2018,961.02,985.59,883,970.09,502841,0
12/31/2017,907.95,994.32,902.05,959.91,814006,0
12/30/2017,1010.77,1012.6,869.29,918.43,528455,0
12/29/2017,1006.88,1044.8,970.57,1007.08,800242,0
12/28/2017,1041.72,1043.06,920.61,996.76,799689,0
12/27/2017,1065.41,1100.51,1010.77,1038.11,877151,0
12/26/2017,1053.56,1114.47,823.55,1064.33,943383,0
12/25/2017,1012,1054.78,918.28,1047.2,357740,0
12/24/2017,1001.15,1103.93,809.2,1005.6,245322,0
12/23/2017,830.24,1084.73,830.24,989.82,599721,0
12/22/2017,1098.97,1111.09,682.66,823.4,633680,0
12/21/2017,1278.94,1361.14,1021.46,1095.19,799675,0
12/20/2017,1393.45,1458.47,1118.46,1277.57,262010,0
12/19/2017,1221.99,1750.03,1219.75,1394.94,1282490,0
12/18/2017,1068.78,1229.9,992.41,1218.42,455522,0
12/17/2017,1082.26,1154.92,1046.66,1070.19,259197,0
12/16/2017,792.54,1116.57,792.54,1079.24,731649,0
12/15/2017,803.54,861.78,712.28,791.04,206328,0
12/14/2017,820.32,872.26,763.52,802.79,63565,0
12/13/2017,622.42,822.6,553.28,820.75,100344,0
12/12/2017,483.39,626.86,462.17,621.99,118742,0
12/11/2017,400.26,486.51,391.8,486.51,71980,0
12/10/2017,427.36,427.36,388.39,399.8,65534,0
12/9/2017,402.76,453.31,402.76,426,3864,0
12/8/2017,359.17,410.12,350.32,402.77,36391,0
12/7/2017,359.93,377.82,347.23,358.64,65610,0
12/6/2017,395.65,397.14,353.9,361.19,53172,0
12/5/2017,396.43,402.74,377.6,396.35,11304,0
12/4/2017,403.78,411.28,384.18,396.23,4042,0
12/3/2017,373.53,420.76,369.69,403.03,6007,0
12/2/2017,376.91,405.98,372.57,373.4,2612,0
12/1/2017,380.41,391.55,341.88,376.92,5627,0
11/30/2017,331.74,385.39,308.18,381.36,16339,0
11/29/2017,382.38,420.16,319.71,327.54,1699,0
11/28/2017,420.88,423.56,381.75,382.07,29741,0
11/27/2017,404.68,572.86,393.37,421.46,1993,0
11/26/2017,395.27,406.63,374.69,404.79,12132,0
11/25/2017,401.76,423.29,364.45,395.26,200519,0
11/24/2017,345.7,408.14,339.25,401.83,166167,0
11/23/2017,326.94,359.5,320.86,347.44,1187,0
11/22/2017,280.28,400.65,280.05,326.19,14577,0
11/21/2017,272.02,288.93,260.02,279.92,9649,0
11/20/2017,252.48,278.23,252.4,272.45,259174,0
9/9/2017,251.56,251.56,247.65,248.32,745,0
9/8/2017,274.72,274.72,240.82,251.15,753,0
9/7/2017,273.89,276.52,241.95,274.4,13711,0
9/6/2017,257.21,276.16,257.21,273.95,32725,0
9/5/2017,248.69,598.5,218.27,256.06,341784,0
9/4/2017,292.51,292.51,227.09,248.49,313606,0
9/3/2017,291.71,307.33,280.54,292.38,1102,0
9/2/2017,309.51,309.64,274.38,290.98,26845,0
9/1/2017,298.9,345.04,298.9,309.36,28212,0
8/31/2017,295.71,300.06,293.55,298.9,168815,0
8/30/2017,316.73,335.72,295.73,295.73,182599,0
8/29/2017,285.85,318.74,285.85,316.92,4371,0
8/28/2017,291.42,295.87,280.19,286.03,19215,0
8/27/2017,288,291.09,288,290.85,75657,0
1/31/2017,24.3,24.49,24.25,24.45,62919,0
1/30/2017,22.67,24.64,21.06,24.31,62568,0
1/29/2017,22.1,24.61,22.05,22.65,13325,0
