,,MKR
Date,close,daily_return
2/4/2019,407.62,
2/5/2019,392.13,-0.038001079
2/6/2019,397.73,0.014280978
2/7/2019,401.87,0.010409071
2/8/2019,438.18,0.090352602
2/9/2019,449.72,0.026336209
2/10/2019,461.14,0.025393578
2/11/2019,493.48,0.070130546
2/12/2019,505.02,0.02338494
2/13/2019,551.88,0.092788404
2/14/2019,517.8,-0.061752555
2/15/2019,496.8,-0.040556199
2/16/2019,503.75,0.013989533
2/17/2019,536.37,0.064754342
2/18/2019,575.37,0.072711002
2/19/2019,632.14,0.098666945
2/20/2019,658.89,0.042316575
2/21/2019,636.5,-0.033981393
2/22/2019,665.8,0.046032993
2/23/2019,737.6,0.107840192
2/24/2019,661.22,-0.103552061
2/25/2019,669.08,0.011887118
2/26/2019,684.86,0.023584624
2/27/2019,643.31,-0.060669334
2/28/2019,674.74,0.048856694
3/1/2019,667.27,-0.011070931
3/2/2019,679.77,0.018733047
3/3/2019,661.23,-0.027273931
3/4/2019,624.07,-0.056198297
3/5/2019,685.38,0.098242184
3/6/2019,677.52,-0.011468091
3/7/2019,685.27,0.011438777
3/8/2019,659.93,-0.036978125
3/9/2019,650.78,-0.013865107
3/10/2019,647.82,-0.004548388
3/11/2019,657.61,0.015112223
3/12/2019,659.77,0.003284622
3/13/2019,644.05,-0.023826485
3/14/2019,649.63,0.008663924
3/15/2019,682.41,0.050459492
3/16/2019,695.12,0.018625167
3/17/2019,696.15,0.001481759
3/18/2019,699.55,0.004884005
3/19/2019,705.72,0.008819956
3/20/2019,712.68,0.009862268
3/21/2019,711.01,-0.002343268
3/22/2019,729.01,0.0253161
3/23/2019,736.81,0.010699442
3/24/2019,732.99,-0.005184512
3/25/2019,717.96,-0.020505055
3/26/2019,719.6,0.00228425
3/27/2019,742.89,0.032365203
3/28/2019,732.84,-0.013528248
3/29/2019,737.52,0.006386114
3/30/2019,711.72,-0.034982102
3/31/2019,706.97,-0.006673973
4/1/2019,709.79,0.003988854
4/2/2019,787.74,0.109821215
4/3/2019,749.93,-0.04799807
4/4/2019,743.57,-0.008480792
4/5/2019,784.33,0.054816628
4/6/2019,771.06,-0.016918899
4/7/2019,775.04,0.005161725
4/8/2019,723.78,-0.066138522
4/9/2019,715.26,-0.011771533
4/10/2019,710.1,-0.00721416
4/11/2019,635.09,-0.105633009
4/12/2019,636.18,0.001716292
4/13/2019,637.16,0.001540445
4/14/2019,636.67,-0.000769038
4/15/2019,632.78,-0.006109916
4/16/2019,632.89,0.000173836
4/17/2019,649.68,0.026529097
4/18/2019,674.28,0.037864795
4/19/2019,622.32,-0.077059975
4/20/2019,620.35,-0.003165574
4/21/2019,603.4,-0.027323285
4/22/2019,606.91,0.005817037
4/23/2019,601.57,-0.008798669
4/24/2019,576.55,-0.04159117
4/25/2019,509.38,-0.116503339
4/26/2019,500.45,-0.017531116
4/27/2019,521.22,0.041502648
4/28/2019,548.02,0.051417827
4/29/2019,547.15,-0.001587533
4/30/2019,549.33,0.003984282
5/1/2019,534.31,-0.027342399
5/2/2019,556.49,0.041511482
5/3/2019,545.79,-0.019227659
5/4/2019,538.49,-0.013375108
5/5/2019,511.88,-0.049415959
5/6/2019,549.74,0.073962647
5/7/2019,558.83,0.016535089
5/8/2019,548.43,-0.018610311
5/9/2019,522.19,-0.047845669
5/10/2019,524.72,0.00484498
5/11/2019,582.6,0.110306449
5/12/2019,556.03,-0.045605905
5/13/2019,587.11,0.055896265
5/14/2019,621.81,0.059103064
5/15/2019,718.58,0.155626317
5/16/2019,670.55,-0.066840157
5/17/2019,631.01,-0.05896652
5/18/2019,627.83,-0.00503954
5/19/2019,679.15,0.081741873
5/20/2019,665.3,-0.020393138
5/21/2019,681.61,0.024515256
5/22/2019,659.19,-0.03289271
5/23/2019,659.43,0.000364083
5/24/2019,678.01,0.028175849
5/25/2019,708.19,0.044512618
5/26/2019,743.96,0.050509044
5/27/2019,756.49,0.016842303
5/28/2019,755.3,-0.001573055
5/29/2019,766.89,0.015344896
5/30/2019,733.62,-0.043383015
5/31/2019,734.19,0.000776969
6/1/2019,732.25,-0.002642368
6/2/2019,732.37,0.000163878
6/3/2019,698.66,-0.046028647
6/4/2019,658.3,-0.057767727
6/5/2019,688.85,0.046407413
6/6/2019,711.34,0.032648617
6/7/2019,761.71,0.070810021
6/8/2019,773.37,0.015307663
6/9/2019,736.9,-0.047157247
6/10/2019,729.18,-0.01047632
6/11/2019,707.86,-0.029238322
6/12/2019,738.81,0.043723335
6/13/2019,728.38,-0.014117297
6/14/2019,733.16,0.006562509
6/15/2019,737.46,0.005865023
6/16/2019,737.28,-0.000244081
6/17/2019,748.55,0.015285916
6/18/2019,714.42,-0.045594817
6/19/2019,724.19,0.013675429
6/20/2019,717.53,-0.009196482
6/21/2019,746.89,0.04091815
6/22/2019,762.22,0.020525111
6/23/2019,734.85,-0.035908268
6/24/2019,735.12,0.000367422
6/25/2019,758.58,0.031913157
6/26/2019,742.08,-0.021751167
6/27/2019,652.28,-0.121011212
6/28/2019,702.1,0.076378242
6/29/2019,699.38,-0.003874092
6/30/2019,653.82,-0.065143413
7/1/2019,620.09,-0.051589122
7/2/2019,605.19,-0.02402877
7/3/2019,660.62,0.091591071
7/4/2019,630.98,-0.044866943
7/5/2019,658.79,0.044074297
7/6/2019,661.21,0.003673401
7/7/2019,700.24,0.059028145
7/8/2019,708.71,0.012095853
7/9/2019,736.43,0.039113319
7/10/2019,695.98,-0.054927149
7/11/2019,660.5,-0.050978476
7/12/2019,664.12,0.005480696
7/13/2019,658.59,-0.008326808
7/14/2019,592.28,-0.100684796
7/15/2019,587.84,-0.007496454
7/16/2019,505.93,-0.139340637
7/17/2019,522.68,0.033107347
7/18/2019,560.11,0.071611694
7/19/2019,554.7,-0.009658817
7/20/2019,570.92,0.029241031
7/21/2019,572.49,0.002749947
7/22/2019,554.86,-0.030795298
7/23/2019,566.3,0.020617814
7/24/2019,584.99,0.033003708
7/25/2019,582.37,-0.004478709
7/26/2019,595.06,0.021790271
7/27/2019,578.57,-0.027711491
7/28/2019,576.58,-0.003439515
7/29/2019,567.85,-0.015141004
7/30/2019,573.53,0.010002642
7/31/2019,589.63,0.028071766
8/1/2019,599.78,0.017214185
8/2/2019,601.6,0.003034446
8/3/2019,598.09,-0.005834441
8/4/2019,589.09,-0.015047902
8/5/2019,593.03,0.006688282
8/6/2019,558.45,-0.058310709
8/7/2019,548.36,-0.018067866
8/8/2019,539.06,-0.016959662
8/9/2019,504.46,-0.064185805
8/10/2019,495.46,-0.01784086
8/11/2019,509.71,0.028761151
8/12/2019,485.92,-0.046673599
8/13/2019,472.89,-0.026815114
8/14/2019,449.86,-0.048700543
8/15/2019,477.33,0.061063442
8/16/2019,504.4,0.05671129
8/17/2019,518.86,0.028667724
8/18/2019,516.56,-0.004432795
8/19/2019,517.48,0.001781013
8/20/2019,511.51,-0.011536678
8/21/2019,494.31,-0.033625931
8/22/2019,497.95,0.0073638
8/23/2019,509.05,0.022291395
8/24/2019,504.46,-0.009016796
8/25/2019,501.2,-0.006462356
8/26/2019,517.56,0.03264166
8/27/2019,523.91,0.012269109
8/28/2019,478.81,-0.086083488
8/29/2019,466.41,-0.025897538
8/30/2019,477.21,0.023155593
8/31/2019,474.91,-0.004819681
9/1/2019,467.56,-0.015476617
9/2/2019,479.71,0.02598597
9/3/2019,478.1,-0.003356194
9/4/2019,468.37,-0.020351391
9/5/2019,461.52,-0.014625189
9/6/2019,420.48,-0.088923557
9/7/2019,442.29,0.051869292
9/8/2019,449.19,0.015600624
9/9/2019,480.44,0.06956967
9/10/2019,478.09,-0.00489135
9/11/2019,469.91,-0.017109749
9/12/2019,458.14,-0.025047349
9/13/2019,454.1,-0.008818265
9/14/2019,462.87,0.019312927
9/15/2019,474.48,0.025082637
9/16/2019,463.75,-0.02261423
9/17/2019,504.85,0.088625337
9/18/2019,525.27,0.040447658
9/19/2019,547.95,0.043177794
9/20/2019,556.23,0.015110868
9/21/2019,547.99,-0.014814016
9/22/2019,528.6,-0.035383857
9/23/2019,506,-0.042754446
9/24/2019,439.27,-0.13187747
9/25/2019,444.84,0.012680128
9/26/2019,448.22,0.007598238
9/27/2019,451.1,0.006425416
9/28/2019,443.65,-0.016515185
9/29/2019,430.22,-0.030271611
9/30/2019,453.36,0.053786435
10/1/2019,454.45,0.00240427
10/2/2019,450.71,-0.008229728
10/3/2019,437.76,-0.028732444
10/4/2019,445.15,0.016881396
10/5/2019,442.89,-0.00507694
10/6/2019,435.64,-0.016369753
10/7/2019,455.44,0.045450372
10/8/2019,453.48,-0.004303531
10/9/2019,538.31,0.187064479
10/10/2019,534.05,-0.007913656
10/11/2019,507.65,-0.049433574
10/12/2019,507.39,-0.000512164
10/13/2019,501.76,-0.011096001
10/14/2019,511.24,0.018893495
10/15/2019,495.81,-0.030181519
10/16/2019,484.5,-0.022811157
10/17/2019,488.27,0.007781218
10/18/2019,487.65,-0.001269789
10/19/2019,494.08,0.013185686
10/20/2019,499.49,0.010949644
10/21/2019,497.72,-0.003543614
10/22/2019,493.16,-0.009161778
10/23/2019,460.32,-0.066590964
10/24/2019,467.13,0.014794056
10/25/2019,515.85,0.104296449
10/26/2019,503.34,-0.024251236
10/27/2019,517.6,0.028330751
10/28/2019,516.85,-0.001448995
10/29/2019,527.15,0.019928412
10/30/2019,526.28,-0.001650384
10/31/2019,543.61,0.032929239
11/1/2019,530.34,-0.024410883
11/2/2019,524.52,-0.010974092
11/3/2019,525.54,0.001944635
11/4/2019,542.62,0.032499905
11/5/2019,555.17,0.023128525
11/6/2019,585.61,0.054830052
11/7/2019,659.82,0.126722563
11/8/2019,661.1,0.001939923
11/9/2019,646.19,-0.02255332
11/10/2019,668.4,0.034370696
11/11/2019,649.76,-0.027887493
11/12/2019,657.08,0.011265698
11/13/2019,654.52,-0.003896025
11/14/2019,647.95,-0.01003789
11/15/2019,605.67,-0.065251948
11/16/2019,626.5,0.034391665
11/17/2019,672.67,0.073695132
11/18/2019,654.03,-0.027710467
11/19/2019,605.81,-0.073727505
11/20/2019,586.16,-0.032435912
11/21/2019,528.96,-0.097584277
11/22/2019,519.71,-0.017487145
11/23/2019,551.96,0.062053838
11/24/2019,480.06,-0.130263063
11/25/2019,528.88,0.101695621
11/26/2019,527.04,-0.00347905
11/27/2019,549.74,0.043070735
11/28/2019,541.32,-0.015316331
11/29/2019,549.65,0.01538831
11/30/2019,544.45,-0.009460566
12/1/2019,512.56,-0.058572872
12/2/2019,564.05,0.100456532
12/3/2019,545.93,-0.032124812
12/4/2019,495.4,-0.092557654
12/5/2019,509.81,0.029087606
12/6/2019,505.82,-0.007826445
12/7/2019,501.17,-0.009192994
12/8/2019,504.44,0.006524732
12/9/2019,499.82,-0.009158671
12/10/2019,506.8,0.013965027
12/11/2019,489.76,-0.033622731
12/12/2019,493.53,0.007697648
12/13/2019,510.73,0.034850972
12/14/2019,508.61,-0.004150921
12/15/2019,493.96,-0.028803995
12/16/2019,461.63,-0.065450644
12/17/2019,415.16,-0.100665035
12/18/2019,467.95,0.127155795
12/19/2019,481.31,0.028550059
12/20/2019,490.35,0.018782074
12/21/2019,490.67,0.000652595
12/22/2019,505.51,0.03024436
12/23/2019,460.93,-0.088188166
12/24/2019,457.34,-0.007788601
12/25/2019,434.84,-0.049197534
12/26/2019,432.48,-0.005427284
12/27/2019,427.56,-0.011376249
12/28/2019,430.74,0.007437553
12/29/2019,448.31,0.040790268
12/30/2019,442.89,-0.012089849
12/31/2019,430.96,-0.026936711
1/1/2020,437.33,0.014780954
1/2/2020,425.44,-0.027187707
1/3/2020,433.53,0.019015607
1/4/2020,440.25,0.015500657
1/5/2020,442.09,0.004179443
1/6/2020,464.47,0.050623176
1/7/2020,469.89,0.011669214
1/8/2020,484.58,0.031262636
1/9/2020,462.12,-0.046349416
1/10/2020,476.68,0.031506968
1/11/2020,479.06,0.004992867
1/12/2020,496.23,0.035841022
1/13/2020,482.22,-0.028232876
1/14/2020,533.87,0.107108789
1/15/2020,533.83,-7.49E-05
1/16/2020,529.68,-0.00777401
1/17/2020,515.97,-0.025883552
1/18/2020,523.14,0.013896157
1/19/2020,507.21,-0.03045074
1/20/2020,483.52,-0.046706492
1/21/2020,484.07,0.001137492
1/22/2020,474.53,-0.019707893
1/23/2020,473.78,-0.001580511
1/24/2020,467.68,-0.012875174
1/25/2020,465.29,-0.005110332
1/26/2020,484.92,0.042188743
1/27/2020,487.37,0.00505238
1/28/2020,531.92,0.091408991
1/29/2020,522.53,-0.017653031
1/30/2020,551.77,0.05595851
1/31/2020,545.33,-0.01167153
2/1/2020,552.01,0.012249464
2/2/2020,558.67,0.012064999
2/3/2020,556.3,-0.004242218
2/4/2020,553.62,-0.004817544
2/5/2020,583.07,0.053195333
2/6/2020,574.18,-0.015246883
2/7/2020,583.16,0.015639695
2/8/2020,578.32,-0.008299609
2/9/2020,591.78,0.023274312
2/10/2020,574.16,-0.029774578
2/11/2020,585.55,0.019837676
2/12/2020,614.31,0.049116216
2/13/2020,625.76,0.018638798
2/14/2020,638.99,0.021142291
2/15/2020,607.28,-0.04962519
2/16/2020,634.71,0.045168621
2/17/2020,614.94,-0.031148083
2/18/2020,637.71,0.037028003
2/19/2020,644.51,0.010663154
2/20/2020,644.87,0.000558564
2/21/2020,636.63,-0.012777769
2/22/2020,642.52,0.009251842
2/23/2020,653.83,0.017602565
2/24/2020,635.57,-0.027927749
2/25/2020,591.94,-0.068647041
2/26/2020,543.49,-0.081849512
2/27/2020,565.6,0.040681521
2/28/2020,580.79,0.026856436
2/29/2020,556.42,-0.041960089
3/1/2020,544.03,-0.022267352
3/2/2020,571.86,0.051155267
3/3/2020,537.46,-0.060154583
3/4/2020,543.13,0.010549622
3/5/2020,546.77,0.006701895
3/6/2020,588.41,0.076156336
3/7/2020,612.81,0.041467684
3/8/2020,516.54,-0.157096
3/9/2020,514.05,-0.004820537
3/10/2020,507.52,-0.012703044
3/11/2020,490.48,-0.033575032
3/12/2020,216.41,-0.558779155
3/13/2020,272.75,0.260339171
3/14/2020,254.25,-0.067827681
3/15/2020,241.69,-0.049400197
3/16/2020,213.98,-0.114650999
3/17/2020,217.04,0.014300402
3/18/2020,206.91,-0.046673424
3/19/2020,262.17,0.26707264
3/20/2020,255.82,-0.024220925
3/21/2020,271.63,0.061801267
3/22/2020,255.66,-0.058793211
3/23/2020,270.3,0.057263553
3/24/2020,278.04,0.02863485
3/25/2020,278.77,0.002625522
3/26/2020,339.43,0.217598737
3/27/2020,312.21,-0.080193265
3/28/2020,308.96,-0.01040966
3/29/2020,290.38,-0.060137235
3/30/2020,295.87,0.018906261
3/31/2020,279.51,-0.055294555
4/1/2020,295.78,0.058209009
4/2/2020,300.45,0.015788762
4/3/2020,301.27,0.002729239
4/4/2020,319.28,0.059780264
4/5/2020,302.55,-0.052399148
4/6/2020,330.73,0.093141629
4/7/2020,325.24,-0.016599643
4/8/2020,345.19,0.061339319
4/9/2020,341.01,-0.012109273
4/10/2020,335.3,-0.016744377
4/11/2020,308.84,-0.078914405
4/12/2020,301.78,-0.022859733
4/13/2020,300.9,-0.002916032
4/14/2020,299.02,-0.006247923
4/15/2020,290.58,-0.028225537
4/16/2020,301.89,0.038922156
4/17/2020,302.45,0.00185498
4/18/2020,326.97,0.081071251
4/19/2020,324.23,-0.008379974
4/20/2020,305.17,-0.05878543
4/21/2020,311.76,0.021594521
4/22/2020,326.73,0.048017706
4/23/2020,327.6,0.002662749
4/24/2020,338.42,0.033028083
4/25/2020,337.43,-0.002925359
4/26/2020,345.88,0.025042231
4/27/2020,340.71,-0.014947381
4/28/2020,342.63,0.005635291
4/29/2020,353.19,0.030820419
4/30/2020,338.79,-0.040771256
5/1/2020,356.3,0.051683934
5/2/2020,359.15,0.007998877
5/3/2020,373.34,0.039509954
5/4/2020,349.28,-0.064445278
5/5/2020,336.7,-0.036016949
5/6/2020,332.05,-0.013810514
5/7/2020,344.5,0.037494353
5/8/2020,339.22,-0.01532656
5/9/2020,341.73,0.007399328
5/10/2020,329.03,-0.037163843
5/11/2020,317.17,-0.036045345
5/12/2020,322.41,0.016521109
5/13/2020,328.61,0.019230173
5/14/2020,331.98,0.010255318
5/15/2020,324.67,-0.022019399
5/16/2020,335.12,0.032186528
5/17/2020,340.58,0.016292671
5/18/2020,327.38,-0.038757414
5/19/2020,332.37,0.015242226
5/20/2020,331.38,-0.002978608
5/21/2020,319.16,-0.036876094
5/22/2020,321.98,0.008835694
5/23/2020,339.66,0.054910243
5/24/2020,326.2,-0.039627863
5/25/2020,345.82,0.060147149
5/26/2020,338.38,-0.021514082
5/27/2020,347.28,0.026301791
5/28/2020,354.98,0.022172311
5/29/2020,486.02,0.369147558
5/30/2020,511.98,0.05341344
5/31/2020,461.11,-0.09935935
6/1/2020,460.38,-0.001583136
6/2/2020,443.39,-0.036904296
6/3/2020,426.66,-0.037732019
6/4/2020,426.76,0.000234379
6/5/2020,478.54,0.121332833
6/6/2020,493.92,0.032139424
6/7/2020,543.57,0.100522352
6/8/2020,554.95,0.020935666
6/9/2020,691.58,0.246202361
6/10/2020,668.95,-0.032722172
6/11/2020,607.82,-0.091382017
6/12/2020,592.75,-0.024793524
6/13/2020,551.96,-0.068814846
6/14/2020,513.81,-0.069117327
6/15/2020,549.07,0.068624589
6/16/2020,541.16,-0.014406178
6/17/2020,539.86,-0.002402247
6/18/2020,527.51,-0.022876301
6/19/2020,514.02,-0.025572975
6/20/2020,520.74,0.013073421
6/21/2020,513.31,-0.014268157
6/22/2020,523.74,0.020319105
6/23/2020,505.14,-0.035513805
6/24/2020,484.58,-0.040701588
6/25/2020,462.36,-0.045854142
6/26/2020,454.79,-0.016372524
6/27/2020,445.98,-0.019371578
6/28/2020,448.59,0.00585228
6/29/2020,454.88,0.014021712
6/30/2020,455.85,0.002132431
7/1/2020,448.56,-0.015992103
7/2/2020,443.9,-0.0103888
7/3/2020,446.48,0.00581212
7/4/2020,485.71,0.087865078
7/5/2020,470.33,-0.031664985
7/6/2020,467.54,-0.005932005
7/7/2020,458.61,-0.01909997
7/8/2020,459.78,0.002551187
7/9/2020,455.27,-0.009809039
7/10/2020,452.19,-0.006765216
7/11/2020,472.57,0.04506955
7/12/2020,460.06,-0.026472269
7/13/2020,450.04,-0.021779768
7/14/2020,463.69,0.030330637
7/15/2020,457.6,-0.013133775
7/16/2020,443.34,-0.031162587
7/17/2020,449.43,0.013736636
7/18/2020,454.02,0.010212936
7/19/2020,465.58,0.025461433
7/20/2020,451.79,-0.02961897
7/21/2020,457.68,0.01303703
7/22/2020,491.16,0.073151547
7/23/2020,529.07,0.077184624
7/24/2020,515.08,-0.026442626
7/25/2020,525.1,0.019453289
7/26/2020,520.87,-0.008055608
7/27/2020,511.3,-0.018373107
7/28/2020,516.13,0.009446509
7/29/2020,545.56,0.057020518
7/30/2020,569.18,0.043294963
7/31/2020,557.34,-0.020801855
8/1/2020,592.02,0.062224136
8/2/2020,567.53,-0.041366846
8/3/2020,592.87,0.044649622
8/4/2020,585.52,-0.012397322
8/5/2020,594.86,0.015951633
8/6/2020,586.13,-0.014675722
8/7/2020,580.72,-0.009230034
8/8/2020,583.65,0.005045461
8/9/2020,598.39,0.025254862
8/10/2020,625.34,0.045037517
8/11/2020,597.23,-0.044951546
8/12/2020,728.76,0.220233411
8/13/2020,797.32,0.094077611
8/14/2020,730.12,-0.084282346
8/15/2020,694.1,-0.049334356
8/16/2020,694.8,0.0010085
8/17/2020,688.67,-0.008822683
8/18/2020,673.35,-0.022245778
8/19/2020,652.4,-0.031113091
8/20/2020,665.88,0.02066217
8/21/2020,605.3,-0.090977353
8/22/2020,639.63,0.056715678
8/23/2020,635.77,-0.006034739
8/24/2020,681.25,0.071535304
8/25/2020,641.2,-0.058788991
8/26/2020,643.07,0.002916407
8/27/2020,615.47,-0.042919122
8/28/2020,633.86,0.029879604
8/29/2020,631.53,-0.003675891
8/30/2020,677.75,0.073187339
8/31/2020,680.4,0.003909996
9/1/2020,718.89,0.056569665
9/2/2020,659.49,-0.082627384
9/3/2020,575.15,-0.1278867
9/4/2020,588.69,0.023541685
9/5/2020,512.09,-0.130119418
9/6/2020,547.19,0.068542639
9/7/2020,528.41,-0.034320803
9/8/2020,508.86,-0.036997786
9/9/2020,523.83,0.029418701
9/10/2020,532.48,0.016512991
9/11/2020,523.73,-0.016432542
9/12/2020,514.99,-0.016687988
9/13/2020,499.24,-0.030583118
9/14/2020,485.01,-0.028503325
9/15/2020,456.04,-0.059730727
9/16/2020,476.22,0.044250504
9/17/2020,503.84,0.057998404
9/18/2020,499.94,-0.007740553
9/19/2020,515.06,0.030243629
9/20/2020,475.5,-0.076806586
9/21/2020,455.23,-0.042628812
9/22/2020,461.1,0.012894581
9/23/2020,427.03,-0.073888527
9/24/2020,471.29,0.103646114
9/25/2020,487.78,0.034989073
9/26/2020,507,0.03940301
9/27/2020,487.73,-0.03800789
9/28/2020,516.38,0.058741517
9/29/2020,526.71,0.020004648
9/30/2020,569.27,0.080803478
10/1/2020,574.57,0.009310169
10/2/2020,553.8,-0.036148772
10/3/2020,557.53,0.006735283
10/4/2020,570.92,0.024016645
10/5/2020,558.21,-0.022262313
10/6/2020,511.77,-0.083194497
10/7/2020,516.04,0.008343592
10/8/2020,523.33,0.014126812
10/9/2020,552.08,0.054936656
10/10/2020,570.78,0.033871903
10/11/2020,576.67,0.010319212
10/12/2020,561.9,-0.025612569
10/13/2020,553.05,-0.015750133
10/14/2020,556.94,0.007033722
10/15/2020,552.16,-0.008582612
10/16/2020,540.96,-0.020283976
10/17/2020,552,0.020408163
10/18/2020,568.4,0.029710145
10/19/2020,566.78,-0.002850106
10/20/2020,545.19,-0.038092382
10/21/2020,563.49,0.03356628
10/22/2020,586.81,0.04138494
10/23/2020,587.55,0.001261056
10/24/2020,594.3,0.011488384
10/25/2020,579.51,-0.024886421
10/26/2020,568.65,-0.01873997
10/27/2020,587.21,0.032638706
10/28/2020,545.89,-0.070366649
10/29/2020,531.49,-0.026378941
10/30/2020,520.53,-0.020621272
10/31/2020,523.31,0.00534071
11/1/2020,543.07,0.037759645
11/2/2020,520.4,-0.041744158
11/3/2020,520.84,0.000845503
11/4/2020,521.57,0.001401582
11/5/2020,529.95,0.016066875
11/6/2020,539.62,0.018247004
11/7/2020,519.54,-0.037211371
11/8/2020,534.38,0.028563729
11/9/2020,523.28,-0.020771735
11/10/2020,550.35,0.051731387
11/11/2020,543.88,-0.011756155
11/12/2020,533.38,-0.019305729
11/13/2020,553.88,0.038434137
11/14/2020,528.82,-0.045244457
11/15/2020,515.98,-0.024280474
11/16/2020,514.77,-0.002345052
11/17/2020,525.27,0.020397459
11/18/2020,510.5,-0.028118872
11/19/2020,509.14,-0.002664055
11/20/2020,516.62,0.01469144
11/21/2020,536.67,0.038809957
11/22/2020,555.58,0.035235806
11/23/2020,592.81,0.067011052
11/24/2020,595,0.00369427
11/25/2020,563,-0.053781513
11/26/2020,528.24,-0.061740675
11/27/2020,515.07,-0.024931849
11/28/2020,522.87,0.015143573
11/29/2020,536.3,0.025685161
11/30/2020,559.09,0.042494872
12/1/2020,524.68,-0.061546442
12/2/2020,549.94,0.04814363
12/3/2020,591.06,0.074771793
12/4/2020,525.83,-0.110361046
12/5/2020,533.64,0.014852709
12/6/2020,529.09,-0.008526347
12/7/2020,519.99,-0.017199342
12/8/2020,502.06,-0.034481432
12/9/2020,506.5,0.008843565
12/10/2020,523.84,0.034234946
12/11/2020,503.95,-0.037969609
12/12/2020,513.74,0.01942653
12/13/2020,526.56,0.024954257
12/14/2020,540.29,0.026074901
12/15/2020,530.92,-0.017342538
12/16/2020,539.07,0.015350712
12/17/2020,537.94,-0.002096203
12/18/2020,569.11,0.057943265
12/19/2020,566.74,-0.004164397
12/20/2020,546.53,-0.035660091
12/21/2020,526.62,-0.036429839
12/22/2020,548.77,0.042060689
12/23/2020,517.86,-0.056325965
12/24/2020,527.54,0.018692311
12/25/2020,530.75,0.006084847
12/26/2020,536.67,0.011154027
12/27/2020,564.38,0.05163322
12/28/2020,584.04,0.034834686
12/29/2020,564.55,-0.033371002
12/30/2020,576.02,0.020317067
12/31/2020,586.96,0.018992396
1/1/2021,582.22,-0.008075508
1/2/2021,609.31,0.046528804
1/3/2021,678.72,0.113915741
1/4/2021,682.63,0.005760844
1/5/2021,762.64,0.117208444
1/6/2021,1023.96,0.342651841
1/7/2021,1064.73,0.039816008
1/8/2021,1045.07,-0.018464775
1/9/2021,1578.58,0.510501689
1/10/2021,1514.96,-0.040302044
1/11/2021,1408.39,-0.070345092
1/12/2021,1483.14,0.053074788
1/13/2021,1545.03,0.041729034
1/14/2021,1591.17,0.029863498
1/15/2021,1476.6,-0.07200362
1/16/2021,1489.27,0.008580523
1/17/2021,1440.74,-0.032586435
1/18/2021,1424.22,-0.01146633
1/19/2021,1404.44,-0.013888304
1/20/2021,1398.7,-0.004087038
1/21/2021,1156.59,-0.173096447
1/22/2021,1405.61,0.215305337
1/23/2021,1379.59,-0.018511536
1/24/2021,1454.25,0.054117528
1/25/2021,1371.63,-0.05681279
1/26/2021,1475.1,0.075435795
1/27/2021,1329.17,-0.098928886
1/28/2021,1409.97,0.060789816
1/29/2021,1406.73,-0.002297921
1/30/2021,1578.17,0.12187129
1/31/2021,1480.81,-0.061691706
2/1/2021,1474.69,-0.004132873
2/2/2021,1698.54,0.151794614
2/3/2021,1763.66,0.038338809
2/4/2021,2088.43,0.18414547
2/5/2021,2692.8,0.289389637
2/6/2021,2511.33,-0.06739082
2/7/2021,2470.95,-0.016079129
2/8/2021,2499.43,0.011525931
2/9/2021,2565.35,0.026374013
2/10/2021,2530.2,-0.013701834
2/11/2021,2546.46,0.006426369
2/12/2021,2743.64,0.077432985
2/13/2021,2596.91,-0.053480048
2/14/2021,2526.09,-0.027270872
2/15/2021,2466.89,-0.023435428
2/16/2021,2488.56,0.00878434
2/17/2021,2607.96,0.047979554
2/18/2021,2625.19,0.006606696
2/19/2021,2567.43,-0.022002217
2/20/2021,2606.13,0.015073439
2/21/2021,2616.08,0.003817922
2/22/2021,2377.04,-0.091373352
2/23/2021,2219.51,-0.066271497
2/24/2021,2233.77,0.006424842
2/25/2021,2033.24,-0.089772
2/26/2021,1953.7,-0.039119828
2/27/2021,1979.73,0.013323438
2/28/2021,2029.31,0.025043819
3/1/2021,2172.82,0.070718619
3/2/2021,2173.16,0.000156479
3/3/2021,2198.98,0.011881316
3/4/2021,2199.04,2.73E-05
3/5/2021,2063.33,-0.061713293
3/6/2021,2237.46,0.084392705
3/7/2021,2231.46,-0.002681612
3/8/2021,2188.54,-0.019234044
3/9/2021,2258.47,0.031952809
3/10/2021,2256.74,-0.000766005
3/11/2021,2227.02,-0.013169439
3/12/2021,2139.25,-0.039411411
3/13/2021,2175.57,0.016977913
3/14/2021,2057.5,-0.054270835
3/15/2021,1995.93,-0.029924666
3/16/2021,2067.21,0.035712675
3/17/2021,2107.91,0.019688372
3/18/2021,2112.71,0.002277137
3/19/2021,2105.64,-0.003346413
3/20/2021,2140.34,0.01647955
3/21/2021,2103.98,-0.016987955
3/22/2021,1976.52,-0.060580424
3/23/2021,2017.28,0.020622103
3/24/2021,1826.34,-0.094652205
3/25/2021,1890.32,0.035031812
3/26/2021,1982.31,0.048663718
3/27/2021,2146.17,0.082661138
3/28/2021,2063.13,-0.038692182
3/29/2021,2090.22,0.013130535
3/30/2021,2082.05,-0.003908679
3/31/2021,2103.51,0.010307149
4/1/2021,2302.54,0.094618043
4/2/2021,2483.64,0.078652271
4/3/2021,2237.21,-0.099221304
4/4/2021,2308.02,0.03165103
4/5/2021,2328.59,0.008912401
4/6/2021,2295.12,-0.014373505
4/7/2021,2103.18,-0.083629614
4/8/2021,2201.72,0.046852861
4/9/2021,2224.55,0.010369166
4/10/2021,2231.51,0.003128723
4/11/2021,2277.49,0.020604882
4/12/2021,2657.88,0.16702159
4/13/2021,2574.44,-0.031393441
4/14/2021,2682.37,0.04192368
4/15/2021,3770.8,0.405771762
4/16/2021,3381.33,-0.103285775
4/17/2021,3341.22,-0.011862196
4/18/2021,3233.73,-0.032170884
4/19/2021,3520.08,0.088550992
4/20/2021,3452.38,-0.019232517
4/21/2021,4020.19,0.164469149
4/22/2021,4034.26,0.003499835
4/23/2021,4079.54,0.011223868
4/24/2021,4009.41,-0.017190664
4/25/2021,3825.86,-0.045779803
4/26/2021,4020.17,0.050788581
4/27/2021,4520.3,0.124405187
4/28/2021,4406.94,-0.025077982
4/29/2021,4259.75,-0.033399592
4/30/2021,4355.27,0.022423851
5/1/2021,4777.09,0.096852778
5/2/2021,4902.87,0.026329837
5/3/2021,6012.46,0.226314383
5/4/2021,5251.64,-0.126540551
5/5/2021,5411.55,0.030449536
5/6/2021,5049.03,-0.066990049
5/7/2021,5081.07,0.006345773
5/8/2021,5607.19,0.103545119
5/9/2021,5282.58,-0.057891743
5/10/2021,4993.97,-0.054634289
5/11/2021,5378.7,0.077038909
5/12/2021,4870.02,-0.094573038
5/13/2021,4764.65,-0.021636461
5/14/2021,5009.06,0.051296528
5/15/2021,4601.49,-0.081366564
5/16/2021,4548.46,-0.011524528
5/17/2021,4249.34,-0.065762918
5/18/2021,4657.82,0.096127869
5/19/2021,3510.68,-0.246282596
5/20/2021,3956.25,0.126918432
5/21/2021,3116.38,-0.212289415
5/22/2021,2767.62,-0.111911898
5/23/2021,2736.42,-0.011273224
5/24/2021,4176.24,0.526169228
5/25/2021,3865.09,-0.074504818
5/26/2021,3973.24,0.027981237
5/27/2021,3704.65,-0.067599742
5/28/2021,3250.11,-0.122694452
5/29/2021,3059.17,-0.058748781
5/30/2021,3309.95,0.081976484
5/31/2021,3592.3,0.085303403
6/1/2021,3597.72,0.001508783
6/2/2021,3560.78,-0.010267614
6/3/2021,3656.25,0.026811541
6/4/2021,3729.45,0.020020513
6/5/2021,3560.81,-0.045218464
6/6/2021,3617.61,0.015951427
6/7/2021,3301.1,-0.087491465
6/8/2021,3251.08,-0.015152525
6/9/2021,3324.82,0.022681693
6/10/2021,3116.09,-0.062779338
6/11/2021,2920.7,-0.06270358
6/12/2021,2937.65,0.005803403
6/13/2021,3147.63,0.071478903
6/14/2021,3190.8,0.013715081
6/15/2021,3223.14,0.010135389
6/16/2021,2944.64,-0.086406424
6/17/2021,2912.53,-0.010904559
6/18/2021,2686.8,-0.077503064
6/19/2021,2596.77,-0.033508263
6/20/2021,2707.93,0.042807026
6/21/2021,2102.01,-0.22375763
6/22/2021,2261.65,0.075946356
6/23/2021,2361.18,0.044007693
6/24/2021,2235.19,-0.053358914
6/25/2021,1974.73,-0.116527007
6/26/2021,2005.61,0.015637581
6/27/2021,2130.05,0.062045961
6/28/2021,2213.49,0.039172789
6/29/2021,2410.92,0.089193988
6/30/2021,2668.58,0.106872065
7/1/2021,2508.45,-0.060005696
7/2/2021,2580.66,0.028786701
7/3/2021,2635.03,0.021068254
7/4/2021,2798.52,0.062044834
7/5/2021,2750.07,-0.017312722
7/6/2021,2747.3,-0.001007247
7/7/2021,2856.12,0.039609799
7/8/2021,2661.63,-0.068095878
7/9/2021,2701.4,0.014941972
7/10/2021,2667.52,-0.012541645
7/11/2021,2667.41,-4.12E-05
7/12/2021,2608.42,-0.022115085
7/13/2021,2523.9,-0.032402757
7/14/2021,2515.1,-0.003486667
7/15/2021,2560.9,0.018210012
7/16/2021,2424.09,-0.053422625
7/17/2021,2424.45,0.000148509
7/18/2021,2471.35,0.019344594
7/19/2021,2283.06,-0.076189127
7/20/2021,2190.36,-0.040603401
7/21/2021,2434.08,0.11126938
7/22/2021,2438.97,0.002008973
7/23/2021,2514.4,0.03092699
7/24/2021,2577.71,0.025178969
7/25/2021,2568.89,-0.003421642
7/26/2021,2603.85,0.013608991
7/27/2021,2685.88,0.031503351
7/28/2021,2653.45,-0.012074255
7/29/2021,2895.59,0.091254782
7/30/2021,2917.43,0.007542504
7/31/2021,2987.26,0.02393545
8/1/2021,2921.9,-0.021879582
8/2/2021,2922.26,0.000123208
8/3/2021,2779.85,-0.04873283
8/4/2021,2970.52,0.068590032
8/5/2021,3278.27,0.10360139
8/6/2021,3250.06,-0.008605148
8/7/2021,3400.42,0.046263761
8/8/2021,3232.09,-0.049502708
8/9/2021,3366.4,0.041555155
8/10/2021,3396.09,0.00881951
8/11/2021,3370.39,-0.007567526
8/12/2021,3247.58,-0.03643792
8/13/2021,3708.35,0.141881031
8/14/2021,3868.42,0.04316475
8/15/2021,3805.48,-0.016270209
8/16/2021,3587.99,-0.057151792
8/17/2021,3453.95,-0.037357964
8/18/2021,3524.51,0.020428784
8/19/2021,3740.34,0.061236881
8/20/2021,3813.08,0.01944743
8/21/2021,3870.4,0.015032467
8/22/2021,3813.73,-0.014641897
8/23/2021,3876.78,0.016532371
8/24/2021,3633,-0.062882083
8/25/2021,3695.25,0.0171346
8/26/2021,3591.64,-0.028038698
8/27/2021,3746.96,0.043244869
8/28/2021,3608.77,-0.036880565
8/29/2021,3456.22,-0.042272021
8/30/2021,3355,-0.02928633
8/31/2021,3525.93,0.050947839
9/1/2021,3694.88,0.047916436
9/2/2021,3553.3,-0.038317889
9/3/2021,3646.68,0.026279796
9/4/2021,3550.29,-0.026432262
9/5/2021,3720.98,0.048077763
9/6/2021,3622.33,-0.026511833
9/7/2021,3048.94,-0.158293143
9/8/2021,3016.73,-0.010564327
9/9/2021,2938.11,-0.026061331
9/10/2021,2780.36,-0.053690978
9/11/2021,2843.38,0.02266613
9/12/2021,2876.46,0.011634041
9/13/2021,2809.29,-0.02335162
9/14/2021,2923.86,0.040782546
9/15/2021,3069.03,0.04965012
9/16/2021,2970.84,-0.031993822
9/17/2021,2787.79,-0.06161557
9/18/2021,2841.41,0.019233873
9/19/2021,2768.09,-0.02580409
9/20/2021,2418.97,-0.126123067
9/21/2021,2287.37,-0.05440332
9/22/2021,2530.33,0.106218058
9/23/2021,2489.77,-0.01602953
9/24/2021,2295.26,-0.078123682
9/25/2021,2265.18,-0.013105269
9/26/2021,2346.11,0.035727845
9/27/2021,2248.05,-0.041796847
9/28/2021,2225.2,-0.010164365
9/29/2021,2227.24,0.000916772
9/30/2021,2282.43,0.024779548
10/1/2021,2441.05,0.069496107
10/2/2021,2485.14,0.0180619
10/3/2021,2542.17,0.022948405
10/4/2021,2535.3,-0.002702416
10/5/2021,2544.34,0.003565653
10/6/2021,2491.79,-0.020653686
10/7/2021,2500,0.00329482
10/8/2021,2497.71,-0.000916
10/9/2021,2571.65,0.029603116
10/10/2021,2464.98,-0.041479206
10/11/2021,2449.78,-0.006166379
10/12/2021,2442.03,-0.003163549
10/13/2021,2492.38,0.020618092
10/14/2021,2539.5,0.018905624
10/15/2021,2564.86,0.009986218
10/16/2021,2594.5,0.011556186
10/17/2021,2550.84,-0.016827905
10/18/2021,2507.49,-0.016994402
10/19/2021,2494.57,-0.005152563
10/20/2021,2593.23,0.039549902
10/21/2021,2570.63,-0.008715
10/22/2021,2519.69,-0.019816154
10/23/2021,2527.55,0.003119431
10/24/2021,2440.21,-0.034555202
10/25/2021,2474.1,0.013888149
10/26/2021,2461.95,-0.004910877
10/27/2021,2227.94,-0.095050671
10/28/2021,2382.42,0.069337594
10/29/2021,2450.87,0.02873129
10/30/2021,2377.42,-0.02996895
